,video_id,video_name,image_width,image_height,frame_id,image_path
0,0,ADL-Rundle-6,1920,1080,0,./dataset/train/ADL-Rundle-6/img1/000001.jpg
1,0,ADL-Rundle-6,1920,1080,1,./dataset/train/ADL-Rundle-6/img1/000002.jpg
2,0,ADL-Rundle-6,1920,1080,2,./dataset/train/ADL-Rundle-6/img1/000003.jpg
3,0,ADL-Rundle-6,1920,1080,3,./dataset/train/ADL-Rundle-6/img1/000004.jpg
4,0,ADL-Rundle-6,1920,1080,4,./dataset/train/ADL-Rundle-6/img1/000005.jpg
5,0,ADL-Rundle-6,1920,1080,5,./dataset/train/ADL-Rundle-6/img1/000006.jpg
6,0,ADL-Rundle-6,1920,1080,6,./dataset/train/ADL-Rundle-6/img1/000007.jpg
7,0,ADL-Rundle-6,1920,1080,7,./dataset/train/ADL-Rundle-6/img1/000008.jpg
8,0,ADL-Rundle-6,1920,1080,8,./dataset/train/ADL-Rundle-6/img1/000009.jpg
9,0,ADL-Rundle-6,1920,1080,9,./dataset/train/ADL-Rundle-6/img1/000010.jpg
10,0,ADL-Rundle-6,1920,1080,10,./dataset/train/ADL-Rundle-6/img1/000011.jpg
11,0,ADL-Rundle-6,1920,1080,11,./dataset/train/ADL-Rundle-6/img1/000012.jpg
12,0,ADL-Rundle-6,1920,1080,12,./dataset/train/ADL-Rundle-6/img1/000013.jpg
13,0,ADL-Rundle-6,1920,1080,13,./dataset/train/ADL-Rundle-6/img1/000014.jpg
14,0,ADL-Rundle-6,1920,1080,14,./dataset/train/ADL-Rundle-6/img1/000015.jpg
15,0,ADL-Rundle-6,1920,1080,15,./dataset/train/ADL-Rundle-6/img1/000016.jpg
16,0,ADL-Rundle-6,1920,1080,16,./dataset/train/ADL-Rundle-6/img1/000017.jpg
17,0,ADL-Rundle-6,1920,1080,17,./dataset/train/ADL-Rundle-6/img1/000018.jpg
18,0,ADL-Rundle-6,1920,1080,18,./dataset/train/ADL-Rundle-6/img1/000019.jpg
19,0,ADL-Rundle-6,1920,1080,19,./dataset/train/ADL-Rundle-6/img1/000020.jpg
20,0,ADL-Rundle-6,1920,1080,20,./dataset/train/ADL-Rundle-6/img1/000021.jpg
21,0,ADL-Rundle-6,1920,1080,21,./dataset/train/ADL-Rundle-6/img1/000022.jpg
22,0,ADL-Rundle-6,1920,1080,22,./dataset/train/ADL-Rundle-6/img1/000023.jpg
23,0,ADL-Rundle-6,1920,1080,23,./dataset/train/ADL-Rundle-6/img1/000024.jpg
24,0,ADL-Rundle-6,1920,1080,24,./dataset/train/ADL-Rundle-6/img1/000025.jpg
25,0,ADL-Rundle-6,1920,1080,25,./dataset/train/ADL-Rundle-6/img1/000026.jpg
26,0,ADL-Rundle-6,1920,1080,26,./dataset/train/ADL-Rundle-6/img1/000027.jpg
27,0,ADL-Rundle-6,1920,1080,27,./dataset/train/ADL-Rundle-6/img1/000028.jpg
28,0,ADL-Rundle-6,1920,1080,28,./dataset/train/ADL-Rundle-6/img1/000029.jpg
29,0,ADL-Rundle-6,1920,1080,29,./dataset/train/ADL-Rundle-6/img1/000030.jpg
30,0,ADL-Rundle-6,1920,1080,30,./dataset/train/ADL-Rundle-6/img1/000031.jpg
31,0,ADL-Rundle-6,1920,1080,31,./dataset/train/ADL-Rundle-6/img1/000032.jpg
32,0,ADL-Rundle-6,1920,1080,32,./dataset/train/ADL-Rundle-6/img1/000033.jpg
33,0,ADL-Rundle-6,1920,1080,33,./dataset/train/ADL-Rundle-6/img1/000034.jpg
34,0,ADL-Rundle-6,1920,1080,34,./dataset/train/ADL-Rundle-6/img1/000035.jpg
35,0,ADL-Rundle-6,1920,1080,35,./dataset/train/ADL-Rundle-6/img1/000036.jpg
36,0,ADL-Rundle-6,1920,1080,36,./dataset/train/ADL-Rundle-6/img1/000037.jpg
37,0,ADL-Rundle-6,1920,1080,37,./dataset/train/ADL-Rundle-6/img1/000038.jpg
38,0,ADL-Rundle-6,1920,1080,38,./dataset/train/ADL-Rundle-6/img1/000039.jpg
39,0,ADL-Rundle-6,1920,1080,39,./dataset/train/ADL-Rundle-6/img1/000040.jpg
40,0,ADL-Rundle-6,1920,1080,40,./dataset/train/ADL-Rundle-6/img1/000041.jpg
41,0,ADL-Rundle-6,1920,1080,41,./dataset/train/ADL-Rundle-6/img1/000042.jpg
42,0,ADL-Rundle-6,1920,1080,42,./dataset/train/ADL-Rundle-6/img1/000043.jpg
43,0,ADL-Rundle-6,1920,1080,43,./dataset/train/ADL-Rundle-6/img1/000044.jpg
44,0,ADL-Rundle-6,1920,1080,44,./dataset/train/ADL-Rundle-6/img1/000045.jpg
45,0,ADL-Rundle-6,1920,1080,45,./dataset/train/ADL-Rundle-6/img1/000046.jpg
46,0,ADL-Rundle-6,1920,1080,46,./dataset/train/ADL-Rundle-6/img1/000047.jpg
47,0,ADL-Rundle-6,1920,1080,47,./dataset/train/ADL-Rundle-6/img1/000048.jpg
48,0,ADL-Rundle-6,1920,1080,48,./dataset/train/ADL-Rundle-6/img1/000049.jpg
49,0,ADL-Rundle-6,1920,1080,49,./dataset/train/ADL-Rundle-6/img1/000050.jpg
50,0,ADL-Rundle-6,1920,1080,50,./dataset/train/ADL-Rundle-6/img1/000051.jpg
51,0,ADL-Rundle-6,1920,1080,51,./dataset/train/ADL-Rundle-6/img1/000052.jpg
52,0,ADL-Rundle-6,1920,1080,52,./dataset/train/ADL-Rundle-6/img1/000053.jpg
53,0,ADL-Rundle-6,1920,1080,53,./dataset/train/ADL-Rundle-6/img1/000054.jpg
54,0,ADL-Rundle-6,1920,1080,54,./dataset/train/ADL-Rundle-6/img1/000055.jpg
55,0,ADL-Rundle-6,1920,1080,55,./dataset/train/ADL-Rundle-6/img1/000056.jpg
56,0,ADL-Rundle-6,1920,1080,56,./dataset/train/ADL-Rundle-6/img1/000057.jpg
57,0,ADL-Rundle-6,1920,1080,57,./dataset/train/ADL-Rundle-6/img1/000058.jpg
58,0,ADL-Rundle-6,1920,1080,58,./dataset/train/ADL-Rundle-6/img1/000059.jpg
59,0,ADL-Rundle-6,1920,1080,59,./dataset/train/ADL-Rundle-6/img1/000060.jpg
60,0,ADL-Rundle-6,1920,1080,60,./dataset/train/ADL-Rundle-6/img1/000061.jpg
61,0,ADL-Rundle-6,1920,1080,61,./dataset/train/ADL-Rundle-6/img1/000062.jpg
62,0,ADL-Rundle-6,1920,1080,62,./dataset/train/ADL-Rundle-6/img1/000063.jpg
63,0,ADL-Rundle-6,1920,1080,63,./dataset/train/ADL-Rundle-6/img1/000064.jpg
64,0,ADL-Rundle-6,1920,1080,64,./dataset/train/ADL-Rundle-6/img1/000065.jpg
65,0,ADL-Rundle-6,1920,1080,65,./dataset/train/ADL-Rundle-6/img1/000066.jpg
66,0,ADL-Rundle-6,1920,1080,66,./dataset/train/ADL-Rundle-6/img1/000067.jpg
67,0,ADL-Rundle-6,1920,1080,67,./dataset/train/ADL-Rundle-6/img1/000068.jpg
68,0,ADL-Rundle-6,1920,1080,68,./dataset/train/ADL-Rundle-6/img1/000069.jpg
69,0,ADL-Rundle-6,1920,1080,69,./dataset/train/ADL-Rundle-6/img1/000070.jpg
70,0,ADL-Rundle-6,1920,1080,70,./dataset/train/ADL-Rundle-6/img1/000071.jpg
71,0,ADL-Rundle-6,1920,1080,71,./dataset/train/ADL-Rundle-6/img1/000072.jpg
72,0,ADL-Rundle-6,1920,1080,72,./dataset/train/ADL-Rundle-6/img1/000073.jpg
73,0,ADL-Rundle-6,1920,1080,73,./dataset/train/ADL-Rundle-6/img1/000074.jpg
74,0,ADL-Rundle-6,1920,1080,74,./dataset/train/ADL-Rundle-6/img1/000075.jpg
75,0,ADL-Rundle-6,1920,1080,75,./dataset/train/ADL-Rundle-6/img1/000076.jpg
76,0,ADL-Rundle-6,1920,1080,76,./dataset/train/ADL-Rundle-6/img1/000077.jpg
77,0,ADL-Rundle-6,1920,1080,77,./dataset/train/ADL-Rundle-6/img1/000078.jpg
78,0,ADL-Rundle-6,1920,1080,78,./dataset/train/ADL-Rundle-6/img1/000079.jpg
79,0,ADL-Rundle-6,1920,1080,79,./dataset/train/ADL-Rundle-6/img1/000080.jpg
80,0,ADL-Rundle-6,1920,1080,80,./dataset/train/ADL-Rundle-6/img1/000081.jpg
81,0,ADL-Rundle-6,1920,1080,81,./dataset/train/ADL-Rundle-6/img1/000082.jpg
82,0,ADL-Rundle-6,1920,1080,82,./dataset/train/ADL-Rundle-6/img1/000083.jpg
83,0,ADL-Rundle-6,1920,1080,83,./dataset/train/ADL-Rundle-6/img1/000084.jpg
84,0,ADL-Rundle-6,1920,1080,84,./dataset/train/ADL-Rundle-6/img1/000085.jpg
85,0,ADL-Rundle-6,1920,1080,85,./dataset/train/ADL-Rundle-6/img1/000086.jpg
86,0,ADL-Rundle-6,1920,1080,86,./dataset/train/ADL-Rundle-6/img1/000087.jpg
87,0,ADL-Rundle-6,1920,1080,87,./dataset/train/ADL-Rundle-6/img1/000088.jpg
88,0,ADL-Rundle-6,1920,1080,88,./dataset/train/ADL-Rundle-6/img1/000089.jpg
89,0,ADL-Rundle-6,1920,1080,89,./dataset/train/ADL-Rundle-6/img1/000090.jpg
90,0,ADL-Rundle-6,1920,1080,90,./dataset/train/ADL-Rundle-6/img1/000091.jpg
91,0,ADL-Rundle-6,1920,1080,91,./dataset/train/ADL-Rundle-6/img1/000092.jpg
92,0,ADL-Rundle-6,1920,1080,92,./dataset/train/ADL-Rundle-6/img1/000093.jpg
93,0,ADL-Rundle-6,1920,1080,93,./dataset/train/ADL-Rundle-6/img1/000094.jpg
94,0,ADL-Rundle-6,1920,1080,94,./dataset/train/ADL-Rundle-6/img1/000095.jpg
95,0,ADL-Rundle-6,1920,1080,95,./dataset/train/ADL-Rundle-6/img1/000096.jpg
96,0,ADL-Rundle-6,1920,1080,96,./dataset/train/ADL-Rundle-6/img1/000097.jpg
97,0,ADL-Rundle-6,1920,1080,97,./dataset/train/ADL-Rundle-6/img1/000098.jpg
98,0,ADL-Rundle-6,1920,1080,98,./dataset/train/ADL-Rundle-6/img1/000099.jpg
99,0,ADL-Rundle-6,1920,1080,99,./dataset/train/ADL-Rundle-6/img1/000100.jpg
100,0,ADL-Rundle-6,1920,1080,100,./dataset/train/ADL-Rundle-6/img1/000101.jpg
101,0,ADL-Rundle-6,1920,1080,101,./dataset/train/ADL-Rundle-6/img1/000102.jpg
102,0,ADL-Rundle-6,1920,1080,102,./dataset/train/ADL-Rundle-6/img1/000103.jpg
103,0,ADL-Rundle-6,1920,1080,103,./dataset/train/ADL-Rundle-6/img1/000104.jpg
104,0,ADL-Rundle-6,1920,1080,104,./dataset/train/ADL-Rundle-6/img1/000105.jpg
105,0,ADL-Rundle-6,1920,1080,105,./dataset/train/ADL-Rundle-6/img1/000106.jpg
106,0,ADL-Rundle-6,1920,1080,106,./dataset/train/ADL-Rundle-6/img1/000107.jpg
107,0,ADL-Rundle-6,1920,1080,107,./dataset/train/ADL-Rundle-6/img1/000108.jpg
108,0,ADL-Rundle-6,1920,1080,108,./dataset/train/ADL-Rundle-6/img1/000109.jpg
109,0,ADL-Rundle-6,1920,1080,109,./dataset/train/ADL-Rundle-6/img1/000110.jpg
110,0,ADL-Rundle-6,1920,1080,110,./dataset/train/ADL-Rundle-6/img1/000111.jpg
111,0,ADL-Rundle-6,1920,1080,111,./dataset/train/ADL-Rundle-6/img1/000112.jpg
112,0,ADL-Rundle-6,1920,1080,112,./dataset/train/ADL-Rundle-6/img1/000113.jpg
113,0,ADL-Rundle-6,1920,1080,113,./dataset/train/ADL-Rundle-6/img1/000114.jpg
114,0,ADL-Rundle-6,1920,1080,114,./dataset/train/ADL-Rundle-6/img1/000115.jpg
115,0,ADL-Rundle-6,1920,1080,115,./dataset/train/ADL-Rundle-6/img1/000116.jpg
116,0,ADL-Rundle-6,1920,1080,116,./dataset/train/ADL-Rundle-6/img1/000117.jpg
117,0,ADL-Rundle-6,1920,1080,117,./dataset/train/ADL-Rundle-6/img1/000118.jpg
118,0,ADL-Rundle-6,1920,1080,118,./dataset/train/ADL-Rundle-6/img1/000119.jpg
119,0,ADL-Rundle-6,1920,1080,119,./dataset/train/ADL-Rundle-6/img1/000120.jpg
120,0,ADL-Rundle-6,1920,1080,120,./dataset/train/ADL-Rundle-6/img1/000121.jpg
121,0,ADL-Rundle-6,1920,1080,121,./dataset/train/ADL-Rundle-6/img1/000122.jpg
122,0,ADL-Rundle-6,1920,1080,122,./dataset/train/ADL-Rundle-6/img1/000123.jpg
123,0,ADL-Rundle-6,1920,1080,123,./dataset/train/ADL-Rundle-6/img1/000124.jpg
124,0,ADL-Rundle-6,1920,1080,124,./dataset/train/ADL-Rundle-6/img1/000125.jpg
125,0,ADL-Rundle-6,1920,1080,125,./dataset/train/ADL-Rundle-6/img1/000126.jpg
126,0,ADL-Rundle-6,1920,1080,126,./dataset/train/ADL-Rundle-6/img1/000127.jpg
127,0,ADL-Rundle-6,1920,1080,127,./dataset/train/ADL-Rundle-6/img1/000128.jpg
128,0,ADL-Rundle-6,1920,1080,128,./dataset/train/ADL-Rundle-6/img1/000129.jpg
129,0,ADL-Rundle-6,1920,1080,129,./dataset/train/ADL-Rundle-6/img1/000130.jpg
130,0,ADL-Rundle-6,1920,1080,130,./dataset/train/ADL-Rundle-6/img1/000131.jpg
131,0,ADL-Rundle-6,1920,1080,131,./dataset/train/ADL-Rundle-6/img1/000132.jpg
132,0,ADL-Rundle-6,1920,1080,132,./dataset/train/ADL-Rundle-6/img1/000133.jpg
133,0,ADL-Rundle-6,1920,1080,133,./dataset/train/ADL-Rundle-6/img1/000134.jpg
134,0,ADL-Rundle-6,1920,1080,134,./dataset/train/ADL-Rundle-6/img1/000135.jpg
135,0,ADL-Rundle-6,1920,1080,135,./dataset/train/ADL-Rundle-6/img1/000136.jpg
136,0,ADL-Rundle-6,1920,1080,136,./dataset/train/ADL-Rundle-6/img1/000137.jpg
137,0,ADL-Rundle-6,1920,1080,137,./dataset/train/ADL-Rundle-6/img1/000138.jpg
138,0,ADL-Rundle-6,1920,1080,138,./dataset/train/ADL-Rundle-6/img1/000139.jpg
139,0,ADL-Rundle-6,1920,1080,139,./dataset/train/ADL-Rundle-6/img1/000140.jpg
140,0,ADL-Rundle-6,1920,1080,140,./dataset/train/ADL-Rundle-6/img1/000141.jpg
141,0,ADL-Rundle-6,1920,1080,141,./dataset/train/ADL-Rundle-6/img1/000142.jpg
142,0,ADL-Rundle-6,1920,1080,142,./dataset/train/ADL-Rundle-6/img1/000143.jpg
143,0,ADL-Rundle-6,1920,1080,143,./dataset/train/ADL-Rundle-6/img1/000144.jpg
144,0,ADL-Rundle-6,1920,1080,144,./dataset/train/ADL-Rundle-6/img1/000145.jpg
145,0,ADL-Rundle-6,1920,1080,145,./dataset/train/ADL-Rundle-6/img1/000146.jpg
146,0,ADL-Rundle-6,1920,1080,146,./dataset/train/ADL-Rundle-6/img1/000147.jpg
147,0,ADL-Rundle-6,1920,1080,147,./dataset/train/ADL-Rundle-6/img1/000148.jpg
148,0,ADL-Rundle-6,1920,1080,148,./dataset/train/ADL-Rundle-6/img1/000149.jpg
149,0,ADL-Rundle-6,1920,1080,149,./dataset/train/ADL-Rundle-6/img1/000150.jpg
150,0,ADL-Rundle-6,1920,1080,150,./dataset/train/ADL-Rundle-6/img1/000151.jpg
151,0,ADL-Rundle-6,1920,1080,151,./dataset/train/ADL-Rundle-6/img1/000152.jpg
152,0,ADL-Rundle-6,1920,1080,152,./dataset/train/ADL-Rundle-6/img1/000153.jpg
153,0,ADL-Rundle-6,1920,1080,153,./dataset/train/ADL-Rundle-6/img1/000154.jpg
154,0,ADL-Rundle-6,1920,1080,154,./dataset/train/ADL-Rundle-6/img1/000155.jpg
155,0,ADL-Rundle-6,1920,1080,155,./dataset/train/ADL-Rundle-6/img1/000156.jpg
156,0,ADL-Rundle-6,1920,1080,156,./dataset/train/ADL-Rundle-6/img1/000157.jpg
157,0,ADL-Rundle-6,1920,1080,157,./dataset/train/ADL-Rundle-6/img1/000158.jpg
158,0,ADL-Rundle-6,1920,1080,158,./dataset/train/ADL-Rundle-6/img1/000159.jpg
159,0,ADL-Rundle-6,1920,1080,159,./dataset/train/ADL-Rundle-6/img1/000160.jpg
160,0,ADL-Rundle-6,1920,1080,160,./dataset/train/ADL-Rundle-6/img1/000161.jpg
161,0,ADL-Rundle-6,1920,1080,161,./dataset/train/ADL-Rundle-6/img1/000162.jpg
162,0,ADL-Rundle-6,1920,1080,162,./dataset/train/ADL-Rundle-6/img1/000163.jpg
163,0,ADL-Rundle-6,1920,1080,163,./dataset/train/ADL-Rundle-6/img1/000164.jpg
164,0,ADL-Rundle-6,1920,1080,164,./dataset/train/ADL-Rundle-6/img1/000165.jpg
165,0,ADL-Rundle-6,1920,1080,165,./dataset/train/ADL-Rundle-6/img1/000166.jpg
166,0,ADL-Rundle-6,1920,1080,166,./dataset/train/ADL-Rundle-6/img1/000167.jpg
167,0,ADL-Rundle-6,1920,1080,167,./dataset/train/ADL-Rundle-6/img1/000168.jpg
168,0,ADL-Rundle-6,1920,1080,168,./dataset/train/ADL-Rundle-6/img1/000169.jpg
169,0,ADL-Rundle-6,1920,1080,169,./dataset/train/ADL-Rundle-6/img1/000170.jpg
170,0,ADL-Rundle-6,1920,1080,170,./dataset/train/ADL-Rundle-6/img1/000171.jpg
171,0,ADL-Rundle-6,1920,1080,171,./dataset/train/ADL-Rundle-6/img1/000172.jpg
172,0,ADL-Rundle-6,1920,1080,172,./dataset/train/ADL-Rundle-6/img1/000173.jpg
173,0,ADL-Rundle-6,1920,1080,173,./dataset/train/ADL-Rundle-6/img1/000174.jpg
174,0,ADL-Rundle-6,1920,1080,174,./dataset/train/ADL-Rundle-6/img1/000175.jpg
175,0,ADL-Rundle-6,1920,1080,175,./dataset/train/ADL-Rundle-6/img1/000176.jpg
176,0,ADL-Rundle-6,1920,1080,176,./dataset/train/ADL-Rundle-6/img1/000177.jpg
177,0,ADL-Rundle-6,1920,1080,177,./dataset/train/ADL-Rundle-6/img1/000178.jpg
178,0,ADL-Rundle-6,1920,1080,178,./dataset/train/ADL-Rundle-6/img1/000179.jpg
179,0,ADL-Rundle-6,1920,1080,179,./dataset/train/ADL-Rundle-6/img1/000180.jpg
180,0,ADL-Rundle-6,1920,1080,180,./dataset/train/ADL-Rundle-6/img1/000181.jpg
181,0,ADL-Rundle-6,1920,1080,181,./dataset/train/ADL-Rundle-6/img1/000182.jpg
182,0,ADL-Rundle-6,1920,1080,182,./dataset/train/ADL-Rundle-6/img1/000183.jpg
183,0,ADL-Rundle-6,1920,1080,183,./dataset/train/ADL-Rundle-6/img1/000184.jpg
184,0,ADL-Rundle-6,1920,1080,184,./dataset/train/ADL-Rundle-6/img1/000185.jpg
185,0,ADL-Rundle-6,1920,1080,185,./dataset/train/ADL-Rundle-6/img1/000186.jpg
186,0,ADL-Rundle-6,1920,1080,186,./dataset/train/ADL-Rundle-6/img1/000187.jpg
187,0,ADL-Rundle-6,1920,1080,187,./dataset/train/ADL-Rundle-6/img1/000188.jpg
188,0,ADL-Rundle-6,1920,1080,188,./dataset/train/ADL-Rundle-6/img1/000189.jpg
189,0,ADL-Rundle-6,1920,1080,189,./dataset/train/ADL-Rundle-6/img1/000190.jpg
190,0,ADL-Rundle-6,1920,1080,190,./dataset/train/ADL-Rundle-6/img1/000191.jpg
191,0,ADL-Rundle-6,1920,1080,191,./dataset/train/ADL-Rundle-6/img1/000192.jpg
192,0,ADL-Rundle-6,1920,1080,192,./dataset/train/ADL-Rundle-6/img1/000193.jpg
193,0,ADL-Rundle-6,1920,1080,193,./dataset/train/ADL-Rundle-6/img1/000194.jpg
194,0,ADL-Rundle-6,1920,1080,194,./dataset/train/ADL-Rundle-6/img1/000195.jpg
195,0,ADL-Rundle-6,1920,1080,195,./dataset/train/ADL-Rundle-6/img1/000196.jpg
196,0,ADL-Rundle-6,1920,1080,196,./dataset/train/ADL-Rundle-6/img1/000197.jpg
197,0,ADL-Rundle-6,1920,1080,197,./dataset/train/ADL-Rundle-6/img1/000198.jpg
198,0,ADL-Rundle-6,1920,1080,198,./dataset/train/ADL-Rundle-6/img1/000199.jpg
199,0,ADL-Rundle-6,1920,1080,199,./dataset/train/ADL-Rundle-6/img1/000200.jpg
200,0,ADL-Rundle-6,1920,1080,200,./dataset/train/ADL-Rundle-6/img1/000201.jpg
201,0,ADL-Rundle-6,1920,1080,201,./dataset/train/ADL-Rundle-6/img1/000202.jpg
202,0,ADL-Rundle-6,1920,1080,202,./dataset/train/ADL-Rundle-6/img1/000203.jpg
203,0,ADL-Rundle-6,1920,1080,203,./dataset/train/ADL-Rundle-6/img1/000204.jpg
204,0,ADL-Rundle-6,1920,1080,204,./dataset/train/ADL-Rundle-6/img1/000205.jpg
205,0,ADL-Rundle-6,1920,1080,205,./dataset/train/ADL-Rundle-6/img1/000206.jpg
206,0,ADL-Rundle-6,1920,1080,206,./dataset/train/ADL-Rundle-6/img1/000207.jpg
207,0,ADL-Rundle-6,1920,1080,207,./dataset/train/ADL-Rundle-6/img1/000208.jpg
208,0,ADL-Rundle-6,1920,1080,208,./dataset/train/ADL-Rundle-6/img1/000209.jpg
209,0,ADL-Rundle-6,1920,1080,209,./dataset/train/ADL-Rundle-6/img1/000210.jpg
210,0,ADL-Rundle-6,1920,1080,210,./dataset/train/ADL-Rundle-6/img1/000211.jpg
211,0,ADL-Rundle-6,1920,1080,211,./dataset/train/ADL-Rundle-6/img1/000212.jpg
212,0,ADL-Rundle-6,1920,1080,212,./dataset/train/ADL-Rundle-6/img1/000213.jpg
213,0,ADL-Rundle-6,1920,1080,213,./dataset/train/ADL-Rundle-6/img1/000214.jpg
214,0,ADL-Rundle-6,1920,1080,214,./dataset/train/ADL-Rundle-6/img1/000215.jpg
215,0,ADL-Rundle-6,1920,1080,215,./dataset/train/ADL-Rundle-6/img1/000216.jpg
216,0,ADL-Rundle-6,1920,1080,216,./dataset/train/ADL-Rundle-6/img1/000217.jpg
217,0,ADL-Rundle-6,1920,1080,217,./dataset/train/ADL-Rundle-6/img1/000218.jpg
218,0,ADL-Rundle-6,1920,1080,218,./dataset/train/ADL-Rundle-6/img1/000219.jpg
219,0,ADL-Rundle-6,1920,1080,219,./dataset/train/ADL-Rundle-6/img1/000220.jpg
220,0,ADL-Rundle-6,1920,1080,220,./dataset/train/ADL-Rundle-6/img1/000221.jpg
221,0,ADL-Rundle-6,1920,1080,221,./dataset/train/ADL-Rundle-6/img1/000222.jpg
222,0,ADL-Rundle-6,1920,1080,222,./dataset/train/ADL-Rundle-6/img1/000223.jpg
223,0,ADL-Rundle-6,1920,1080,223,./dataset/train/ADL-Rundle-6/img1/000224.jpg
224,0,ADL-Rundle-6,1920,1080,224,./dataset/train/ADL-Rundle-6/img1/000225.jpg
225,0,ADL-Rundle-6,1920,1080,225,./dataset/train/ADL-Rundle-6/img1/000226.jpg
226,0,ADL-Rundle-6,1920,1080,226,./dataset/train/ADL-Rundle-6/img1/000227.jpg
227,0,ADL-Rundle-6,1920,1080,227,./dataset/train/ADL-Rundle-6/img1/000228.jpg
228,0,ADL-Rundle-6,1920,1080,228,./dataset/train/ADL-Rundle-6/img1/000229.jpg
229,0,ADL-Rundle-6,1920,1080,229,./dataset/train/ADL-Rundle-6/img1/000230.jpg
230,0,ADL-Rundle-6,1920,1080,230,./dataset/train/ADL-Rundle-6/img1/000231.jpg
231,0,ADL-Rundle-6,1920,1080,231,./dataset/train/ADL-Rundle-6/img1/000232.jpg
232,0,ADL-Rundle-6,1920,1080,232,./dataset/train/ADL-Rundle-6/img1/000233.jpg
233,0,ADL-Rundle-6,1920,1080,233,./dataset/train/ADL-Rundle-6/img1/000234.jpg
234,0,ADL-Rundle-6,1920,1080,234,./dataset/train/ADL-Rundle-6/img1/000235.jpg
235,0,ADL-Rundle-6,1920,1080,235,./dataset/train/ADL-Rundle-6/img1/000236.jpg
236,0,ADL-Rundle-6,1920,1080,236,./dataset/train/ADL-Rundle-6/img1/000237.jpg
237,0,ADL-Rundle-6,1920,1080,237,./dataset/train/ADL-Rundle-6/img1/000238.jpg
238,0,ADL-Rundle-6,1920,1080,238,./dataset/train/ADL-Rundle-6/img1/000239.jpg
239,0,ADL-Rundle-6,1920,1080,239,./dataset/train/ADL-Rundle-6/img1/000240.jpg
240,0,ADL-Rundle-6,1920,1080,240,./dataset/train/ADL-Rundle-6/img1/000241.jpg
241,0,ADL-Rundle-6,1920,1080,241,./dataset/train/ADL-Rundle-6/img1/000242.jpg
242,0,ADL-Rundle-6,1920,1080,242,./dataset/train/ADL-Rundle-6/img1/000243.jpg
243,0,ADL-Rundle-6,1920,1080,243,./dataset/train/ADL-Rundle-6/img1/000244.jpg
244,0,ADL-Rundle-6,1920,1080,244,./dataset/train/ADL-Rundle-6/img1/000245.jpg
245,0,ADL-Rundle-6,1920,1080,245,./dataset/train/ADL-Rundle-6/img1/000246.jpg
246,0,ADL-Rundle-6,1920,1080,246,./dataset/train/ADL-Rundle-6/img1/000247.jpg
247,0,ADL-Rundle-6,1920,1080,247,./dataset/train/ADL-Rundle-6/img1/000248.jpg
248,0,ADL-Rundle-6,1920,1080,248,./dataset/train/ADL-Rundle-6/img1/000249.jpg
249,0,ADL-Rundle-6,1920,1080,249,./dataset/train/ADL-Rundle-6/img1/000250.jpg
250,0,ADL-Rundle-6,1920,1080,250,./dataset/train/ADL-Rundle-6/img1/000251.jpg
251,0,ADL-Rundle-6,1920,1080,251,./dataset/train/ADL-Rundle-6/img1/000252.jpg
252,0,ADL-Rundle-6,1920,1080,252,./dataset/train/ADL-Rundle-6/img1/000253.jpg
253,0,ADL-Rundle-6,1920,1080,253,./dataset/train/ADL-Rundle-6/img1/000254.jpg
254,0,ADL-Rundle-6,1920,1080,254,./dataset/train/ADL-Rundle-6/img1/000255.jpg
255,0,ADL-Rundle-6,1920,1080,255,./dataset/train/ADL-Rundle-6/img1/000256.jpg
256,0,ADL-Rundle-6,1920,1080,256,./dataset/train/ADL-Rundle-6/img1/000257.jpg
257,0,ADL-Rundle-6,1920,1080,257,./dataset/train/ADL-Rundle-6/img1/000258.jpg
258,0,ADL-Rundle-6,1920,1080,258,./dataset/train/ADL-Rundle-6/img1/000259.jpg
259,0,ADL-Rundle-6,1920,1080,259,./dataset/train/ADL-Rundle-6/img1/000260.jpg
260,0,ADL-Rundle-6,1920,1080,260,./dataset/train/ADL-Rundle-6/img1/000261.jpg
261,0,ADL-Rundle-6,1920,1080,261,./dataset/train/ADL-Rundle-6/img1/000262.jpg
262,0,ADL-Rundle-6,1920,1080,262,./dataset/train/ADL-Rundle-6/img1/000263.jpg
263,0,ADL-Rundle-6,1920,1080,263,./dataset/train/ADL-Rundle-6/img1/000264.jpg
264,0,ADL-Rundle-6,1920,1080,264,./dataset/train/ADL-Rundle-6/img1/000265.jpg
265,0,ADL-Rundle-6,1920,1080,265,./dataset/train/ADL-Rundle-6/img1/000266.jpg
266,0,ADL-Rundle-6,1920,1080,266,./dataset/train/ADL-Rundle-6/img1/000267.jpg
267,0,ADL-Rundle-6,1920,1080,267,./dataset/train/ADL-Rundle-6/img1/000268.jpg
268,0,ADL-Rundle-6,1920,1080,268,./dataset/train/ADL-Rundle-6/img1/000269.jpg
269,0,ADL-Rundle-6,1920,1080,269,./dataset/train/ADL-Rundle-6/img1/000270.jpg
270,0,ADL-Rundle-6,1920,1080,270,./dataset/train/ADL-Rundle-6/img1/000271.jpg
271,0,ADL-Rundle-6,1920,1080,271,./dataset/train/ADL-Rundle-6/img1/000272.jpg
272,0,ADL-Rundle-6,1920,1080,272,./dataset/train/ADL-Rundle-6/img1/000273.jpg
273,0,ADL-Rundle-6,1920,1080,273,./dataset/train/ADL-Rundle-6/img1/000274.jpg
274,0,ADL-Rundle-6,1920,1080,274,./dataset/train/ADL-Rundle-6/img1/000275.jpg
275,0,ADL-Rundle-6,1920,1080,275,./dataset/train/ADL-Rundle-6/img1/000276.jpg
276,0,ADL-Rundle-6,1920,1080,276,./dataset/train/ADL-Rundle-6/img1/000277.jpg
277,0,ADL-Rundle-6,1920,1080,277,./dataset/train/ADL-Rundle-6/img1/000278.jpg
278,0,ADL-Rundle-6,1920,1080,278,./dataset/train/ADL-Rundle-6/img1/000279.jpg
279,0,ADL-Rundle-6,1920,1080,279,./dataset/train/ADL-Rundle-6/img1/000280.jpg
280,0,ADL-Rundle-6,1920,1080,280,./dataset/train/ADL-Rundle-6/img1/000281.jpg
281,0,ADL-Rundle-6,1920,1080,281,./dataset/train/ADL-Rundle-6/img1/000282.jpg
282,0,ADL-Rundle-6,1920,1080,282,./dataset/train/ADL-Rundle-6/img1/000283.jpg
283,0,ADL-Rundle-6,1920,1080,283,./dataset/train/ADL-Rundle-6/img1/000284.jpg
284,0,ADL-Rundle-6,1920,1080,284,./dataset/train/ADL-Rundle-6/img1/000285.jpg
285,0,ADL-Rundle-6,1920,1080,285,./dataset/train/ADL-Rundle-6/img1/000286.jpg
286,0,ADL-Rundle-6,1920,1080,286,./dataset/train/ADL-Rundle-6/img1/000287.jpg
287,0,ADL-Rundle-6,1920,1080,287,./dataset/train/ADL-Rundle-6/img1/000288.jpg
288,0,ADL-Rundle-6,1920,1080,288,./dataset/train/ADL-Rundle-6/img1/000289.jpg
289,0,ADL-Rundle-6,1920,1080,289,./dataset/train/ADL-Rundle-6/img1/000290.jpg
290,0,ADL-Rundle-6,1920,1080,290,./dataset/train/ADL-Rundle-6/img1/000291.jpg
291,0,ADL-Rundle-6,1920,1080,291,./dataset/train/ADL-Rundle-6/img1/000292.jpg
292,0,ADL-Rundle-6,1920,1080,292,./dataset/train/ADL-Rundle-6/img1/000293.jpg
293,0,ADL-Rundle-6,1920,1080,293,./dataset/train/ADL-Rundle-6/img1/000294.jpg
294,0,ADL-Rundle-6,1920,1080,294,./dataset/train/ADL-Rundle-6/img1/000295.jpg
295,0,ADL-Rundle-6,1920,1080,295,./dataset/train/ADL-Rundle-6/img1/000296.jpg
296,0,ADL-Rundle-6,1920,1080,296,./dataset/train/ADL-Rundle-6/img1/000297.jpg
297,0,ADL-Rundle-6,1920,1080,297,./dataset/train/ADL-Rundle-6/img1/000298.jpg
298,0,ADL-Rundle-6,1920,1080,298,./dataset/train/ADL-Rundle-6/img1/000299.jpg
299,0,ADL-Rundle-6,1920,1080,299,./dataset/train/ADL-Rundle-6/img1/000300.jpg
300,0,ADL-Rundle-6,1920,1080,300,./dataset/train/ADL-Rundle-6/img1/000301.jpg
301,0,ADL-Rundle-6,1920,1080,301,./dataset/train/ADL-Rundle-6/img1/000302.jpg
302,0,ADL-Rundle-6,1920,1080,302,./dataset/train/ADL-Rundle-6/img1/000303.jpg
303,0,ADL-Rundle-6,1920,1080,303,./dataset/train/ADL-Rundle-6/img1/000304.jpg
304,0,ADL-Rundle-6,1920,1080,304,./dataset/train/ADL-Rundle-6/img1/000305.jpg
305,0,ADL-Rundle-6,1920,1080,305,./dataset/train/ADL-Rundle-6/img1/000306.jpg
306,0,ADL-Rundle-6,1920,1080,306,./dataset/train/ADL-Rundle-6/img1/000307.jpg
307,0,ADL-Rundle-6,1920,1080,307,./dataset/train/ADL-Rundle-6/img1/000308.jpg
308,0,ADL-Rundle-6,1920,1080,308,./dataset/train/ADL-Rundle-6/img1/000309.jpg
309,0,ADL-Rundle-6,1920,1080,309,./dataset/train/ADL-Rundle-6/img1/000310.jpg
310,0,ADL-Rundle-6,1920,1080,310,./dataset/train/ADL-Rundle-6/img1/000311.jpg
311,0,ADL-Rundle-6,1920,1080,311,./dataset/train/ADL-Rundle-6/img1/000312.jpg
312,0,ADL-Rundle-6,1920,1080,312,./dataset/train/ADL-Rundle-6/img1/000313.jpg
313,0,ADL-Rundle-6,1920,1080,313,./dataset/train/ADL-Rundle-6/img1/000314.jpg
314,0,ADL-Rundle-6,1920,1080,314,./dataset/train/ADL-Rundle-6/img1/000315.jpg
315,0,ADL-Rundle-6,1920,1080,315,./dataset/train/ADL-Rundle-6/img1/000316.jpg
316,0,ADL-Rundle-6,1920,1080,316,./dataset/train/ADL-Rundle-6/img1/000317.jpg
317,0,ADL-Rundle-6,1920,1080,317,./dataset/train/ADL-Rundle-6/img1/000318.jpg
318,0,ADL-Rundle-6,1920,1080,318,./dataset/train/ADL-Rundle-6/img1/000319.jpg
319,0,ADL-Rundle-6,1920,1080,319,./dataset/train/ADL-Rundle-6/img1/000320.jpg
320,0,ADL-Rundle-6,1920,1080,320,./dataset/train/ADL-Rundle-6/img1/000321.jpg
321,0,ADL-Rundle-6,1920,1080,321,./dataset/train/ADL-Rundle-6/img1/000322.jpg
322,0,ADL-Rundle-6,1920,1080,322,./dataset/train/ADL-Rundle-6/img1/000323.jpg
323,0,ADL-Rundle-6,1920,1080,323,./dataset/train/ADL-Rundle-6/img1/000324.jpg
324,0,ADL-Rundle-6,1920,1080,324,./dataset/train/ADL-Rundle-6/img1/000325.jpg
325,0,ADL-Rundle-6,1920,1080,325,./dataset/train/ADL-Rundle-6/img1/000326.jpg
326,0,ADL-Rundle-6,1920,1080,326,./dataset/train/ADL-Rundle-6/img1/000327.jpg
327,0,ADL-Rundle-6,1920,1080,327,./dataset/train/ADL-Rundle-6/img1/000328.jpg
328,0,ADL-Rundle-6,1920,1080,328,./dataset/train/ADL-Rundle-6/img1/000329.jpg
329,0,ADL-Rundle-6,1920,1080,329,./dataset/train/ADL-Rundle-6/img1/000330.jpg
330,0,ADL-Rundle-6,1920,1080,330,./dataset/train/ADL-Rundle-6/img1/000331.jpg
331,0,ADL-Rundle-6,1920,1080,331,./dataset/train/ADL-Rundle-6/img1/000332.jpg
332,0,ADL-Rundle-6,1920,1080,332,./dataset/train/ADL-Rundle-6/img1/000333.jpg
333,0,ADL-Rundle-6,1920,1080,333,./dataset/train/ADL-Rundle-6/img1/000334.jpg
334,0,ADL-Rundle-6,1920,1080,334,./dataset/train/ADL-Rundle-6/img1/000335.jpg
335,0,ADL-Rundle-6,1920,1080,335,./dataset/train/ADL-Rundle-6/img1/000336.jpg
336,0,ADL-Rundle-6,1920,1080,336,./dataset/train/ADL-Rundle-6/img1/000337.jpg
337,0,ADL-Rundle-6,1920,1080,337,./dataset/train/ADL-Rundle-6/img1/000338.jpg
338,0,ADL-Rundle-6,1920,1080,338,./dataset/train/ADL-Rundle-6/img1/000339.jpg
339,0,ADL-Rundle-6,1920,1080,339,./dataset/train/ADL-Rundle-6/img1/000340.jpg
340,0,ADL-Rundle-6,1920,1080,340,./dataset/train/ADL-Rundle-6/img1/000341.jpg
341,0,ADL-Rundle-6,1920,1080,341,./dataset/train/ADL-Rundle-6/img1/000342.jpg
342,0,ADL-Rundle-6,1920,1080,342,./dataset/train/ADL-Rundle-6/img1/000343.jpg
343,0,ADL-Rundle-6,1920,1080,343,./dataset/train/ADL-Rundle-6/img1/000344.jpg
344,0,ADL-Rundle-6,1920,1080,344,./dataset/train/ADL-Rundle-6/img1/000345.jpg
345,0,ADL-Rundle-6,1920,1080,345,./dataset/train/ADL-Rundle-6/img1/000346.jpg
346,0,ADL-Rundle-6,1920,1080,346,./dataset/train/ADL-Rundle-6/img1/000347.jpg
347,0,ADL-Rundle-6,1920,1080,347,./dataset/train/ADL-Rundle-6/img1/000348.jpg
348,0,ADL-Rundle-6,1920,1080,348,./dataset/train/ADL-Rundle-6/img1/000349.jpg
349,0,ADL-Rundle-6,1920,1080,349,./dataset/train/ADL-Rundle-6/img1/000350.jpg
350,0,ADL-Rundle-6,1920,1080,350,./dataset/train/ADL-Rundle-6/img1/000351.jpg
351,0,ADL-Rundle-6,1920,1080,351,./dataset/train/ADL-Rundle-6/img1/000352.jpg
352,0,ADL-Rundle-6,1920,1080,352,./dataset/train/ADL-Rundle-6/img1/000353.jpg
353,0,ADL-Rundle-6,1920,1080,353,./dataset/train/ADL-Rundle-6/img1/000354.jpg
354,0,ADL-Rundle-6,1920,1080,354,./dataset/train/ADL-Rundle-6/img1/000355.jpg
355,0,ADL-Rundle-6,1920,1080,355,./dataset/train/ADL-Rundle-6/img1/000356.jpg
356,0,ADL-Rundle-6,1920,1080,356,./dataset/train/ADL-Rundle-6/img1/000357.jpg
357,0,ADL-Rundle-6,1920,1080,357,./dataset/train/ADL-Rundle-6/img1/000358.jpg
358,0,ADL-Rundle-6,1920,1080,358,./dataset/train/ADL-Rundle-6/img1/000359.jpg
359,0,ADL-Rundle-6,1920,1080,359,./dataset/train/ADL-Rundle-6/img1/000360.jpg
360,0,ADL-Rundle-6,1920,1080,360,./dataset/train/ADL-Rundle-6/img1/000361.jpg
361,0,ADL-Rundle-6,1920,1080,361,./dataset/train/ADL-Rundle-6/img1/000362.jpg
362,0,ADL-Rundle-6,1920,1080,362,./dataset/train/ADL-Rundle-6/img1/000363.jpg
363,0,ADL-Rundle-6,1920,1080,363,./dataset/train/ADL-Rundle-6/img1/000364.jpg
364,0,ADL-Rundle-6,1920,1080,364,./dataset/train/ADL-Rundle-6/img1/000365.jpg
365,0,ADL-Rundle-6,1920,1080,365,./dataset/train/ADL-Rundle-6/img1/000366.jpg
366,0,ADL-Rundle-6,1920,1080,366,./dataset/train/ADL-Rundle-6/img1/000367.jpg
367,0,ADL-Rundle-6,1920,1080,367,./dataset/train/ADL-Rundle-6/img1/000368.jpg
368,0,ADL-Rundle-6,1920,1080,368,./dataset/train/ADL-Rundle-6/img1/000369.jpg
369,0,ADL-Rundle-6,1920,1080,369,./dataset/train/ADL-Rundle-6/img1/000370.jpg
370,0,ADL-Rundle-6,1920,1080,370,./dataset/train/ADL-Rundle-6/img1/000371.jpg
371,0,ADL-Rundle-6,1920,1080,371,./dataset/train/ADL-Rundle-6/img1/000372.jpg
372,0,ADL-Rundle-6,1920,1080,372,./dataset/train/ADL-Rundle-6/img1/000373.jpg
373,0,ADL-Rundle-6,1920,1080,373,./dataset/train/ADL-Rundle-6/img1/000374.jpg
374,0,ADL-Rundle-6,1920,1080,374,./dataset/train/ADL-Rundle-6/img1/000375.jpg
375,0,ADL-Rundle-6,1920,1080,375,./dataset/train/ADL-Rundle-6/img1/000376.jpg
376,0,ADL-Rundle-6,1920,1080,376,./dataset/train/ADL-Rundle-6/img1/000377.jpg
377,0,ADL-Rundle-6,1920,1080,377,./dataset/train/ADL-Rundle-6/img1/000378.jpg
378,0,ADL-Rundle-6,1920,1080,378,./dataset/train/ADL-Rundle-6/img1/000379.jpg
379,0,ADL-Rundle-6,1920,1080,379,./dataset/train/ADL-Rundle-6/img1/000380.jpg
380,0,ADL-Rundle-6,1920,1080,380,./dataset/train/ADL-Rundle-6/img1/000381.jpg
381,0,ADL-Rundle-6,1920,1080,381,./dataset/train/ADL-Rundle-6/img1/000382.jpg
382,0,ADL-Rundle-6,1920,1080,382,./dataset/train/ADL-Rundle-6/img1/000383.jpg
383,0,ADL-Rundle-6,1920,1080,383,./dataset/train/ADL-Rundle-6/img1/000384.jpg
384,0,ADL-Rundle-6,1920,1080,384,./dataset/train/ADL-Rundle-6/img1/000385.jpg
385,0,ADL-Rundle-6,1920,1080,385,./dataset/train/ADL-Rundle-6/img1/000386.jpg
386,0,ADL-Rundle-6,1920,1080,386,./dataset/train/ADL-Rundle-6/img1/000387.jpg
387,0,ADL-Rundle-6,1920,1080,387,./dataset/train/ADL-Rundle-6/img1/000388.jpg
388,0,ADL-Rundle-6,1920,1080,388,./dataset/train/ADL-Rundle-6/img1/000389.jpg
389,0,ADL-Rundle-6,1920,1080,389,./dataset/train/ADL-Rundle-6/img1/000390.jpg
390,0,ADL-Rundle-6,1920,1080,390,./dataset/train/ADL-Rundle-6/img1/000391.jpg
391,0,ADL-Rundle-6,1920,1080,391,./dataset/train/ADL-Rundle-6/img1/000392.jpg
392,0,ADL-Rundle-6,1920,1080,392,./dataset/train/ADL-Rundle-6/img1/000393.jpg
393,0,ADL-Rundle-6,1920,1080,393,./dataset/train/ADL-Rundle-6/img1/000394.jpg
394,0,ADL-Rundle-6,1920,1080,394,./dataset/train/ADL-Rundle-6/img1/000395.jpg
395,0,ADL-Rundle-6,1920,1080,395,./dataset/train/ADL-Rundle-6/img1/000396.jpg
396,0,ADL-Rundle-6,1920,1080,396,./dataset/train/ADL-Rundle-6/img1/000397.jpg
397,0,ADL-Rundle-6,1920,1080,397,./dataset/train/ADL-Rundle-6/img1/000398.jpg
398,0,ADL-Rundle-6,1920,1080,398,./dataset/train/ADL-Rundle-6/img1/000399.jpg
399,0,ADL-Rundle-6,1920,1080,399,./dataset/train/ADL-Rundle-6/img1/000400.jpg
400,0,ADL-Rundle-6,1920,1080,400,./dataset/train/ADL-Rundle-6/img1/000401.jpg
401,0,ADL-Rundle-6,1920,1080,401,./dataset/train/ADL-Rundle-6/img1/000402.jpg
402,0,ADL-Rundle-6,1920,1080,402,./dataset/train/ADL-Rundle-6/img1/000403.jpg
403,0,ADL-Rundle-6,1920,1080,403,./dataset/train/ADL-Rundle-6/img1/000404.jpg
404,0,ADL-Rundle-6,1920,1080,404,./dataset/train/ADL-Rundle-6/img1/000405.jpg
405,0,ADL-Rundle-6,1920,1080,405,./dataset/train/ADL-Rundle-6/img1/000406.jpg
406,0,ADL-Rundle-6,1920,1080,406,./dataset/train/ADL-Rundle-6/img1/000407.jpg
407,0,ADL-Rundle-6,1920,1080,407,./dataset/train/ADL-Rundle-6/img1/000408.jpg
408,0,ADL-Rundle-6,1920,1080,408,./dataset/train/ADL-Rundle-6/img1/000409.jpg
409,0,ADL-Rundle-6,1920,1080,409,./dataset/train/ADL-Rundle-6/img1/000410.jpg
410,0,ADL-Rundle-6,1920,1080,410,./dataset/train/ADL-Rundle-6/img1/000411.jpg
411,0,ADL-Rundle-6,1920,1080,411,./dataset/train/ADL-Rundle-6/img1/000412.jpg
412,0,ADL-Rundle-6,1920,1080,412,./dataset/train/ADL-Rundle-6/img1/000413.jpg
413,0,ADL-Rundle-6,1920,1080,413,./dataset/train/ADL-Rundle-6/img1/000414.jpg
414,0,ADL-Rundle-6,1920,1080,414,./dataset/train/ADL-Rundle-6/img1/000415.jpg
415,0,ADL-Rundle-6,1920,1080,415,./dataset/train/ADL-Rundle-6/img1/000416.jpg
416,0,ADL-Rundle-6,1920,1080,416,./dataset/train/ADL-Rundle-6/img1/000417.jpg
417,0,ADL-Rundle-6,1920,1080,417,./dataset/train/ADL-Rundle-6/img1/000418.jpg
418,0,ADL-Rundle-6,1920,1080,418,./dataset/train/ADL-Rundle-6/img1/000419.jpg
419,0,ADL-Rundle-6,1920,1080,419,./dataset/train/ADL-Rundle-6/img1/000420.jpg
420,0,ADL-Rundle-6,1920,1080,420,./dataset/train/ADL-Rundle-6/img1/000421.jpg
421,0,ADL-Rundle-6,1920,1080,421,./dataset/train/ADL-Rundle-6/img1/000422.jpg
422,0,ADL-Rundle-6,1920,1080,422,./dataset/train/ADL-Rundle-6/img1/000423.jpg
423,0,ADL-Rundle-6,1920,1080,423,./dataset/train/ADL-Rundle-6/img1/000424.jpg
424,0,ADL-Rundle-6,1920,1080,424,./dataset/train/ADL-Rundle-6/img1/000425.jpg
425,0,ADL-Rundle-6,1920,1080,425,./dataset/train/ADL-Rundle-6/img1/000426.jpg
426,0,ADL-Rundle-6,1920,1080,426,./dataset/train/ADL-Rundle-6/img1/000427.jpg
427,0,ADL-Rundle-6,1920,1080,427,./dataset/train/ADL-Rundle-6/img1/000428.jpg
428,0,ADL-Rundle-6,1920,1080,428,./dataset/train/ADL-Rundle-6/img1/000429.jpg
429,0,ADL-Rundle-6,1920,1080,429,./dataset/train/ADL-Rundle-6/img1/000430.jpg
430,0,ADL-Rundle-6,1920,1080,430,./dataset/train/ADL-Rundle-6/img1/000431.jpg
431,0,ADL-Rundle-6,1920,1080,431,./dataset/train/ADL-Rundle-6/img1/000432.jpg
432,0,ADL-Rundle-6,1920,1080,432,./dataset/train/ADL-Rundle-6/img1/000433.jpg
433,0,ADL-Rundle-6,1920,1080,433,./dataset/train/ADL-Rundle-6/img1/000434.jpg
434,0,ADL-Rundle-6,1920,1080,434,./dataset/train/ADL-Rundle-6/img1/000435.jpg
435,0,ADL-Rundle-6,1920,1080,435,./dataset/train/ADL-Rundle-6/img1/000436.jpg
436,0,ADL-Rundle-6,1920,1080,436,./dataset/train/ADL-Rundle-6/img1/000437.jpg
437,0,ADL-Rundle-6,1920,1080,437,./dataset/train/ADL-Rundle-6/img1/000438.jpg
438,0,ADL-Rundle-6,1920,1080,438,./dataset/train/ADL-Rundle-6/img1/000439.jpg
439,0,ADL-Rundle-6,1920,1080,439,./dataset/train/ADL-Rundle-6/img1/000440.jpg
440,0,ADL-Rundle-6,1920,1080,440,./dataset/train/ADL-Rundle-6/img1/000441.jpg
441,0,ADL-Rundle-6,1920,1080,441,./dataset/train/ADL-Rundle-6/img1/000442.jpg
442,0,ADL-Rundle-6,1920,1080,442,./dataset/train/ADL-Rundle-6/img1/000443.jpg
443,0,ADL-Rundle-6,1920,1080,443,./dataset/train/ADL-Rundle-6/img1/000444.jpg
444,0,ADL-Rundle-6,1920,1080,444,./dataset/train/ADL-Rundle-6/img1/000445.jpg
445,0,ADL-Rundle-6,1920,1080,445,./dataset/train/ADL-Rundle-6/img1/000446.jpg
446,0,ADL-Rundle-6,1920,1080,446,./dataset/train/ADL-Rundle-6/img1/000447.jpg
447,0,ADL-Rundle-6,1920,1080,447,./dataset/train/ADL-Rundle-6/img1/000448.jpg
448,0,ADL-Rundle-6,1920,1080,448,./dataset/train/ADL-Rundle-6/img1/000449.jpg
449,0,ADL-Rundle-6,1920,1080,449,./dataset/train/ADL-Rundle-6/img1/000450.jpg
450,0,ADL-Rundle-6,1920,1080,450,./dataset/train/ADL-Rundle-6/img1/000451.jpg
451,0,ADL-Rundle-6,1920,1080,451,./dataset/train/ADL-Rundle-6/img1/000452.jpg
452,0,ADL-Rundle-6,1920,1080,452,./dataset/train/ADL-Rundle-6/img1/000453.jpg
453,0,ADL-Rundle-6,1920,1080,453,./dataset/train/ADL-Rundle-6/img1/000454.jpg
454,0,ADL-Rundle-6,1920,1080,454,./dataset/train/ADL-Rundle-6/img1/000455.jpg
455,0,ADL-Rundle-6,1920,1080,455,./dataset/train/ADL-Rundle-6/img1/000456.jpg
456,0,ADL-Rundle-6,1920,1080,456,./dataset/train/ADL-Rundle-6/img1/000457.jpg
457,0,ADL-Rundle-6,1920,1080,457,./dataset/train/ADL-Rundle-6/img1/000458.jpg
458,0,ADL-Rundle-6,1920,1080,458,./dataset/train/ADL-Rundle-6/img1/000459.jpg
459,0,ADL-Rundle-6,1920,1080,459,./dataset/train/ADL-Rundle-6/img1/000460.jpg
460,0,ADL-Rundle-6,1920,1080,460,./dataset/train/ADL-Rundle-6/img1/000461.jpg
461,0,ADL-Rundle-6,1920,1080,461,./dataset/train/ADL-Rundle-6/img1/000462.jpg
462,0,ADL-Rundle-6,1920,1080,462,./dataset/train/ADL-Rundle-6/img1/000463.jpg
463,0,ADL-Rundle-6,1920,1080,463,./dataset/train/ADL-Rundle-6/img1/000464.jpg
464,0,ADL-Rundle-6,1920,1080,464,./dataset/train/ADL-Rundle-6/img1/000465.jpg
465,0,ADL-Rundle-6,1920,1080,465,./dataset/train/ADL-Rundle-6/img1/000466.jpg
466,0,ADL-Rundle-6,1920,1080,466,./dataset/train/ADL-Rundle-6/img1/000467.jpg
467,0,ADL-Rundle-6,1920,1080,467,./dataset/train/ADL-Rundle-6/img1/000468.jpg
468,0,ADL-Rundle-6,1920,1080,468,./dataset/train/ADL-Rundle-6/img1/000469.jpg
469,0,ADL-Rundle-6,1920,1080,469,./dataset/train/ADL-Rundle-6/img1/000470.jpg
470,0,ADL-Rundle-6,1920,1080,470,./dataset/train/ADL-Rundle-6/img1/000471.jpg
471,0,ADL-Rundle-6,1920,1080,471,./dataset/train/ADL-Rundle-6/img1/000472.jpg
472,0,ADL-Rundle-6,1920,1080,472,./dataset/train/ADL-Rundle-6/img1/000473.jpg
473,0,ADL-Rundle-6,1920,1080,473,./dataset/train/ADL-Rundle-6/img1/000474.jpg
474,0,ADL-Rundle-6,1920,1080,474,./dataset/train/ADL-Rundle-6/img1/000475.jpg
475,0,ADL-Rundle-6,1920,1080,475,./dataset/train/ADL-Rundle-6/img1/000476.jpg
476,0,ADL-Rundle-6,1920,1080,476,./dataset/train/ADL-Rundle-6/img1/000477.jpg
477,0,ADL-Rundle-6,1920,1080,477,./dataset/train/ADL-Rundle-6/img1/000478.jpg
478,0,ADL-Rundle-6,1920,1080,478,./dataset/train/ADL-Rundle-6/img1/000479.jpg
479,0,ADL-Rundle-6,1920,1080,479,./dataset/train/ADL-Rundle-6/img1/000480.jpg
480,0,ADL-Rundle-6,1920,1080,480,./dataset/train/ADL-Rundle-6/img1/000481.jpg
481,0,ADL-Rundle-6,1920,1080,481,./dataset/train/ADL-Rundle-6/img1/000482.jpg
482,0,ADL-Rundle-6,1920,1080,482,./dataset/train/ADL-Rundle-6/img1/000483.jpg
483,0,ADL-Rundle-6,1920,1080,483,./dataset/train/ADL-Rundle-6/img1/000484.jpg
484,0,ADL-Rundle-6,1920,1080,484,./dataset/train/ADL-Rundle-6/img1/000485.jpg
485,0,ADL-Rundle-6,1920,1080,485,./dataset/train/ADL-Rundle-6/img1/000486.jpg
486,0,ADL-Rundle-6,1920,1080,486,./dataset/train/ADL-Rundle-6/img1/000487.jpg
487,0,ADL-Rundle-6,1920,1080,487,./dataset/train/ADL-Rundle-6/img1/000488.jpg
488,0,ADL-Rundle-6,1920,1080,488,./dataset/train/ADL-Rundle-6/img1/000489.jpg
489,0,ADL-Rundle-6,1920,1080,489,./dataset/train/ADL-Rundle-6/img1/000490.jpg
490,0,ADL-Rundle-6,1920,1080,490,./dataset/train/ADL-Rundle-6/img1/000491.jpg
491,0,ADL-Rundle-6,1920,1080,491,./dataset/train/ADL-Rundle-6/img1/000492.jpg
492,0,ADL-Rundle-6,1920,1080,492,./dataset/train/ADL-Rundle-6/img1/000493.jpg
493,0,ADL-Rundle-6,1920,1080,493,./dataset/train/ADL-Rundle-6/img1/000494.jpg
494,0,ADL-Rundle-6,1920,1080,494,./dataset/train/ADL-Rundle-6/img1/000495.jpg
495,0,ADL-Rundle-6,1920,1080,495,./dataset/train/ADL-Rundle-6/img1/000496.jpg
496,0,ADL-Rundle-6,1920,1080,496,./dataset/train/ADL-Rundle-6/img1/000497.jpg
497,0,ADL-Rundle-6,1920,1080,497,./dataset/train/ADL-Rundle-6/img1/000498.jpg
498,0,ADL-Rundle-6,1920,1080,498,./dataset/train/ADL-Rundle-6/img1/000499.jpg
499,0,ADL-Rundle-6,1920,1080,499,./dataset/train/ADL-Rundle-6/img1/000500.jpg
500,0,ADL-Rundle-6,1920,1080,500,./dataset/train/ADL-Rundle-6/img1/000501.jpg
501,0,ADL-Rundle-6,1920,1080,501,./dataset/train/ADL-Rundle-6/img1/000502.jpg
502,0,ADL-Rundle-6,1920,1080,502,./dataset/train/ADL-Rundle-6/img1/000503.jpg
503,0,ADL-Rundle-6,1920,1080,503,./dataset/train/ADL-Rundle-6/img1/000504.jpg
504,0,ADL-Rundle-6,1920,1080,504,./dataset/train/ADL-Rundle-6/img1/000505.jpg
505,0,ADL-Rundle-6,1920,1080,505,./dataset/train/ADL-Rundle-6/img1/000506.jpg
506,0,ADL-Rundle-6,1920,1080,506,./dataset/train/ADL-Rundle-6/img1/000507.jpg
507,0,ADL-Rundle-6,1920,1080,507,./dataset/train/ADL-Rundle-6/img1/000508.jpg
508,0,ADL-Rundle-6,1920,1080,508,./dataset/train/ADL-Rundle-6/img1/000509.jpg
509,0,ADL-Rundle-6,1920,1080,509,./dataset/train/ADL-Rundle-6/img1/000510.jpg
510,0,ADL-Rundle-6,1920,1080,510,./dataset/train/ADL-Rundle-6/img1/000511.jpg
511,0,ADL-Rundle-6,1920,1080,511,./dataset/train/ADL-Rundle-6/img1/000512.jpg
512,0,ADL-Rundle-6,1920,1080,512,./dataset/train/ADL-Rundle-6/img1/000513.jpg
513,0,ADL-Rundle-6,1920,1080,513,./dataset/train/ADL-Rundle-6/img1/000514.jpg
514,0,ADL-Rundle-6,1920,1080,514,./dataset/train/ADL-Rundle-6/img1/000515.jpg
515,0,ADL-Rundle-6,1920,1080,515,./dataset/train/ADL-Rundle-6/img1/000516.jpg
516,0,ADL-Rundle-6,1920,1080,516,./dataset/train/ADL-Rundle-6/img1/000517.jpg
517,0,ADL-Rundle-6,1920,1080,517,./dataset/train/ADL-Rundle-6/img1/000518.jpg
518,0,ADL-Rundle-6,1920,1080,518,./dataset/train/ADL-Rundle-6/img1/000519.jpg
519,0,ADL-Rundle-6,1920,1080,519,./dataset/train/ADL-Rundle-6/img1/000520.jpg
520,0,ADL-Rundle-6,1920,1080,520,./dataset/train/ADL-Rundle-6/img1/000521.jpg
521,0,ADL-Rundle-6,1920,1080,521,./dataset/train/ADL-Rundle-6/img1/000522.jpg
522,0,ADL-Rundle-6,1920,1080,522,./dataset/train/ADL-Rundle-6/img1/000523.jpg
523,0,ADL-Rundle-6,1920,1080,523,./dataset/train/ADL-Rundle-6/img1/000524.jpg
524,0,ADL-Rundle-6,1920,1080,524,./dataset/train/ADL-Rundle-6/img1/000525.jpg
525,1,ADL-Rundle-8,1920,1080,0,./dataset/train/ADL-Rundle-8/img1/000001.jpg
526,1,ADL-Rundle-8,1920,1080,1,./dataset/train/ADL-Rundle-8/img1/000002.jpg
527,1,ADL-Rundle-8,1920,1080,2,./dataset/train/ADL-Rundle-8/img1/000003.jpg
528,1,ADL-Rundle-8,1920,1080,3,./dataset/train/ADL-Rundle-8/img1/000004.jpg
529,1,ADL-Rundle-8,1920,1080,4,./dataset/train/ADL-Rundle-8/img1/000005.jpg
530,1,ADL-Rundle-8,1920,1080,5,./dataset/train/ADL-Rundle-8/img1/000006.jpg
531,1,ADL-Rundle-8,1920,1080,6,./dataset/train/ADL-Rundle-8/img1/000007.jpg
532,1,ADL-Rundle-8,1920,1080,7,./dataset/train/ADL-Rundle-8/img1/000008.jpg
533,1,ADL-Rundle-8,1920,1080,8,./dataset/train/ADL-Rundle-8/img1/000009.jpg
534,1,ADL-Rundle-8,1920,1080,9,./dataset/train/ADL-Rundle-8/img1/000010.jpg
535,1,ADL-Rundle-8,1920,1080,10,./dataset/train/ADL-Rundle-8/img1/000011.jpg
536,1,ADL-Rundle-8,1920,1080,11,./dataset/train/ADL-Rundle-8/img1/000012.jpg
537,1,ADL-Rundle-8,1920,1080,12,./dataset/train/ADL-Rundle-8/img1/000013.jpg
538,1,ADL-Rundle-8,1920,1080,13,./dataset/train/ADL-Rundle-8/img1/000014.jpg
539,1,ADL-Rundle-8,1920,1080,14,./dataset/train/ADL-Rundle-8/img1/000015.jpg
540,1,ADL-Rundle-8,1920,1080,15,./dataset/train/ADL-Rundle-8/img1/000016.jpg
541,1,ADL-Rundle-8,1920,1080,16,./dataset/train/ADL-Rundle-8/img1/000017.jpg
542,1,ADL-Rundle-8,1920,1080,17,./dataset/train/ADL-Rundle-8/img1/000018.jpg
543,1,ADL-Rundle-8,1920,1080,18,./dataset/train/ADL-Rundle-8/img1/000019.jpg
544,1,ADL-Rundle-8,1920,1080,19,./dataset/train/ADL-Rundle-8/img1/000020.jpg
545,1,ADL-Rundle-8,1920,1080,20,./dataset/train/ADL-Rundle-8/img1/000021.jpg
546,1,ADL-Rundle-8,1920,1080,21,./dataset/train/ADL-Rundle-8/img1/000022.jpg
547,1,ADL-Rundle-8,1920,1080,22,./dataset/train/ADL-Rundle-8/img1/000023.jpg
548,1,ADL-Rundle-8,1920,1080,23,./dataset/train/ADL-Rundle-8/img1/000024.jpg
549,1,ADL-Rundle-8,1920,1080,24,./dataset/train/ADL-Rundle-8/img1/000025.jpg
550,1,ADL-Rundle-8,1920,1080,25,./dataset/train/ADL-Rundle-8/img1/000026.jpg
551,1,ADL-Rundle-8,1920,1080,26,./dataset/train/ADL-Rundle-8/img1/000027.jpg
552,1,ADL-Rundle-8,1920,1080,27,./dataset/train/ADL-Rundle-8/img1/000028.jpg
553,1,ADL-Rundle-8,1920,1080,28,./dataset/train/ADL-Rundle-8/img1/000029.jpg
554,1,ADL-Rundle-8,1920,1080,29,./dataset/train/ADL-Rundle-8/img1/000030.jpg
555,1,ADL-Rundle-8,1920,1080,30,./dataset/train/ADL-Rundle-8/img1/000031.jpg
556,1,ADL-Rundle-8,1920,1080,31,./dataset/train/ADL-Rundle-8/img1/000032.jpg
557,1,ADL-Rundle-8,1920,1080,32,./dataset/train/ADL-Rundle-8/img1/000033.jpg
558,1,ADL-Rundle-8,1920,1080,33,./dataset/train/ADL-Rundle-8/img1/000034.jpg
559,1,ADL-Rundle-8,1920,1080,34,./dataset/train/ADL-Rundle-8/img1/000035.jpg
560,1,ADL-Rundle-8,1920,1080,35,./dataset/train/ADL-Rundle-8/img1/000036.jpg
561,1,ADL-Rundle-8,1920,1080,36,./dataset/train/ADL-Rundle-8/img1/000037.jpg
562,1,ADL-Rundle-8,1920,1080,37,./dataset/train/ADL-Rundle-8/img1/000038.jpg
563,1,ADL-Rundle-8,1920,1080,38,./dataset/train/ADL-Rundle-8/img1/000039.jpg
564,1,ADL-Rundle-8,1920,1080,39,./dataset/train/ADL-Rundle-8/img1/000040.jpg
565,1,ADL-Rundle-8,1920,1080,40,./dataset/train/ADL-Rundle-8/img1/000041.jpg
566,1,ADL-Rundle-8,1920,1080,41,./dataset/train/ADL-Rundle-8/img1/000042.jpg
567,1,ADL-Rundle-8,1920,1080,42,./dataset/train/ADL-Rundle-8/img1/000043.jpg
568,1,ADL-Rundle-8,1920,1080,43,./dataset/train/ADL-Rundle-8/img1/000044.jpg
569,1,ADL-Rundle-8,1920,1080,44,./dataset/train/ADL-Rundle-8/img1/000045.jpg
570,1,ADL-Rundle-8,1920,1080,45,./dataset/train/ADL-Rundle-8/img1/000046.jpg
571,1,ADL-Rundle-8,1920,1080,46,./dataset/train/ADL-Rundle-8/img1/000047.jpg
572,1,ADL-Rundle-8,1920,1080,47,./dataset/train/ADL-Rundle-8/img1/000048.jpg
573,1,ADL-Rundle-8,1920,1080,48,./dataset/train/ADL-Rundle-8/img1/000049.jpg
574,1,ADL-Rundle-8,1920,1080,49,./dataset/train/ADL-Rundle-8/img1/000050.jpg
575,1,ADL-Rundle-8,1920,1080,50,./dataset/train/ADL-Rundle-8/img1/000051.jpg
576,1,ADL-Rundle-8,1920,1080,51,./dataset/train/ADL-Rundle-8/img1/000052.jpg
577,1,ADL-Rundle-8,1920,1080,52,./dataset/train/ADL-Rundle-8/img1/000053.jpg
578,1,ADL-Rundle-8,1920,1080,53,./dataset/train/ADL-Rundle-8/img1/000054.jpg
579,1,ADL-Rundle-8,1920,1080,54,./dataset/train/ADL-Rundle-8/img1/000055.jpg
580,1,ADL-Rundle-8,1920,1080,55,./dataset/train/ADL-Rundle-8/img1/000056.jpg
581,1,ADL-Rundle-8,1920,1080,56,./dataset/train/ADL-Rundle-8/img1/000057.jpg
582,1,ADL-Rundle-8,1920,1080,57,./dataset/train/ADL-Rundle-8/img1/000058.jpg
583,1,ADL-Rundle-8,1920,1080,58,./dataset/train/ADL-Rundle-8/img1/000059.jpg
584,1,ADL-Rundle-8,1920,1080,59,./dataset/train/ADL-Rundle-8/img1/000060.jpg
585,1,ADL-Rundle-8,1920,1080,60,./dataset/train/ADL-Rundle-8/img1/000061.jpg
586,1,ADL-Rundle-8,1920,1080,61,./dataset/train/ADL-Rundle-8/img1/000062.jpg
587,1,ADL-Rundle-8,1920,1080,62,./dataset/train/ADL-Rundle-8/img1/000063.jpg
588,1,ADL-Rundle-8,1920,1080,63,./dataset/train/ADL-Rundle-8/img1/000064.jpg
589,1,ADL-Rundle-8,1920,1080,64,./dataset/train/ADL-Rundle-8/img1/000065.jpg
590,1,ADL-Rundle-8,1920,1080,65,./dataset/train/ADL-Rundle-8/img1/000066.jpg
591,1,ADL-Rundle-8,1920,1080,66,./dataset/train/ADL-Rundle-8/img1/000067.jpg
592,1,ADL-Rundle-8,1920,1080,67,./dataset/train/ADL-Rundle-8/img1/000068.jpg
593,1,ADL-Rundle-8,1920,1080,68,./dataset/train/ADL-Rundle-8/img1/000069.jpg
594,1,ADL-Rundle-8,1920,1080,69,./dataset/train/ADL-Rundle-8/img1/000070.jpg
595,1,ADL-Rundle-8,1920,1080,70,./dataset/train/ADL-Rundle-8/img1/000071.jpg
596,1,ADL-Rundle-8,1920,1080,71,./dataset/train/ADL-Rundle-8/img1/000072.jpg
597,1,ADL-Rundle-8,1920,1080,72,./dataset/train/ADL-Rundle-8/img1/000073.jpg
598,1,ADL-Rundle-8,1920,1080,73,./dataset/train/ADL-Rundle-8/img1/000074.jpg
599,1,ADL-Rundle-8,1920,1080,74,./dataset/train/ADL-Rundle-8/img1/000075.jpg
600,1,ADL-Rundle-8,1920,1080,75,./dataset/train/ADL-Rundle-8/img1/000076.jpg
601,1,ADL-Rundle-8,1920,1080,76,./dataset/train/ADL-Rundle-8/img1/000077.jpg
602,1,ADL-Rundle-8,1920,1080,77,./dataset/train/ADL-Rundle-8/img1/000078.jpg
603,1,ADL-Rundle-8,1920,1080,78,./dataset/train/ADL-Rundle-8/img1/000079.jpg
604,1,ADL-Rundle-8,1920,1080,79,./dataset/train/ADL-Rundle-8/img1/000080.jpg
605,1,ADL-Rundle-8,1920,1080,80,./dataset/train/ADL-Rundle-8/img1/000081.jpg
606,1,ADL-Rundle-8,1920,1080,81,./dataset/train/ADL-Rundle-8/img1/000082.jpg
607,1,ADL-Rundle-8,1920,1080,82,./dataset/train/ADL-Rundle-8/img1/000083.jpg
608,1,ADL-Rundle-8,1920,1080,83,./dataset/train/ADL-Rundle-8/img1/000084.jpg
609,1,ADL-Rundle-8,1920,1080,84,./dataset/train/ADL-Rundle-8/img1/000085.jpg
610,1,ADL-Rundle-8,1920,1080,85,./dataset/train/ADL-Rundle-8/img1/000086.jpg
611,1,ADL-Rundle-8,1920,1080,86,./dataset/train/ADL-Rundle-8/img1/000087.jpg
612,1,ADL-Rundle-8,1920,1080,87,./dataset/train/ADL-Rundle-8/img1/000088.jpg
613,1,ADL-Rundle-8,1920,1080,88,./dataset/train/ADL-Rundle-8/img1/000089.jpg
614,1,ADL-Rundle-8,1920,1080,89,./dataset/train/ADL-Rundle-8/img1/000090.jpg
615,1,ADL-Rundle-8,1920,1080,90,./dataset/train/ADL-Rundle-8/img1/000091.jpg
616,1,ADL-Rundle-8,1920,1080,91,./dataset/train/ADL-Rundle-8/img1/000092.jpg
617,1,ADL-Rundle-8,1920,1080,92,./dataset/train/ADL-Rundle-8/img1/000093.jpg
618,1,ADL-Rundle-8,1920,1080,93,./dataset/train/ADL-Rundle-8/img1/000094.jpg
619,1,ADL-Rundle-8,1920,1080,94,./dataset/train/ADL-Rundle-8/img1/000095.jpg
620,1,ADL-Rundle-8,1920,1080,95,./dataset/train/ADL-Rundle-8/img1/000096.jpg
621,1,ADL-Rundle-8,1920,1080,96,./dataset/train/ADL-Rundle-8/img1/000097.jpg
622,1,ADL-Rundle-8,1920,1080,97,./dataset/train/ADL-Rundle-8/img1/000098.jpg
623,1,ADL-Rundle-8,1920,1080,98,./dataset/train/ADL-Rundle-8/img1/000099.jpg
624,1,ADL-Rundle-8,1920,1080,99,./dataset/train/ADL-Rundle-8/img1/000100.jpg
625,1,ADL-Rundle-8,1920,1080,100,./dataset/train/ADL-Rundle-8/img1/000101.jpg
626,1,ADL-Rundle-8,1920,1080,101,./dataset/train/ADL-Rundle-8/img1/000102.jpg
627,1,ADL-Rundle-8,1920,1080,102,./dataset/train/ADL-Rundle-8/img1/000103.jpg
628,1,ADL-Rundle-8,1920,1080,103,./dataset/train/ADL-Rundle-8/img1/000104.jpg
629,1,ADL-Rundle-8,1920,1080,104,./dataset/train/ADL-Rundle-8/img1/000105.jpg
630,1,ADL-Rundle-8,1920,1080,105,./dataset/train/ADL-Rundle-8/img1/000106.jpg
631,1,ADL-Rundle-8,1920,1080,106,./dataset/train/ADL-Rundle-8/img1/000107.jpg
632,1,ADL-Rundle-8,1920,1080,107,./dataset/train/ADL-Rundle-8/img1/000108.jpg
633,1,ADL-Rundle-8,1920,1080,108,./dataset/train/ADL-Rundle-8/img1/000109.jpg
634,1,ADL-Rundle-8,1920,1080,109,./dataset/train/ADL-Rundle-8/img1/000110.jpg
635,1,ADL-Rundle-8,1920,1080,110,./dataset/train/ADL-Rundle-8/img1/000111.jpg
636,1,ADL-Rundle-8,1920,1080,111,./dataset/train/ADL-Rundle-8/img1/000112.jpg
637,1,ADL-Rundle-8,1920,1080,112,./dataset/train/ADL-Rundle-8/img1/000113.jpg
638,1,ADL-Rundle-8,1920,1080,113,./dataset/train/ADL-Rundle-8/img1/000114.jpg
639,1,ADL-Rundle-8,1920,1080,114,./dataset/train/ADL-Rundle-8/img1/000115.jpg
640,1,ADL-Rundle-8,1920,1080,115,./dataset/train/ADL-Rundle-8/img1/000116.jpg
641,1,ADL-Rundle-8,1920,1080,116,./dataset/train/ADL-Rundle-8/img1/000117.jpg
642,1,ADL-Rundle-8,1920,1080,117,./dataset/train/ADL-Rundle-8/img1/000118.jpg
643,1,ADL-Rundle-8,1920,1080,118,./dataset/train/ADL-Rundle-8/img1/000119.jpg
644,1,ADL-Rundle-8,1920,1080,119,./dataset/train/ADL-Rundle-8/img1/000120.jpg
645,1,ADL-Rundle-8,1920,1080,120,./dataset/train/ADL-Rundle-8/img1/000121.jpg
646,1,ADL-Rundle-8,1920,1080,121,./dataset/train/ADL-Rundle-8/img1/000122.jpg
647,1,ADL-Rundle-8,1920,1080,122,./dataset/train/ADL-Rundle-8/img1/000123.jpg
648,1,ADL-Rundle-8,1920,1080,123,./dataset/train/ADL-Rundle-8/img1/000124.jpg
649,1,ADL-Rundle-8,1920,1080,124,./dataset/train/ADL-Rundle-8/img1/000125.jpg
650,1,ADL-Rundle-8,1920,1080,125,./dataset/train/ADL-Rundle-8/img1/000126.jpg
651,1,ADL-Rundle-8,1920,1080,126,./dataset/train/ADL-Rundle-8/img1/000127.jpg
652,1,ADL-Rundle-8,1920,1080,127,./dataset/train/ADL-Rundle-8/img1/000128.jpg
653,1,ADL-Rundle-8,1920,1080,128,./dataset/train/ADL-Rundle-8/img1/000129.jpg
654,1,ADL-Rundle-8,1920,1080,129,./dataset/train/ADL-Rundle-8/img1/000130.jpg
655,1,ADL-Rundle-8,1920,1080,130,./dataset/train/ADL-Rundle-8/img1/000131.jpg
656,1,ADL-Rundle-8,1920,1080,131,./dataset/train/ADL-Rundle-8/img1/000132.jpg
657,1,ADL-Rundle-8,1920,1080,132,./dataset/train/ADL-Rundle-8/img1/000133.jpg
658,1,ADL-Rundle-8,1920,1080,133,./dataset/train/ADL-Rundle-8/img1/000134.jpg
659,1,ADL-Rundle-8,1920,1080,134,./dataset/train/ADL-Rundle-8/img1/000135.jpg
660,1,ADL-Rundle-8,1920,1080,135,./dataset/train/ADL-Rundle-8/img1/000136.jpg
661,1,ADL-Rundle-8,1920,1080,136,./dataset/train/ADL-Rundle-8/img1/000137.jpg
662,1,ADL-Rundle-8,1920,1080,137,./dataset/train/ADL-Rundle-8/img1/000138.jpg
663,1,ADL-Rundle-8,1920,1080,138,./dataset/train/ADL-Rundle-8/img1/000139.jpg
664,1,ADL-Rundle-8,1920,1080,139,./dataset/train/ADL-Rundle-8/img1/000140.jpg
665,1,ADL-Rundle-8,1920,1080,140,./dataset/train/ADL-Rundle-8/img1/000141.jpg
666,1,ADL-Rundle-8,1920,1080,141,./dataset/train/ADL-Rundle-8/img1/000142.jpg
667,1,ADL-Rundle-8,1920,1080,142,./dataset/train/ADL-Rundle-8/img1/000143.jpg
668,1,ADL-Rundle-8,1920,1080,143,./dataset/train/ADL-Rundle-8/img1/000144.jpg
669,1,ADL-Rundle-8,1920,1080,144,./dataset/train/ADL-Rundle-8/img1/000145.jpg
670,1,ADL-Rundle-8,1920,1080,145,./dataset/train/ADL-Rundle-8/img1/000146.jpg
671,1,ADL-Rundle-8,1920,1080,146,./dataset/train/ADL-Rundle-8/img1/000147.jpg
672,1,ADL-Rundle-8,1920,1080,147,./dataset/train/ADL-Rundle-8/img1/000148.jpg
673,1,ADL-Rundle-8,1920,1080,148,./dataset/train/ADL-Rundle-8/img1/000149.jpg
674,1,ADL-Rundle-8,1920,1080,149,./dataset/train/ADL-Rundle-8/img1/000150.jpg
675,1,ADL-Rundle-8,1920,1080,150,./dataset/train/ADL-Rundle-8/img1/000151.jpg
676,1,ADL-Rundle-8,1920,1080,151,./dataset/train/ADL-Rundle-8/img1/000152.jpg
677,1,ADL-Rundle-8,1920,1080,152,./dataset/train/ADL-Rundle-8/img1/000153.jpg
678,1,ADL-Rundle-8,1920,1080,153,./dataset/train/ADL-Rundle-8/img1/000154.jpg
679,1,ADL-Rundle-8,1920,1080,154,./dataset/train/ADL-Rundle-8/img1/000155.jpg
680,1,ADL-Rundle-8,1920,1080,155,./dataset/train/ADL-Rundle-8/img1/000156.jpg
681,1,ADL-Rundle-8,1920,1080,156,./dataset/train/ADL-Rundle-8/img1/000157.jpg
682,1,ADL-Rundle-8,1920,1080,157,./dataset/train/ADL-Rundle-8/img1/000158.jpg
683,1,ADL-Rundle-8,1920,1080,158,./dataset/train/ADL-Rundle-8/img1/000159.jpg
684,1,ADL-Rundle-8,1920,1080,159,./dataset/train/ADL-Rundle-8/img1/000160.jpg
685,1,ADL-Rundle-8,1920,1080,160,./dataset/train/ADL-Rundle-8/img1/000161.jpg
686,1,ADL-Rundle-8,1920,1080,161,./dataset/train/ADL-Rundle-8/img1/000162.jpg
687,1,ADL-Rundle-8,1920,1080,162,./dataset/train/ADL-Rundle-8/img1/000163.jpg
688,1,ADL-Rundle-8,1920,1080,163,./dataset/train/ADL-Rundle-8/img1/000164.jpg
689,1,ADL-Rundle-8,1920,1080,164,./dataset/train/ADL-Rundle-8/img1/000165.jpg
690,1,ADL-Rundle-8,1920,1080,165,./dataset/train/ADL-Rundle-8/img1/000166.jpg
691,1,ADL-Rundle-8,1920,1080,166,./dataset/train/ADL-Rundle-8/img1/000167.jpg
692,1,ADL-Rundle-8,1920,1080,167,./dataset/train/ADL-Rundle-8/img1/000168.jpg
693,1,ADL-Rundle-8,1920,1080,168,./dataset/train/ADL-Rundle-8/img1/000169.jpg
694,1,ADL-Rundle-8,1920,1080,169,./dataset/train/ADL-Rundle-8/img1/000170.jpg
695,1,ADL-Rundle-8,1920,1080,170,./dataset/train/ADL-Rundle-8/img1/000171.jpg
696,1,ADL-Rundle-8,1920,1080,171,./dataset/train/ADL-Rundle-8/img1/000172.jpg
697,1,ADL-Rundle-8,1920,1080,172,./dataset/train/ADL-Rundle-8/img1/000173.jpg
698,1,ADL-Rundle-8,1920,1080,173,./dataset/train/ADL-Rundle-8/img1/000174.jpg
699,1,ADL-Rundle-8,1920,1080,174,./dataset/train/ADL-Rundle-8/img1/000175.jpg
700,1,ADL-Rundle-8,1920,1080,175,./dataset/train/ADL-Rundle-8/img1/000176.jpg
701,1,ADL-Rundle-8,1920,1080,176,./dataset/train/ADL-Rundle-8/img1/000177.jpg
702,1,ADL-Rundle-8,1920,1080,177,./dataset/train/ADL-Rundle-8/img1/000178.jpg
703,1,ADL-Rundle-8,1920,1080,178,./dataset/train/ADL-Rundle-8/img1/000179.jpg
704,1,ADL-Rundle-8,1920,1080,179,./dataset/train/ADL-Rundle-8/img1/000180.jpg
705,1,ADL-Rundle-8,1920,1080,180,./dataset/train/ADL-Rundle-8/img1/000181.jpg
706,1,ADL-Rundle-8,1920,1080,181,./dataset/train/ADL-Rundle-8/img1/000182.jpg
707,1,ADL-Rundle-8,1920,1080,182,./dataset/train/ADL-Rundle-8/img1/000183.jpg
708,1,ADL-Rundle-8,1920,1080,183,./dataset/train/ADL-Rundle-8/img1/000184.jpg
709,1,ADL-Rundle-8,1920,1080,184,./dataset/train/ADL-Rundle-8/img1/000185.jpg
710,1,ADL-Rundle-8,1920,1080,185,./dataset/train/ADL-Rundle-8/img1/000186.jpg
711,1,ADL-Rundle-8,1920,1080,186,./dataset/train/ADL-Rundle-8/img1/000187.jpg
712,1,ADL-Rundle-8,1920,1080,187,./dataset/train/ADL-Rundle-8/img1/000188.jpg
713,1,ADL-Rundle-8,1920,1080,188,./dataset/train/ADL-Rundle-8/img1/000189.jpg
714,1,ADL-Rundle-8,1920,1080,189,./dataset/train/ADL-Rundle-8/img1/000190.jpg
715,1,ADL-Rundle-8,1920,1080,190,./dataset/train/ADL-Rundle-8/img1/000191.jpg
716,1,ADL-Rundle-8,1920,1080,191,./dataset/train/ADL-Rundle-8/img1/000192.jpg
717,1,ADL-Rundle-8,1920,1080,192,./dataset/train/ADL-Rundle-8/img1/000193.jpg
718,1,ADL-Rundle-8,1920,1080,193,./dataset/train/ADL-Rundle-8/img1/000194.jpg
719,1,ADL-Rundle-8,1920,1080,194,./dataset/train/ADL-Rundle-8/img1/000195.jpg
720,1,ADL-Rundle-8,1920,1080,195,./dataset/train/ADL-Rundle-8/img1/000196.jpg
721,1,ADL-Rundle-8,1920,1080,196,./dataset/train/ADL-Rundle-8/img1/000197.jpg
722,1,ADL-Rundle-8,1920,1080,197,./dataset/train/ADL-Rundle-8/img1/000198.jpg
723,1,ADL-Rundle-8,1920,1080,198,./dataset/train/ADL-Rundle-8/img1/000199.jpg
724,1,ADL-Rundle-8,1920,1080,199,./dataset/train/ADL-Rundle-8/img1/000200.jpg
725,1,ADL-Rundle-8,1920,1080,200,./dataset/train/ADL-Rundle-8/img1/000201.jpg
726,1,ADL-Rundle-8,1920,1080,201,./dataset/train/ADL-Rundle-8/img1/000202.jpg
727,1,ADL-Rundle-8,1920,1080,202,./dataset/train/ADL-Rundle-8/img1/000203.jpg
728,1,ADL-Rundle-8,1920,1080,203,./dataset/train/ADL-Rundle-8/img1/000204.jpg
729,1,ADL-Rundle-8,1920,1080,204,./dataset/train/ADL-Rundle-8/img1/000205.jpg
730,1,ADL-Rundle-8,1920,1080,205,./dataset/train/ADL-Rundle-8/img1/000206.jpg
731,1,ADL-Rundle-8,1920,1080,206,./dataset/train/ADL-Rundle-8/img1/000207.jpg
732,1,ADL-Rundle-8,1920,1080,207,./dataset/train/ADL-Rundle-8/img1/000208.jpg
733,1,ADL-Rundle-8,1920,1080,208,./dataset/train/ADL-Rundle-8/img1/000209.jpg
734,1,ADL-Rundle-8,1920,1080,209,./dataset/train/ADL-Rundle-8/img1/000210.jpg
735,1,ADL-Rundle-8,1920,1080,210,./dataset/train/ADL-Rundle-8/img1/000211.jpg
736,1,ADL-Rundle-8,1920,1080,211,./dataset/train/ADL-Rundle-8/img1/000212.jpg
737,1,ADL-Rundle-8,1920,1080,212,./dataset/train/ADL-Rundle-8/img1/000213.jpg
738,1,ADL-Rundle-8,1920,1080,213,./dataset/train/ADL-Rundle-8/img1/000214.jpg
739,1,ADL-Rundle-8,1920,1080,214,./dataset/train/ADL-Rundle-8/img1/000215.jpg
740,1,ADL-Rundle-8,1920,1080,215,./dataset/train/ADL-Rundle-8/img1/000216.jpg
741,1,ADL-Rundle-8,1920,1080,216,./dataset/train/ADL-Rundle-8/img1/000217.jpg
742,1,ADL-Rundle-8,1920,1080,217,./dataset/train/ADL-Rundle-8/img1/000218.jpg
743,1,ADL-Rundle-8,1920,1080,218,./dataset/train/ADL-Rundle-8/img1/000219.jpg
744,1,ADL-Rundle-8,1920,1080,219,./dataset/train/ADL-Rundle-8/img1/000220.jpg
745,1,ADL-Rundle-8,1920,1080,220,./dataset/train/ADL-Rundle-8/img1/000221.jpg
746,1,ADL-Rundle-8,1920,1080,221,./dataset/train/ADL-Rundle-8/img1/000222.jpg
747,1,ADL-Rundle-8,1920,1080,222,./dataset/train/ADL-Rundle-8/img1/000223.jpg
748,1,ADL-Rundle-8,1920,1080,223,./dataset/train/ADL-Rundle-8/img1/000224.jpg
749,1,ADL-Rundle-8,1920,1080,224,./dataset/train/ADL-Rundle-8/img1/000225.jpg
750,1,ADL-Rundle-8,1920,1080,225,./dataset/train/ADL-Rundle-8/img1/000226.jpg
751,1,ADL-Rundle-8,1920,1080,226,./dataset/train/ADL-Rundle-8/img1/000227.jpg
752,1,ADL-Rundle-8,1920,1080,227,./dataset/train/ADL-Rundle-8/img1/000228.jpg
753,1,ADL-Rundle-8,1920,1080,228,./dataset/train/ADL-Rundle-8/img1/000229.jpg
754,1,ADL-Rundle-8,1920,1080,229,./dataset/train/ADL-Rundle-8/img1/000230.jpg
755,1,ADL-Rundle-8,1920,1080,230,./dataset/train/ADL-Rundle-8/img1/000231.jpg
756,1,ADL-Rundle-8,1920,1080,231,./dataset/train/ADL-Rundle-8/img1/000232.jpg
757,1,ADL-Rundle-8,1920,1080,232,./dataset/train/ADL-Rundle-8/img1/000233.jpg
758,1,ADL-Rundle-8,1920,1080,233,./dataset/train/ADL-Rundle-8/img1/000234.jpg
759,1,ADL-Rundle-8,1920,1080,234,./dataset/train/ADL-Rundle-8/img1/000235.jpg
760,1,ADL-Rundle-8,1920,1080,235,./dataset/train/ADL-Rundle-8/img1/000236.jpg
761,1,ADL-Rundle-8,1920,1080,236,./dataset/train/ADL-Rundle-8/img1/000237.jpg
762,1,ADL-Rundle-8,1920,1080,237,./dataset/train/ADL-Rundle-8/img1/000238.jpg
763,1,ADL-Rundle-8,1920,1080,238,./dataset/train/ADL-Rundle-8/img1/000239.jpg
764,1,ADL-Rundle-8,1920,1080,239,./dataset/train/ADL-Rundle-8/img1/000240.jpg
765,1,ADL-Rundle-8,1920,1080,240,./dataset/train/ADL-Rundle-8/img1/000241.jpg
766,1,ADL-Rundle-8,1920,1080,241,./dataset/train/ADL-Rundle-8/img1/000242.jpg
767,1,ADL-Rundle-8,1920,1080,242,./dataset/train/ADL-Rundle-8/img1/000243.jpg
768,1,ADL-Rundle-8,1920,1080,243,./dataset/train/ADL-Rundle-8/img1/000244.jpg
769,1,ADL-Rundle-8,1920,1080,244,./dataset/train/ADL-Rundle-8/img1/000245.jpg
770,1,ADL-Rundle-8,1920,1080,245,./dataset/train/ADL-Rundle-8/img1/000246.jpg
771,1,ADL-Rundle-8,1920,1080,246,./dataset/train/ADL-Rundle-8/img1/000247.jpg
772,1,ADL-Rundle-8,1920,1080,247,./dataset/train/ADL-Rundle-8/img1/000248.jpg
773,1,ADL-Rundle-8,1920,1080,248,./dataset/train/ADL-Rundle-8/img1/000249.jpg
774,1,ADL-Rundle-8,1920,1080,249,./dataset/train/ADL-Rundle-8/img1/000250.jpg
775,1,ADL-Rundle-8,1920,1080,250,./dataset/train/ADL-Rundle-8/img1/000251.jpg
776,1,ADL-Rundle-8,1920,1080,251,./dataset/train/ADL-Rundle-8/img1/000252.jpg
777,1,ADL-Rundle-8,1920,1080,252,./dataset/train/ADL-Rundle-8/img1/000253.jpg
778,1,ADL-Rundle-8,1920,1080,253,./dataset/train/ADL-Rundle-8/img1/000254.jpg
779,1,ADL-Rundle-8,1920,1080,254,./dataset/train/ADL-Rundle-8/img1/000255.jpg
780,1,ADL-Rundle-8,1920,1080,255,./dataset/train/ADL-Rundle-8/img1/000256.jpg
781,1,ADL-Rundle-8,1920,1080,256,./dataset/train/ADL-Rundle-8/img1/000257.jpg
782,1,ADL-Rundle-8,1920,1080,257,./dataset/train/ADL-Rundle-8/img1/000258.jpg
783,1,ADL-Rundle-8,1920,1080,258,./dataset/train/ADL-Rundle-8/img1/000259.jpg
784,1,ADL-Rundle-8,1920,1080,259,./dataset/train/ADL-Rundle-8/img1/000260.jpg
785,1,ADL-Rundle-8,1920,1080,260,./dataset/train/ADL-Rundle-8/img1/000261.jpg
786,1,ADL-Rundle-8,1920,1080,261,./dataset/train/ADL-Rundle-8/img1/000262.jpg
787,1,ADL-Rundle-8,1920,1080,262,./dataset/train/ADL-Rundle-8/img1/000263.jpg
788,1,ADL-Rundle-8,1920,1080,263,./dataset/train/ADL-Rundle-8/img1/000264.jpg
789,1,ADL-Rundle-8,1920,1080,264,./dataset/train/ADL-Rundle-8/img1/000265.jpg
790,1,ADL-Rundle-8,1920,1080,265,./dataset/train/ADL-Rundle-8/img1/000266.jpg
791,1,ADL-Rundle-8,1920,1080,266,./dataset/train/ADL-Rundle-8/img1/000267.jpg
792,1,ADL-Rundle-8,1920,1080,267,./dataset/train/ADL-Rundle-8/img1/000268.jpg
793,1,ADL-Rundle-8,1920,1080,268,./dataset/train/ADL-Rundle-8/img1/000269.jpg
794,1,ADL-Rundle-8,1920,1080,269,./dataset/train/ADL-Rundle-8/img1/000270.jpg
795,1,ADL-Rundle-8,1920,1080,270,./dataset/train/ADL-Rundle-8/img1/000271.jpg
796,1,ADL-Rundle-8,1920,1080,271,./dataset/train/ADL-Rundle-8/img1/000272.jpg
797,1,ADL-Rundle-8,1920,1080,272,./dataset/train/ADL-Rundle-8/img1/000273.jpg
798,1,ADL-Rundle-8,1920,1080,273,./dataset/train/ADL-Rundle-8/img1/000274.jpg
799,1,ADL-Rundle-8,1920,1080,274,./dataset/train/ADL-Rundle-8/img1/000275.jpg
800,1,ADL-Rundle-8,1920,1080,275,./dataset/train/ADL-Rundle-8/img1/000276.jpg
801,1,ADL-Rundle-8,1920,1080,276,./dataset/train/ADL-Rundle-8/img1/000277.jpg
802,1,ADL-Rundle-8,1920,1080,277,./dataset/train/ADL-Rundle-8/img1/000278.jpg
803,1,ADL-Rundle-8,1920,1080,278,./dataset/train/ADL-Rundle-8/img1/000279.jpg
804,1,ADL-Rundle-8,1920,1080,279,./dataset/train/ADL-Rundle-8/img1/000280.jpg
805,1,ADL-Rundle-8,1920,1080,280,./dataset/train/ADL-Rundle-8/img1/000281.jpg
806,1,ADL-Rundle-8,1920,1080,281,./dataset/train/ADL-Rundle-8/img1/000282.jpg
807,1,ADL-Rundle-8,1920,1080,282,./dataset/train/ADL-Rundle-8/img1/000283.jpg
808,1,ADL-Rundle-8,1920,1080,283,./dataset/train/ADL-Rundle-8/img1/000284.jpg
809,1,ADL-Rundle-8,1920,1080,284,./dataset/train/ADL-Rundle-8/img1/000285.jpg
810,1,ADL-Rundle-8,1920,1080,285,./dataset/train/ADL-Rundle-8/img1/000286.jpg
811,1,ADL-Rundle-8,1920,1080,286,./dataset/train/ADL-Rundle-8/img1/000287.jpg
812,1,ADL-Rundle-8,1920,1080,287,./dataset/train/ADL-Rundle-8/img1/000288.jpg
813,1,ADL-Rundle-8,1920,1080,288,./dataset/train/ADL-Rundle-8/img1/000289.jpg
814,1,ADL-Rundle-8,1920,1080,289,./dataset/train/ADL-Rundle-8/img1/000290.jpg
815,1,ADL-Rundle-8,1920,1080,290,./dataset/train/ADL-Rundle-8/img1/000291.jpg
816,1,ADL-Rundle-8,1920,1080,291,./dataset/train/ADL-Rundle-8/img1/000292.jpg
817,1,ADL-Rundle-8,1920,1080,292,./dataset/train/ADL-Rundle-8/img1/000293.jpg
818,1,ADL-Rundle-8,1920,1080,293,./dataset/train/ADL-Rundle-8/img1/000294.jpg
819,1,ADL-Rundle-8,1920,1080,294,./dataset/train/ADL-Rundle-8/img1/000295.jpg
820,1,ADL-Rundle-8,1920,1080,295,./dataset/train/ADL-Rundle-8/img1/000296.jpg
821,1,ADL-Rundle-8,1920,1080,296,./dataset/train/ADL-Rundle-8/img1/000297.jpg
822,1,ADL-Rundle-8,1920,1080,297,./dataset/train/ADL-Rundle-8/img1/000298.jpg
823,1,ADL-Rundle-8,1920,1080,298,./dataset/train/ADL-Rundle-8/img1/000299.jpg
824,1,ADL-Rundle-8,1920,1080,299,./dataset/train/ADL-Rundle-8/img1/000300.jpg
825,1,ADL-Rundle-8,1920,1080,300,./dataset/train/ADL-Rundle-8/img1/000301.jpg
826,1,ADL-Rundle-8,1920,1080,301,./dataset/train/ADL-Rundle-8/img1/000302.jpg
827,1,ADL-Rundle-8,1920,1080,302,./dataset/train/ADL-Rundle-8/img1/000303.jpg
828,1,ADL-Rundle-8,1920,1080,303,./dataset/train/ADL-Rundle-8/img1/000304.jpg
829,1,ADL-Rundle-8,1920,1080,304,./dataset/train/ADL-Rundle-8/img1/000305.jpg
830,1,ADL-Rundle-8,1920,1080,305,./dataset/train/ADL-Rundle-8/img1/000306.jpg
831,1,ADL-Rundle-8,1920,1080,306,./dataset/train/ADL-Rundle-8/img1/000307.jpg
832,1,ADL-Rundle-8,1920,1080,307,./dataset/train/ADL-Rundle-8/img1/000308.jpg
833,1,ADL-Rundle-8,1920,1080,308,./dataset/train/ADL-Rundle-8/img1/000309.jpg
834,1,ADL-Rundle-8,1920,1080,309,./dataset/train/ADL-Rundle-8/img1/000310.jpg
835,1,ADL-Rundle-8,1920,1080,310,./dataset/train/ADL-Rundle-8/img1/000311.jpg
836,1,ADL-Rundle-8,1920,1080,311,./dataset/train/ADL-Rundle-8/img1/000312.jpg
837,1,ADL-Rundle-8,1920,1080,312,./dataset/train/ADL-Rundle-8/img1/000313.jpg
838,1,ADL-Rundle-8,1920,1080,313,./dataset/train/ADL-Rundle-8/img1/000314.jpg
839,1,ADL-Rundle-8,1920,1080,314,./dataset/train/ADL-Rundle-8/img1/000315.jpg
840,1,ADL-Rundle-8,1920,1080,315,./dataset/train/ADL-Rundle-8/img1/000316.jpg
841,1,ADL-Rundle-8,1920,1080,316,./dataset/train/ADL-Rundle-8/img1/000317.jpg
842,1,ADL-Rundle-8,1920,1080,317,./dataset/train/ADL-Rundle-8/img1/000318.jpg
843,1,ADL-Rundle-8,1920,1080,318,./dataset/train/ADL-Rundle-8/img1/000319.jpg
844,1,ADL-Rundle-8,1920,1080,319,./dataset/train/ADL-Rundle-8/img1/000320.jpg
845,1,ADL-Rundle-8,1920,1080,320,./dataset/train/ADL-Rundle-8/img1/000321.jpg
846,1,ADL-Rundle-8,1920,1080,321,./dataset/train/ADL-Rundle-8/img1/000322.jpg
847,1,ADL-Rundle-8,1920,1080,322,./dataset/train/ADL-Rundle-8/img1/000323.jpg
848,1,ADL-Rundle-8,1920,1080,323,./dataset/train/ADL-Rundle-8/img1/000324.jpg
849,1,ADL-Rundle-8,1920,1080,324,./dataset/train/ADL-Rundle-8/img1/000325.jpg
850,1,ADL-Rundle-8,1920,1080,325,./dataset/train/ADL-Rundle-8/img1/000326.jpg
851,1,ADL-Rundle-8,1920,1080,326,./dataset/train/ADL-Rundle-8/img1/000327.jpg
852,1,ADL-Rundle-8,1920,1080,327,./dataset/train/ADL-Rundle-8/img1/000328.jpg
853,1,ADL-Rundle-8,1920,1080,328,./dataset/train/ADL-Rundle-8/img1/000329.jpg
854,1,ADL-Rundle-8,1920,1080,329,./dataset/train/ADL-Rundle-8/img1/000330.jpg
855,1,ADL-Rundle-8,1920,1080,330,./dataset/train/ADL-Rundle-8/img1/000331.jpg
856,1,ADL-Rundle-8,1920,1080,331,./dataset/train/ADL-Rundle-8/img1/000332.jpg
857,1,ADL-Rundle-8,1920,1080,332,./dataset/train/ADL-Rundle-8/img1/000333.jpg
858,1,ADL-Rundle-8,1920,1080,333,./dataset/train/ADL-Rundle-8/img1/000334.jpg
859,1,ADL-Rundle-8,1920,1080,334,./dataset/train/ADL-Rundle-8/img1/000335.jpg
860,1,ADL-Rundle-8,1920,1080,335,./dataset/train/ADL-Rundle-8/img1/000336.jpg
861,1,ADL-Rundle-8,1920,1080,336,./dataset/train/ADL-Rundle-8/img1/000337.jpg
862,1,ADL-Rundle-8,1920,1080,337,./dataset/train/ADL-Rundle-8/img1/000338.jpg
863,1,ADL-Rundle-8,1920,1080,338,./dataset/train/ADL-Rundle-8/img1/000339.jpg
864,1,ADL-Rundle-8,1920,1080,339,./dataset/train/ADL-Rundle-8/img1/000340.jpg
865,1,ADL-Rundle-8,1920,1080,340,./dataset/train/ADL-Rundle-8/img1/000341.jpg
866,1,ADL-Rundle-8,1920,1080,341,./dataset/train/ADL-Rundle-8/img1/000342.jpg
867,1,ADL-Rundle-8,1920,1080,342,./dataset/train/ADL-Rundle-8/img1/000343.jpg
868,1,ADL-Rundle-8,1920,1080,343,./dataset/train/ADL-Rundle-8/img1/000344.jpg
869,1,ADL-Rundle-8,1920,1080,344,./dataset/train/ADL-Rundle-8/img1/000345.jpg
870,1,ADL-Rundle-8,1920,1080,345,./dataset/train/ADL-Rundle-8/img1/000346.jpg
871,1,ADL-Rundle-8,1920,1080,346,./dataset/train/ADL-Rundle-8/img1/000347.jpg
872,1,ADL-Rundle-8,1920,1080,347,./dataset/train/ADL-Rundle-8/img1/000348.jpg
873,1,ADL-Rundle-8,1920,1080,348,./dataset/train/ADL-Rundle-8/img1/000349.jpg
874,1,ADL-Rundle-8,1920,1080,349,./dataset/train/ADL-Rundle-8/img1/000350.jpg
875,1,ADL-Rundle-8,1920,1080,350,./dataset/train/ADL-Rundle-8/img1/000351.jpg
876,1,ADL-Rundle-8,1920,1080,351,./dataset/train/ADL-Rundle-8/img1/000352.jpg
877,1,ADL-Rundle-8,1920,1080,352,./dataset/train/ADL-Rundle-8/img1/000353.jpg
878,1,ADL-Rundle-8,1920,1080,353,./dataset/train/ADL-Rundle-8/img1/000354.jpg
879,1,ADL-Rundle-8,1920,1080,354,./dataset/train/ADL-Rundle-8/img1/000355.jpg
880,1,ADL-Rundle-8,1920,1080,355,./dataset/train/ADL-Rundle-8/img1/000356.jpg
881,1,ADL-Rundle-8,1920,1080,356,./dataset/train/ADL-Rundle-8/img1/000357.jpg
882,1,ADL-Rundle-8,1920,1080,357,./dataset/train/ADL-Rundle-8/img1/000358.jpg
883,1,ADL-Rundle-8,1920,1080,358,./dataset/train/ADL-Rundle-8/img1/000359.jpg
884,1,ADL-Rundle-8,1920,1080,359,./dataset/train/ADL-Rundle-8/img1/000360.jpg
885,1,ADL-Rundle-8,1920,1080,360,./dataset/train/ADL-Rundle-8/img1/000361.jpg
886,1,ADL-Rundle-8,1920,1080,361,./dataset/train/ADL-Rundle-8/img1/000362.jpg
887,1,ADL-Rundle-8,1920,1080,362,./dataset/train/ADL-Rundle-8/img1/000363.jpg
888,1,ADL-Rundle-8,1920,1080,363,./dataset/train/ADL-Rundle-8/img1/000364.jpg
889,1,ADL-Rundle-8,1920,1080,364,./dataset/train/ADL-Rundle-8/img1/000365.jpg
890,1,ADL-Rundle-8,1920,1080,365,./dataset/train/ADL-Rundle-8/img1/000366.jpg
891,1,ADL-Rundle-8,1920,1080,366,./dataset/train/ADL-Rundle-8/img1/000367.jpg
892,1,ADL-Rundle-8,1920,1080,367,./dataset/train/ADL-Rundle-8/img1/000368.jpg
893,1,ADL-Rundle-8,1920,1080,368,./dataset/train/ADL-Rundle-8/img1/000369.jpg
894,1,ADL-Rundle-8,1920,1080,369,./dataset/train/ADL-Rundle-8/img1/000370.jpg
895,1,ADL-Rundle-8,1920,1080,370,./dataset/train/ADL-Rundle-8/img1/000371.jpg
896,1,ADL-Rundle-8,1920,1080,371,./dataset/train/ADL-Rundle-8/img1/000372.jpg
897,1,ADL-Rundle-8,1920,1080,372,./dataset/train/ADL-Rundle-8/img1/000373.jpg
898,1,ADL-Rundle-8,1920,1080,373,./dataset/train/ADL-Rundle-8/img1/000374.jpg
899,1,ADL-Rundle-8,1920,1080,374,./dataset/train/ADL-Rundle-8/img1/000375.jpg
900,1,ADL-Rundle-8,1920,1080,375,./dataset/train/ADL-Rundle-8/img1/000376.jpg
901,1,ADL-Rundle-8,1920,1080,376,./dataset/train/ADL-Rundle-8/img1/000377.jpg
902,1,ADL-Rundle-8,1920,1080,377,./dataset/train/ADL-Rundle-8/img1/000378.jpg
903,1,ADL-Rundle-8,1920,1080,378,./dataset/train/ADL-Rundle-8/img1/000379.jpg
904,1,ADL-Rundle-8,1920,1080,379,./dataset/train/ADL-Rundle-8/img1/000380.jpg
905,1,ADL-Rundle-8,1920,1080,380,./dataset/train/ADL-Rundle-8/img1/000381.jpg
906,1,ADL-Rundle-8,1920,1080,381,./dataset/train/ADL-Rundle-8/img1/000382.jpg
907,1,ADL-Rundle-8,1920,1080,382,./dataset/train/ADL-Rundle-8/img1/000383.jpg
908,1,ADL-Rundle-8,1920,1080,383,./dataset/train/ADL-Rundle-8/img1/000384.jpg
909,1,ADL-Rundle-8,1920,1080,384,./dataset/train/ADL-Rundle-8/img1/000385.jpg
910,1,ADL-Rundle-8,1920,1080,385,./dataset/train/ADL-Rundle-8/img1/000386.jpg
911,1,ADL-Rundle-8,1920,1080,386,./dataset/train/ADL-Rundle-8/img1/000387.jpg
912,1,ADL-Rundle-8,1920,1080,387,./dataset/train/ADL-Rundle-8/img1/000388.jpg
913,1,ADL-Rundle-8,1920,1080,388,./dataset/train/ADL-Rundle-8/img1/000389.jpg
914,1,ADL-Rundle-8,1920,1080,389,./dataset/train/ADL-Rundle-8/img1/000390.jpg
915,1,ADL-Rundle-8,1920,1080,390,./dataset/train/ADL-Rundle-8/img1/000391.jpg
916,1,ADL-Rundle-8,1920,1080,391,./dataset/train/ADL-Rundle-8/img1/000392.jpg
917,1,ADL-Rundle-8,1920,1080,392,./dataset/train/ADL-Rundle-8/img1/000393.jpg
918,1,ADL-Rundle-8,1920,1080,393,./dataset/train/ADL-Rundle-8/img1/000394.jpg
919,1,ADL-Rundle-8,1920,1080,394,./dataset/train/ADL-Rundle-8/img1/000395.jpg
920,1,ADL-Rundle-8,1920,1080,395,./dataset/train/ADL-Rundle-8/img1/000396.jpg
921,1,ADL-Rundle-8,1920,1080,396,./dataset/train/ADL-Rundle-8/img1/000397.jpg
922,1,ADL-Rundle-8,1920,1080,397,./dataset/train/ADL-Rundle-8/img1/000398.jpg
923,1,ADL-Rundle-8,1920,1080,398,./dataset/train/ADL-Rundle-8/img1/000399.jpg
924,1,ADL-Rundle-8,1920,1080,399,./dataset/train/ADL-Rundle-8/img1/000400.jpg
925,1,ADL-Rundle-8,1920,1080,400,./dataset/train/ADL-Rundle-8/img1/000401.jpg
926,1,ADL-Rundle-8,1920,1080,401,./dataset/train/ADL-Rundle-8/img1/000402.jpg
927,1,ADL-Rundle-8,1920,1080,402,./dataset/train/ADL-Rundle-8/img1/000403.jpg
928,1,ADL-Rundle-8,1920,1080,403,./dataset/train/ADL-Rundle-8/img1/000404.jpg
929,1,ADL-Rundle-8,1920,1080,404,./dataset/train/ADL-Rundle-8/img1/000405.jpg
930,1,ADL-Rundle-8,1920,1080,405,./dataset/train/ADL-Rundle-8/img1/000406.jpg
931,1,ADL-Rundle-8,1920,1080,406,./dataset/train/ADL-Rundle-8/img1/000407.jpg
932,1,ADL-Rundle-8,1920,1080,407,./dataset/train/ADL-Rundle-8/img1/000408.jpg
933,1,ADL-Rundle-8,1920,1080,408,./dataset/train/ADL-Rundle-8/img1/000409.jpg
934,1,ADL-Rundle-8,1920,1080,409,./dataset/train/ADL-Rundle-8/img1/000410.jpg
935,1,ADL-Rundle-8,1920,1080,410,./dataset/train/ADL-Rundle-8/img1/000411.jpg
936,1,ADL-Rundle-8,1920,1080,411,./dataset/train/ADL-Rundle-8/img1/000412.jpg
937,1,ADL-Rundle-8,1920,1080,412,./dataset/train/ADL-Rundle-8/img1/000413.jpg
938,1,ADL-Rundle-8,1920,1080,413,./dataset/train/ADL-Rundle-8/img1/000414.jpg
939,1,ADL-Rundle-8,1920,1080,414,./dataset/train/ADL-Rundle-8/img1/000415.jpg
940,1,ADL-Rundle-8,1920,1080,415,./dataset/train/ADL-Rundle-8/img1/000416.jpg
941,1,ADL-Rundle-8,1920,1080,416,./dataset/train/ADL-Rundle-8/img1/000417.jpg
942,1,ADL-Rundle-8,1920,1080,417,./dataset/train/ADL-Rundle-8/img1/000418.jpg
943,1,ADL-Rundle-8,1920,1080,418,./dataset/train/ADL-Rundle-8/img1/000419.jpg
944,1,ADL-Rundle-8,1920,1080,419,./dataset/train/ADL-Rundle-8/img1/000420.jpg
945,1,ADL-Rundle-8,1920,1080,420,./dataset/train/ADL-Rundle-8/img1/000421.jpg
946,1,ADL-Rundle-8,1920,1080,421,./dataset/train/ADL-Rundle-8/img1/000422.jpg
947,1,ADL-Rundle-8,1920,1080,422,./dataset/train/ADL-Rundle-8/img1/000423.jpg
948,1,ADL-Rundle-8,1920,1080,423,./dataset/train/ADL-Rundle-8/img1/000424.jpg
949,1,ADL-Rundle-8,1920,1080,424,./dataset/train/ADL-Rundle-8/img1/000425.jpg
950,1,ADL-Rundle-8,1920,1080,425,./dataset/train/ADL-Rundle-8/img1/000426.jpg
951,1,ADL-Rundle-8,1920,1080,426,./dataset/train/ADL-Rundle-8/img1/000427.jpg
952,1,ADL-Rundle-8,1920,1080,427,./dataset/train/ADL-Rundle-8/img1/000428.jpg
953,1,ADL-Rundle-8,1920,1080,428,./dataset/train/ADL-Rundle-8/img1/000429.jpg
954,1,ADL-Rundle-8,1920,1080,429,./dataset/train/ADL-Rundle-8/img1/000430.jpg
955,1,ADL-Rundle-8,1920,1080,430,./dataset/train/ADL-Rundle-8/img1/000431.jpg
956,1,ADL-Rundle-8,1920,1080,431,./dataset/train/ADL-Rundle-8/img1/000432.jpg
957,1,ADL-Rundle-8,1920,1080,432,./dataset/train/ADL-Rundle-8/img1/000433.jpg
958,1,ADL-Rundle-8,1920,1080,433,./dataset/train/ADL-Rundle-8/img1/000434.jpg
959,1,ADL-Rundle-8,1920,1080,434,./dataset/train/ADL-Rundle-8/img1/000435.jpg
960,1,ADL-Rundle-8,1920,1080,435,./dataset/train/ADL-Rundle-8/img1/000436.jpg
961,1,ADL-Rundle-8,1920,1080,436,./dataset/train/ADL-Rundle-8/img1/000437.jpg
962,1,ADL-Rundle-8,1920,1080,437,./dataset/train/ADL-Rundle-8/img1/000438.jpg
963,1,ADL-Rundle-8,1920,1080,438,./dataset/train/ADL-Rundle-8/img1/000439.jpg
964,1,ADL-Rundle-8,1920,1080,439,./dataset/train/ADL-Rundle-8/img1/000440.jpg
965,1,ADL-Rundle-8,1920,1080,440,./dataset/train/ADL-Rundle-8/img1/000441.jpg
966,1,ADL-Rundle-8,1920,1080,441,./dataset/train/ADL-Rundle-8/img1/000442.jpg
967,1,ADL-Rundle-8,1920,1080,442,./dataset/train/ADL-Rundle-8/img1/000443.jpg
968,1,ADL-Rundle-8,1920,1080,443,./dataset/train/ADL-Rundle-8/img1/000444.jpg
969,1,ADL-Rundle-8,1920,1080,444,./dataset/train/ADL-Rundle-8/img1/000445.jpg
970,1,ADL-Rundle-8,1920,1080,445,./dataset/train/ADL-Rundle-8/img1/000446.jpg
971,1,ADL-Rundle-8,1920,1080,446,./dataset/train/ADL-Rundle-8/img1/000447.jpg
972,1,ADL-Rundle-8,1920,1080,447,./dataset/train/ADL-Rundle-8/img1/000448.jpg
973,1,ADL-Rundle-8,1920,1080,448,./dataset/train/ADL-Rundle-8/img1/000449.jpg
974,1,ADL-Rundle-8,1920,1080,449,./dataset/train/ADL-Rundle-8/img1/000450.jpg
975,1,ADL-Rundle-8,1920,1080,450,./dataset/train/ADL-Rundle-8/img1/000451.jpg
976,1,ADL-Rundle-8,1920,1080,451,./dataset/train/ADL-Rundle-8/img1/000452.jpg
977,1,ADL-Rundle-8,1920,1080,452,./dataset/train/ADL-Rundle-8/img1/000453.jpg
978,1,ADL-Rundle-8,1920,1080,453,./dataset/train/ADL-Rundle-8/img1/000454.jpg
979,1,ADL-Rundle-8,1920,1080,454,./dataset/train/ADL-Rundle-8/img1/000455.jpg
980,1,ADL-Rundle-8,1920,1080,455,./dataset/train/ADL-Rundle-8/img1/000456.jpg
981,1,ADL-Rundle-8,1920,1080,456,./dataset/train/ADL-Rundle-8/img1/000457.jpg
982,1,ADL-Rundle-8,1920,1080,457,./dataset/train/ADL-Rundle-8/img1/000458.jpg
983,1,ADL-Rundle-8,1920,1080,458,./dataset/train/ADL-Rundle-8/img1/000459.jpg
984,1,ADL-Rundle-8,1920,1080,459,./dataset/train/ADL-Rundle-8/img1/000460.jpg
985,1,ADL-Rundle-8,1920,1080,460,./dataset/train/ADL-Rundle-8/img1/000461.jpg
986,1,ADL-Rundle-8,1920,1080,461,./dataset/train/ADL-Rundle-8/img1/000462.jpg
987,1,ADL-Rundle-8,1920,1080,462,./dataset/train/ADL-Rundle-8/img1/000463.jpg
988,1,ADL-Rundle-8,1920,1080,463,./dataset/train/ADL-Rundle-8/img1/000464.jpg
989,1,ADL-Rundle-8,1920,1080,464,./dataset/train/ADL-Rundle-8/img1/000465.jpg
990,1,ADL-Rundle-8,1920,1080,465,./dataset/train/ADL-Rundle-8/img1/000466.jpg
991,1,ADL-Rundle-8,1920,1080,466,./dataset/train/ADL-Rundle-8/img1/000467.jpg
992,1,ADL-Rundle-8,1920,1080,467,./dataset/train/ADL-Rundle-8/img1/000468.jpg
993,1,ADL-Rundle-8,1920,1080,468,./dataset/train/ADL-Rundle-8/img1/000469.jpg
994,1,ADL-Rundle-8,1920,1080,469,./dataset/train/ADL-Rundle-8/img1/000470.jpg
995,1,ADL-Rundle-8,1920,1080,470,./dataset/train/ADL-Rundle-8/img1/000471.jpg
996,1,ADL-Rundle-8,1920,1080,471,./dataset/train/ADL-Rundle-8/img1/000472.jpg
997,1,ADL-Rundle-8,1920,1080,472,./dataset/train/ADL-Rundle-8/img1/000473.jpg
998,1,ADL-Rundle-8,1920,1080,473,./dataset/train/ADL-Rundle-8/img1/000474.jpg
999,1,ADL-Rundle-8,1920,1080,474,./dataset/train/ADL-Rundle-8/img1/000475.jpg
1000,1,ADL-Rundle-8,1920,1080,475,./dataset/train/ADL-Rundle-8/img1/000476.jpg
1001,1,ADL-Rundle-8,1920,1080,476,./dataset/train/ADL-Rundle-8/img1/000477.jpg
1002,1,ADL-Rundle-8,1920,1080,477,./dataset/train/ADL-Rundle-8/img1/000478.jpg
1003,1,ADL-Rundle-8,1920,1080,478,./dataset/train/ADL-Rundle-8/img1/000479.jpg
1004,1,ADL-Rundle-8,1920,1080,479,./dataset/train/ADL-Rundle-8/img1/000480.jpg
1005,1,ADL-Rundle-8,1920,1080,480,./dataset/train/ADL-Rundle-8/img1/000481.jpg
1006,1,ADL-Rundle-8,1920,1080,481,./dataset/train/ADL-Rundle-8/img1/000482.jpg
1007,1,ADL-Rundle-8,1920,1080,482,./dataset/train/ADL-Rundle-8/img1/000483.jpg
1008,1,ADL-Rundle-8,1920,1080,483,./dataset/train/ADL-Rundle-8/img1/000484.jpg
1009,1,ADL-Rundle-8,1920,1080,484,./dataset/train/ADL-Rundle-8/img1/000485.jpg
1010,1,ADL-Rundle-8,1920,1080,485,./dataset/train/ADL-Rundle-8/img1/000486.jpg
1011,1,ADL-Rundle-8,1920,1080,486,./dataset/train/ADL-Rundle-8/img1/000487.jpg
1012,1,ADL-Rundle-8,1920,1080,487,./dataset/train/ADL-Rundle-8/img1/000488.jpg
1013,1,ADL-Rundle-8,1920,1080,488,./dataset/train/ADL-Rundle-8/img1/000489.jpg
1014,1,ADL-Rundle-8,1920,1080,489,./dataset/train/ADL-Rundle-8/img1/000490.jpg
1015,1,ADL-Rundle-8,1920,1080,490,./dataset/train/ADL-Rundle-8/img1/000491.jpg
1016,1,ADL-Rundle-8,1920,1080,491,./dataset/train/ADL-Rundle-8/img1/000492.jpg
1017,1,ADL-Rundle-8,1920,1080,492,./dataset/train/ADL-Rundle-8/img1/000493.jpg
1018,1,ADL-Rundle-8,1920,1080,493,./dataset/train/ADL-Rundle-8/img1/000494.jpg
1019,1,ADL-Rundle-8,1920,1080,494,./dataset/train/ADL-Rundle-8/img1/000495.jpg
1020,1,ADL-Rundle-8,1920,1080,495,./dataset/train/ADL-Rundle-8/img1/000496.jpg
1021,1,ADL-Rundle-8,1920,1080,496,./dataset/train/ADL-Rundle-8/img1/000497.jpg
1022,1,ADL-Rundle-8,1920,1080,497,./dataset/train/ADL-Rundle-8/img1/000498.jpg
1023,1,ADL-Rundle-8,1920,1080,498,./dataset/train/ADL-Rundle-8/img1/000499.jpg
1024,1,ADL-Rundle-8,1920,1080,499,./dataset/train/ADL-Rundle-8/img1/000500.jpg
1025,1,ADL-Rundle-8,1920,1080,500,./dataset/train/ADL-Rundle-8/img1/000501.jpg
1026,1,ADL-Rundle-8,1920,1080,501,./dataset/train/ADL-Rundle-8/img1/000502.jpg
1027,1,ADL-Rundle-8,1920,1080,502,./dataset/train/ADL-Rundle-8/img1/000503.jpg
1028,1,ADL-Rundle-8,1920,1080,503,./dataset/train/ADL-Rundle-8/img1/000504.jpg
1029,1,ADL-Rundle-8,1920,1080,504,./dataset/train/ADL-Rundle-8/img1/000505.jpg
1030,1,ADL-Rundle-8,1920,1080,505,./dataset/train/ADL-Rundle-8/img1/000506.jpg
1031,1,ADL-Rundle-8,1920,1080,506,./dataset/train/ADL-Rundle-8/img1/000507.jpg
1032,1,ADL-Rundle-8,1920,1080,507,./dataset/train/ADL-Rundle-8/img1/000508.jpg
1033,1,ADL-Rundle-8,1920,1080,508,./dataset/train/ADL-Rundle-8/img1/000509.jpg
1034,1,ADL-Rundle-8,1920,1080,509,./dataset/train/ADL-Rundle-8/img1/000510.jpg
1035,1,ADL-Rundle-8,1920,1080,510,./dataset/train/ADL-Rundle-8/img1/000511.jpg
1036,1,ADL-Rundle-8,1920,1080,511,./dataset/train/ADL-Rundle-8/img1/000512.jpg
1037,1,ADL-Rundle-8,1920,1080,512,./dataset/train/ADL-Rundle-8/img1/000513.jpg
1038,1,ADL-Rundle-8,1920,1080,513,./dataset/train/ADL-Rundle-8/img1/000514.jpg
1039,1,ADL-Rundle-8,1920,1080,514,./dataset/train/ADL-Rundle-8/img1/000515.jpg
1040,1,ADL-Rundle-8,1920,1080,515,./dataset/train/ADL-Rundle-8/img1/000516.jpg
1041,1,ADL-Rundle-8,1920,1080,516,./dataset/train/ADL-Rundle-8/img1/000517.jpg
1042,1,ADL-Rundle-8,1920,1080,517,./dataset/train/ADL-Rundle-8/img1/000518.jpg
1043,1,ADL-Rundle-8,1920,1080,518,./dataset/train/ADL-Rundle-8/img1/000519.jpg
1044,1,ADL-Rundle-8,1920,1080,519,./dataset/train/ADL-Rundle-8/img1/000520.jpg
1045,1,ADL-Rundle-8,1920,1080,520,./dataset/train/ADL-Rundle-8/img1/000521.jpg
1046,1,ADL-Rundle-8,1920,1080,521,./dataset/train/ADL-Rundle-8/img1/000522.jpg
1047,1,ADL-Rundle-8,1920,1080,522,./dataset/train/ADL-Rundle-8/img1/000523.jpg
1048,1,ADL-Rundle-8,1920,1080,523,./dataset/train/ADL-Rundle-8/img1/000524.jpg
1049,1,ADL-Rundle-8,1920,1080,524,./dataset/train/ADL-Rundle-8/img1/000525.jpg
1050,1,ADL-Rundle-8,1920,1080,525,./dataset/train/ADL-Rundle-8/img1/000526.jpg
1051,1,ADL-Rundle-8,1920,1080,526,./dataset/train/ADL-Rundle-8/img1/000527.jpg
1052,1,ADL-Rundle-8,1920,1080,527,./dataset/train/ADL-Rundle-8/img1/000528.jpg
1053,1,ADL-Rundle-8,1920,1080,528,./dataset/train/ADL-Rundle-8/img1/000529.jpg
1054,1,ADL-Rundle-8,1920,1080,529,./dataset/train/ADL-Rundle-8/img1/000530.jpg
1055,1,ADL-Rundle-8,1920,1080,530,./dataset/train/ADL-Rundle-8/img1/000531.jpg
1056,1,ADL-Rundle-8,1920,1080,531,./dataset/train/ADL-Rundle-8/img1/000532.jpg
1057,1,ADL-Rundle-8,1920,1080,532,./dataset/train/ADL-Rundle-8/img1/000533.jpg
1058,1,ADL-Rundle-8,1920,1080,533,./dataset/train/ADL-Rundle-8/img1/000534.jpg
1059,1,ADL-Rundle-8,1920,1080,534,./dataset/train/ADL-Rundle-8/img1/000535.jpg
1060,1,ADL-Rundle-8,1920,1080,535,./dataset/train/ADL-Rundle-8/img1/000536.jpg
1061,1,ADL-Rundle-8,1920,1080,536,./dataset/train/ADL-Rundle-8/img1/000537.jpg
1062,1,ADL-Rundle-8,1920,1080,537,./dataset/train/ADL-Rundle-8/img1/000538.jpg
1063,1,ADL-Rundle-8,1920,1080,538,./dataset/train/ADL-Rundle-8/img1/000539.jpg
1064,1,ADL-Rundle-8,1920,1080,539,./dataset/train/ADL-Rundle-8/img1/000540.jpg
1065,1,ADL-Rundle-8,1920,1080,540,./dataset/train/ADL-Rundle-8/img1/000541.jpg
1066,1,ADL-Rundle-8,1920,1080,541,./dataset/train/ADL-Rundle-8/img1/000542.jpg
1067,1,ADL-Rundle-8,1920,1080,542,./dataset/train/ADL-Rundle-8/img1/000543.jpg
1068,1,ADL-Rundle-8,1920,1080,543,./dataset/train/ADL-Rundle-8/img1/000544.jpg
1069,1,ADL-Rundle-8,1920,1080,544,./dataset/train/ADL-Rundle-8/img1/000545.jpg
1070,1,ADL-Rundle-8,1920,1080,545,./dataset/train/ADL-Rundle-8/img1/000546.jpg
1071,1,ADL-Rundle-8,1920,1080,546,./dataset/train/ADL-Rundle-8/img1/000547.jpg
1072,1,ADL-Rundle-8,1920,1080,547,./dataset/train/ADL-Rundle-8/img1/000548.jpg
1073,1,ADL-Rundle-8,1920,1080,548,./dataset/train/ADL-Rundle-8/img1/000549.jpg
1074,1,ADL-Rundle-8,1920,1080,549,./dataset/train/ADL-Rundle-8/img1/000550.jpg
1075,1,ADL-Rundle-8,1920,1080,550,./dataset/train/ADL-Rundle-8/img1/000551.jpg
1076,1,ADL-Rundle-8,1920,1080,551,./dataset/train/ADL-Rundle-8/img1/000552.jpg
1077,1,ADL-Rundle-8,1920,1080,552,./dataset/train/ADL-Rundle-8/img1/000553.jpg
1078,1,ADL-Rundle-8,1920,1080,553,./dataset/train/ADL-Rundle-8/img1/000554.jpg
1079,1,ADL-Rundle-8,1920,1080,554,./dataset/train/ADL-Rundle-8/img1/000555.jpg
1080,1,ADL-Rundle-8,1920,1080,555,./dataset/train/ADL-Rundle-8/img1/000556.jpg
1081,1,ADL-Rundle-8,1920,1080,556,./dataset/train/ADL-Rundle-8/img1/000557.jpg
1082,1,ADL-Rundle-8,1920,1080,557,./dataset/train/ADL-Rundle-8/img1/000558.jpg
1083,1,ADL-Rundle-8,1920,1080,558,./dataset/train/ADL-Rundle-8/img1/000559.jpg
1084,1,ADL-Rundle-8,1920,1080,559,./dataset/train/ADL-Rundle-8/img1/000560.jpg
1085,1,ADL-Rundle-8,1920,1080,560,./dataset/train/ADL-Rundle-8/img1/000561.jpg
1086,1,ADL-Rundle-8,1920,1080,561,./dataset/train/ADL-Rundle-8/img1/000562.jpg
1087,1,ADL-Rundle-8,1920,1080,562,./dataset/train/ADL-Rundle-8/img1/000563.jpg
1088,1,ADL-Rundle-8,1920,1080,563,./dataset/train/ADL-Rundle-8/img1/000564.jpg
1089,1,ADL-Rundle-8,1920,1080,564,./dataset/train/ADL-Rundle-8/img1/000565.jpg
1090,1,ADL-Rundle-8,1920,1080,565,./dataset/train/ADL-Rundle-8/img1/000566.jpg
1091,1,ADL-Rundle-8,1920,1080,566,./dataset/train/ADL-Rundle-8/img1/000567.jpg
1092,1,ADL-Rundle-8,1920,1080,567,./dataset/train/ADL-Rundle-8/img1/000568.jpg
1093,1,ADL-Rundle-8,1920,1080,568,./dataset/train/ADL-Rundle-8/img1/000569.jpg
1094,1,ADL-Rundle-8,1920,1080,569,./dataset/train/ADL-Rundle-8/img1/000570.jpg
1095,1,ADL-Rundle-8,1920,1080,570,./dataset/train/ADL-Rundle-8/img1/000571.jpg
1096,1,ADL-Rundle-8,1920,1080,571,./dataset/train/ADL-Rundle-8/img1/000572.jpg
1097,1,ADL-Rundle-8,1920,1080,572,./dataset/train/ADL-Rundle-8/img1/000573.jpg
1098,1,ADL-Rundle-8,1920,1080,573,./dataset/train/ADL-Rundle-8/img1/000574.jpg
1099,1,ADL-Rundle-8,1920,1080,574,./dataset/train/ADL-Rundle-8/img1/000575.jpg
1100,1,ADL-Rundle-8,1920,1080,575,./dataset/train/ADL-Rundle-8/img1/000576.jpg
1101,1,ADL-Rundle-8,1920,1080,576,./dataset/train/ADL-Rundle-8/img1/000577.jpg
1102,1,ADL-Rundle-8,1920,1080,577,./dataset/train/ADL-Rundle-8/img1/000578.jpg
1103,1,ADL-Rundle-8,1920,1080,578,./dataset/train/ADL-Rundle-8/img1/000579.jpg
1104,1,ADL-Rundle-8,1920,1080,579,./dataset/train/ADL-Rundle-8/img1/000580.jpg
1105,1,ADL-Rundle-8,1920,1080,580,./dataset/train/ADL-Rundle-8/img1/000581.jpg
1106,1,ADL-Rundle-8,1920,1080,581,./dataset/train/ADL-Rundle-8/img1/000582.jpg
1107,1,ADL-Rundle-8,1920,1080,582,./dataset/train/ADL-Rundle-8/img1/000583.jpg
1108,1,ADL-Rundle-8,1920,1080,583,./dataset/train/ADL-Rundle-8/img1/000584.jpg
1109,1,ADL-Rundle-8,1920,1080,584,./dataset/train/ADL-Rundle-8/img1/000585.jpg
1110,1,ADL-Rundle-8,1920,1080,585,./dataset/train/ADL-Rundle-8/img1/000586.jpg
1111,1,ADL-Rundle-8,1920,1080,586,./dataset/train/ADL-Rundle-8/img1/000587.jpg
1112,1,ADL-Rundle-8,1920,1080,587,./dataset/train/ADL-Rundle-8/img1/000588.jpg
1113,1,ADL-Rundle-8,1920,1080,588,./dataset/train/ADL-Rundle-8/img1/000589.jpg
1114,1,ADL-Rundle-8,1920,1080,589,./dataset/train/ADL-Rundle-8/img1/000590.jpg
1115,1,ADL-Rundle-8,1920,1080,590,./dataset/train/ADL-Rundle-8/img1/000591.jpg
1116,1,ADL-Rundle-8,1920,1080,591,./dataset/train/ADL-Rundle-8/img1/000592.jpg
1117,1,ADL-Rundle-8,1920,1080,592,./dataset/train/ADL-Rundle-8/img1/000593.jpg
1118,1,ADL-Rundle-8,1920,1080,593,./dataset/train/ADL-Rundle-8/img1/000594.jpg
1119,1,ADL-Rundle-8,1920,1080,594,./dataset/train/ADL-Rundle-8/img1/000595.jpg
1120,1,ADL-Rundle-8,1920,1080,595,./dataset/train/ADL-Rundle-8/img1/000596.jpg
1121,1,ADL-Rundle-8,1920,1080,596,./dataset/train/ADL-Rundle-8/img1/000597.jpg
1122,1,ADL-Rundle-8,1920,1080,597,./dataset/train/ADL-Rundle-8/img1/000598.jpg
1123,1,ADL-Rundle-8,1920,1080,598,./dataset/train/ADL-Rundle-8/img1/000599.jpg
1124,1,ADL-Rundle-8,1920,1080,599,./dataset/train/ADL-Rundle-8/img1/000600.jpg
1125,1,ADL-Rundle-8,1920,1080,600,./dataset/train/ADL-Rundle-8/img1/000601.jpg
1126,1,ADL-Rundle-8,1920,1080,601,./dataset/train/ADL-Rundle-8/img1/000602.jpg
1127,1,ADL-Rundle-8,1920,1080,602,./dataset/train/ADL-Rundle-8/img1/000603.jpg
1128,1,ADL-Rundle-8,1920,1080,603,./dataset/train/ADL-Rundle-8/img1/000604.jpg
1129,1,ADL-Rundle-8,1920,1080,604,./dataset/train/ADL-Rundle-8/img1/000605.jpg
1130,1,ADL-Rundle-8,1920,1080,605,./dataset/train/ADL-Rundle-8/img1/000606.jpg
1131,1,ADL-Rundle-8,1920,1080,606,./dataset/train/ADL-Rundle-8/img1/000607.jpg
1132,1,ADL-Rundle-8,1920,1080,607,./dataset/train/ADL-Rundle-8/img1/000608.jpg
1133,1,ADL-Rundle-8,1920,1080,608,./dataset/train/ADL-Rundle-8/img1/000609.jpg
1134,1,ADL-Rundle-8,1920,1080,609,./dataset/train/ADL-Rundle-8/img1/000610.jpg
1135,1,ADL-Rundle-8,1920,1080,610,./dataset/train/ADL-Rundle-8/img1/000611.jpg
1136,1,ADL-Rundle-8,1920,1080,611,./dataset/train/ADL-Rundle-8/img1/000612.jpg
1137,1,ADL-Rundle-8,1920,1080,612,./dataset/train/ADL-Rundle-8/img1/000613.jpg
1138,1,ADL-Rundle-8,1920,1080,613,./dataset/train/ADL-Rundle-8/img1/000614.jpg
1139,1,ADL-Rundle-8,1920,1080,614,./dataset/train/ADL-Rundle-8/img1/000615.jpg
1140,1,ADL-Rundle-8,1920,1080,615,./dataset/train/ADL-Rundle-8/img1/000616.jpg
1141,1,ADL-Rundle-8,1920,1080,616,./dataset/train/ADL-Rundle-8/img1/000617.jpg
1142,1,ADL-Rundle-8,1920,1080,617,./dataset/train/ADL-Rundle-8/img1/000618.jpg
1143,1,ADL-Rundle-8,1920,1080,618,./dataset/train/ADL-Rundle-8/img1/000619.jpg
1144,1,ADL-Rundle-8,1920,1080,619,./dataset/train/ADL-Rundle-8/img1/000620.jpg
1145,1,ADL-Rundle-8,1920,1080,620,./dataset/train/ADL-Rundle-8/img1/000621.jpg
1146,1,ADL-Rundle-8,1920,1080,621,./dataset/train/ADL-Rundle-8/img1/000622.jpg
1147,1,ADL-Rundle-8,1920,1080,622,./dataset/train/ADL-Rundle-8/img1/000623.jpg
1148,1,ADL-Rundle-8,1920,1080,623,./dataset/train/ADL-Rundle-8/img1/000624.jpg
1149,1,ADL-Rundle-8,1920,1080,624,./dataset/train/ADL-Rundle-8/img1/000625.jpg
1150,1,ADL-Rundle-8,1920,1080,625,./dataset/train/ADL-Rundle-8/img1/000626.jpg
1151,1,ADL-Rundle-8,1920,1080,626,./dataset/train/ADL-Rundle-8/img1/000627.jpg
1152,1,ADL-Rundle-8,1920,1080,627,./dataset/train/ADL-Rundle-8/img1/000628.jpg
1153,1,ADL-Rundle-8,1920,1080,628,./dataset/train/ADL-Rundle-8/img1/000629.jpg
1154,1,ADL-Rundle-8,1920,1080,629,./dataset/train/ADL-Rundle-8/img1/000630.jpg
1155,1,ADL-Rundle-8,1920,1080,630,./dataset/train/ADL-Rundle-8/img1/000631.jpg
1156,1,ADL-Rundle-8,1920,1080,631,./dataset/train/ADL-Rundle-8/img1/000632.jpg
1157,1,ADL-Rundle-8,1920,1080,632,./dataset/train/ADL-Rundle-8/img1/000633.jpg
1158,1,ADL-Rundle-8,1920,1080,633,./dataset/train/ADL-Rundle-8/img1/000634.jpg
1159,1,ADL-Rundle-8,1920,1080,634,./dataset/train/ADL-Rundle-8/img1/000635.jpg
1160,1,ADL-Rundle-8,1920,1080,635,./dataset/train/ADL-Rundle-8/img1/000636.jpg
1161,1,ADL-Rundle-8,1920,1080,636,./dataset/train/ADL-Rundle-8/img1/000637.jpg
1162,1,ADL-Rundle-8,1920,1080,637,./dataset/train/ADL-Rundle-8/img1/000638.jpg
1163,1,ADL-Rundle-8,1920,1080,638,./dataset/train/ADL-Rundle-8/img1/000639.jpg
1164,1,ADL-Rundle-8,1920,1080,639,./dataset/train/ADL-Rundle-8/img1/000640.jpg
1165,1,ADL-Rundle-8,1920,1080,640,./dataset/train/ADL-Rundle-8/img1/000641.jpg
1166,1,ADL-Rundle-8,1920,1080,641,./dataset/train/ADL-Rundle-8/img1/000642.jpg
1167,1,ADL-Rundle-8,1920,1080,642,./dataset/train/ADL-Rundle-8/img1/000643.jpg
1168,1,ADL-Rundle-8,1920,1080,643,./dataset/train/ADL-Rundle-8/img1/000644.jpg
1169,1,ADL-Rundle-8,1920,1080,644,./dataset/train/ADL-Rundle-8/img1/000645.jpg
1170,1,ADL-Rundle-8,1920,1080,645,./dataset/train/ADL-Rundle-8/img1/000646.jpg
1171,1,ADL-Rundle-8,1920,1080,646,./dataset/train/ADL-Rundle-8/img1/000647.jpg
1172,1,ADL-Rundle-8,1920,1080,647,./dataset/train/ADL-Rundle-8/img1/000648.jpg
1173,1,ADL-Rundle-8,1920,1080,648,./dataset/train/ADL-Rundle-8/img1/000649.jpg
1174,1,ADL-Rundle-8,1920,1080,649,./dataset/train/ADL-Rundle-8/img1/000650.jpg
1175,1,ADL-Rundle-8,1920,1080,650,./dataset/train/ADL-Rundle-8/img1/000651.jpg
1176,1,ADL-Rundle-8,1920,1080,651,./dataset/train/ADL-Rundle-8/img1/000652.jpg
1177,1,ADL-Rundle-8,1920,1080,652,./dataset/train/ADL-Rundle-8/img1/000653.jpg
1178,1,ADL-Rundle-8,1920,1080,653,./dataset/train/ADL-Rundle-8/img1/000654.jpg
1179,2,ETH-Bahnhof,640,480,0,./dataset/train/ETH-Bahnhof/img1/000001.jpg
1180,2,ETH-Bahnhof,640,480,1,./dataset/train/ETH-Bahnhof/img1/000002.jpg
1181,2,ETH-Bahnhof,640,480,2,./dataset/train/ETH-Bahnhof/img1/000003.jpg
1182,2,ETH-Bahnhof,640,480,3,./dataset/train/ETH-Bahnhof/img1/000004.jpg
1183,2,ETH-Bahnhof,640,480,4,./dataset/train/ETH-Bahnhof/img1/000005.jpg
1184,2,ETH-Bahnhof,640,480,5,./dataset/train/ETH-Bahnhof/img1/000006.jpg
1185,2,ETH-Bahnhof,640,480,6,./dataset/train/ETH-Bahnhof/img1/000007.jpg
1186,2,ETH-Bahnhof,640,480,7,./dataset/train/ETH-Bahnhof/img1/000008.jpg
1187,2,ETH-Bahnhof,640,480,8,./dataset/train/ETH-Bahnhof/img1/000009.jpg
1188,2,ETH-Bahnhof,640,480,9,./dataset/train/ETH-Bahnhof/img1/000010.jpg
1189,2,ETH-Bahnhof,640,480,10,./dataset/train/ETH-Bahnhof/img1/000011.jpg
1190,2,ETH-Bahnhof,640,480,11,./dataset/train/ETH-Bahnhof/img1/000012.jpg
1191,2,ETH-Bahnhof,640,480,12,./dataset/train/ETH-Bahnhof/img1/000013.jpg
1192,2,ETH-Bahnhof,640,480,13,./dataset/train/ETH-Bahnhof/img1/000014.jpg
1193,2,ETH-Bahnhof,640,480,14,./dataset/train/ETH-Bahnhof/img1/000015.jpg
1194,2,ETH-Bahnhof,640,480,15,./dataset/train/ETH-Bahnhof/img1/000016.jpg
1195,2,ETH-Bahnhof,640,480,16,./dataset/train/ETH-Bahnhof/img1/000017.jpg
1196,2,ETH-Bahnhof,640,480,17,./dataset/train/ETH-Bahnhof/img1/000018.jpg
1197,2,ETH-Bahnhof,640,480,18,./dataset/train/ETH-Bahnhof/img1/000019.jpg
1198,2,ETH-Bahnhof,640,480,19,./dataset/train/ETH-Bahnhof/img1/000020.jpg
1199,2,ETH-Bahnhof,640,480,20,./dataset/train/ETH-Bahnhof/img1/000021.jpg
1200,2,ETH-Bahnhof,640,480,21,./dataset/train/ETH-Bahnhof/img1/000022.jpg
1201,2,ETH-Bahnhof,640,480,22,./dataset/train/ETH-Bahnhof/img1/000023.jpg
1202,2,ETH-Bahnhof,640,480,23,./dataset/train/ETH-Bahnhof/img1/000024.jpg
1203,2,ETH-Bahnhof,640,480,24,./dataset/train/ETH-Bahnhof/img1/000025.jpg
1204,2,ETH-Bahnhof,640,480,25,./dataset/train/ETH-Bahnhof/img1/000026.jpg
1205,2,ETH-Bahnhof,640,480,26,./dataset/train/ETH-Bahnhof/img1/000027.jpg
1206,2,ETH-Bahnhof,640,480,27,./dataset/train/ETH-Bahnhof/img1/000028.jpg
1207,2,ETH-Bahnhof,640,480,28,./dataset/train/ETH-Bahnhof/img1/000029.jpg
1208,2,ETH-Bahnhof,640,480,29,./dataset/train/ETH-Bahnhof/img1/000030.jpg
1209,2,ETH-Bahnhof,640,480,30,./dataset/train/ETH-Bahnhof/img1/000031.jpg
1210,2,ETH-Bahnhof,640,480,31,./dataset/train/ETH-Bahnhof/img1/000032.jpg
1211,2,ETH-Bahnhof,640,480,32,./dataset/train/ETH-Bahnhof/img1/000033.jpg
1212,2,ETH-Bahnhof,640,480,33,./dataset/train/ETH-Bahnhof/img1/000034.jpg
1213,2,ETH-Bahnhof,640,480,34,./dataset/train/ETH-Bahnhof/img1/000035.jpg
1214,2,ETH-Bahnhof,640,480,35,./dataset/train/ETH-Bahnhof/img1/000036.jpg
1215,2,ETH-Bahnhof,640,480,36,./dataset/train/ETH-Bahnhof/img1/000037.jpg
1216,2,ETH-Bahnhof,640,480,37,./dataset/train/ETH-Bahnhof/img1/000038.jpg
1217,2,ETH-Bahnhof,640,480,38,./dataset/train/ETH-Bahnhof/img1/000039.jpg
1218,2,ETH-Bahnhof,640,480,39,./dataset/train/ETH-Bahnhof/img1/000040.jpg
1219,2,ETH-Bahnhof,640,480,40,./dataset/train/ETH-Bahnhof/img1/000041.jpg
1220,2,ETH-Bahnhof,640,480,41,./dataset/train/ETH-Bahnhof/img1/000042.jpg
1221,2,ETH-Bahnhof,640,480,42,./dataset/train/ETH-Bahnhof/img1/000043.jpg
1222,2,ETH-Bahnhof,640,480,43,./dataset/train/ETH-Bahnhof/img1/000044.jpg
1223,2,ETH-Bahnhof,640,480,44,./dataset/train/ETH-Bahnhof/img1/000045.jpg
1224,2,ETH-Bahnhof,640,480,45,./dataset/train/ETH-Bahnhof/img1/000046.jpg
1225,2,ETH-Bahnhof,640,480,46,./dataset/train/ETH-Bahnhof/img1/000047.jpg
1226,2,ETH-Bahnhof,640,480,47,./dataset/train/ETH-Bahnhof/img1/000048.jpg
1227,2,ETH-Bahnhof,640,480,48,./dataset/train/ETH-Bahnhof/img1/000049.jpg
1228,2,ETH-Bahnhof,640,480,49,./dataset/train/ETH-Bahnhof/img1/000050.jpg
1229,2,ETH-Bahnhof,640,480,50,./dataset/train/ETH-Bahnhof/img1/000051.jpg
1230,2,ETH-Bahnhof,640,480,51,./dataset/train/ETH-Bahnhof/img1/000052.jpg
1231,2,ETH-Bahnhof,640,480,52,./dataset/train/ETH-Bahnhof/img1/000053.jpg
1232,2,ETH-Bahnhof,640,480,53,./dataset/train/ETH-Bahnhof/img1/000054.jpg
1233,2,ETH-Bahnhof,640,480,54,./dataset/train/ETH-Bahnhof/img1/000055.jpg
1234,2,ETH-Bahnhof,640,480,55,./dataset/train/ETH-Bahnhof/img1/000056.jpg
1235,2,ETH-Bahnhof,640,480,56,./dataset/train/ETH-Bahnhof/img1/000057.jpg
1236,2,ETH-Bahnhof,640,480,57,./dataset/train/ETH-Bahnhof/img1/000058.jpg
1237,2,ETH-Bahnhof,640,480,58,./dataset/train/ETH-Bahnhof/img1/000059.jpg
1238,2,ETH-Bahnhof,640,480,59,./dataset/train/ETH-Bahnhof/img1/000060.jpg
1239,2,ETH-Bahnhof,640,480,60,./dataset/train/ETH-Bahnhof/img1/000061.jpg
1240,2,ETH-Bahnhof,640,480,61,./dataset/train/ETH-Bahnhof/img1/000062.jpg
1241,2,ETH-Bahnhof,640,480,62,./dataset/train/ETH-Bahnhof/img1/000063.jpg
1242,2,ETH-Bahnhof,640,480,63,./dataset/train/ETH-Bahnhof/img1/000064.jpg
1243,2,ETH-Bahnhof,640,480,64,./dataset/train/ETH-Bahnhof/img1/000065.jpg
1244,2,ETH-Bahnhof,640,480,65,./dataset/train/ETH-Bahnhof/img1/000066.jpg
1245,2,ETH-Bahnhof,640,480,66,./dataset/train/ETH-Bahnhof/img1/000067.jpg
1246,2,ETH-Bahnhof,640,480,67,./dataset/train/ETH-Bahnhof/img1/000068.jpg
1247,2,ETH-Bahnhof,640,480,68,./dataset/train/ETH-Bahnhof/img1/000069.jpg
1248,2,ETH-Bahnhof,640,480,69,./dataset/train/ETH-Bahnhof/img1/000070.jpg
1249,2,ETH-Bahnhof,640,480,70,./dataset/train/ETH-Bahnhof/img1/000071.jpg
1250,2,ETH-Bahnhof,640,480,71,./dataset/train/ETH-Bahnhof/img1/000072.jpg
1251,2,ETH-Bahnhof,640,480,72,./dataset/train/ETH-Bahnhof/img1/000073.jpg
1252,2,ETH-Bahnhof,640,480,73,./dataset/train/ETH-Bahnhof/img1/000074.jpg
1253,2,ETH-Bahnhof,640,480,74,./dataset/train/ETH-Bahnhof/img1/000075.jpg
1254,2,ETH-Bahnhof,640,480,75,./dataset/train/ETH-Bahnhof/img1/000076.jpg
1255,2,ETH-Bahnhof,640,480,76,./dataset/train/ETH-Bahnhof/img1/000077.jpg
1256,2,ETH-Bahnhof,640,480,77,./dataset/train/ETH-Bahnhof/img1/000078.jpg
1257,2,ETH-Bahnhof,640,480,78,./dataset/train/ETH-Bahnhof/img1/000079.jpg
1258,2,ETH-Bahnhof,640,480,79,./dataset/train/ETH-Bahnhof/img1/000080.jpg
1259,2,ETH-Bahnhof,640,480,80,./dataset/train/ETH-Bahnhof/img1/000081.jpg
1260,2,ETH-Bahnhof,640,480,81,./dataset/train/ETH-Bahnhof/img1/000082.jpg
1261,2,ETH-Bahnhof,640,480,82,./dataset/train/ETH-Bahnhof/img1/000083.jpg
1262,2,ETH-Bahnhof,640,480,83,./dataset/train/ETH-Bahnhof/img1/000084.jpg
1263,2,ETH-Bahnhof,640,480,84,./dataset/train/ETH-Bahnhof/img1/000085.jpg
1264,2,ETH-Bahnhof,640,480,85,./dataset/train/ETH-Bahnhof/img1/000086.jpg
1265,2,ETH-Bahnhof,640,480,86,./dataset/train/ETH-Bahnhof/img1/000087.jpg
1266,2,ETH-Bahnhof,640,480,87,./dataset/train/ETH-Bahnhof/img1/000088.jpg
1267,2,ETH-Bahnhof,640,480,88,./dataset/train/ETH-Bahnhof/img1/000089.jpg
1268,2,ETH-Bahnhof,640,480,89,./dataset/train/ETH-Bahnhof/img1/000090.jpg
1269,2,ETH-Bahnhof,640,480,90,./dataset/train/ETH-Bahnhof/img1/000091.jpg
1270,2,ETH-Bahnhof,640,480,91,./dataset/train/ETH-Bahnhof/img1/000092.jpg
1271,2,ETH-Bahnhof,640,480,92,./dataset/train/ETH-Bahnhof/img1/000093.jpg
1272,2,ETH-Bahnhof,640,480,93,./dataset/train/ETH-Bahnhof/img1/000094.jpg
1273,2,ETH-Bahnhof,640,480,94,./dataset/train/ETH-Bahnhof/img1/000095.jpg
1274,2,ETH-Bahnhof,640,480,95,./dataset/train/ETH-Bahnhof/img1/000096.jpg
1275,2,ETH-Bahnhof,640,480,96,./dataset/train/ETH-Bahnhof/img1/000097.jpg
1276,2,ETH-Bahnhof,640,480,97,./dataset/train/ETH-Bahnhof/img1/000098.jpg
1277,2,ETH-Bahnhof,640,480,98,./dataset/train/ETH-Bahnhof/img1/000099.jpg
1278,2,ETH-Bahnhof,640,480,99,./dataset/train/ETH-Bahnhof/img1/000100.jpg
1279,2,ETH-Bahnhof,640,480,100,./dataset/train/ETH-Bahnhof/img1/000101.jpg
1280,2,ETH-Bahnhof,640,480,101,./dataset/train/ETH-Bahnhof/img1/000102.jpg
1281,2,ETH-Bahnhof,640,480,102,./dataset/train/ETH-Bahnhof/img1/000103.jpg
1282,2,ETH-Bahnhof,640,480,103,./dataset/train/ETH-Bahnhof/img1/000104.jpg
1283,2,ETH-Bahnhof,640,480,104,./dataset/train/ETH-Bahnhof/img1/000105.jpg
1284,2,ETH-Bahnhof,640,480,105,./dataset/train/ETH-Bahnhof/img1/000106.jpg
1285,2,ETH-Bahnhof,640,480,106,./dataset/train/ETH-Bahnhof/img1/000107.jpg
1286,2,ETH-Bahnhof,640,480,107,./dataset/train/ETH-Bahnhof/img1/000108.jpg
1287,2,ETH-Bahnhof,640,480,108,./dataset/train/ETH-Bahnhof/img1/000109.jpg
1288,2,ETH-Bahnhof,640,480,109,./dataset/train/ETH-Bahnhof/img1/000110.jpg
1289,2,ETH-Bahnhof,640,480,110,./dataset/train/ETH-Bahnhof/img1/000111.jpg
1290,2,ETH-Bahnhof,640,480,111,./dataset/train/ETH-Bahnhof/img1/000112.jpg
1291,2,ETH-Bahnhof,640,480,112,./dataset/train/ETH-Bahnhof/img1/000113.jpg
1292,2,ETH-Bahnhof,640,480,113,./dataset/train/ETH-Bahnhof/img1/000114.jpg
1293,2,ETH-Bahnhof,640,480,114,./dataset/train/ETH-Bahnhof/img1/000115.jpg
1294,2,ETH-Bahnhof,640,480,115,./dataset/train/ETH-Bahnhof/img1/000116.jpg
1295,2,ETH-Bahnhof,640,480,116,./dataset/train/ETH-Bahnhof/img1/000117.jpg
1296,2,ETH-Bahnhof,640,480,117,./dataset/train/ETH-Bahnhof/img1/000118.jpg
1297,2,ETH-Bahnhof,640,480,118,./dataset/train/ETH-Bahnhof/img1/000119.jpg
1298,2,ETH-Bahnhof,640,480,119,./dataset/train/ETH-Bahnhof/img1/000120.jpg
1299,2,ETH-Bahnhof,640,480,120,./dataset/train/ETH-Bahnhof/img1/000121.jpg
1300,2,ETH-Bahnhof,640,480,121,./dataset/train/ETH-Bahnhof/img1/000122.jpg
1301,2,ETH-Bahnhof,640,480,122,./dataset/train/ETH-Bahnhof/img1/000123.jpg
1302,2,ETH-Bahnhof,640,480,123,./dataset/train/ETH-Bahnhof/img1/000124.jpg
1303,2,ETH-Bahnhof,640,480,124,./dataset/train/ETH-Bahnhof/img1/000125.jpg
1304,2,ETH-Bahnhof,640,480,125,./dataset/train/ETH-Bahnhof/img1/000126.jpg
1305,2,ETH-Bahnhof,640,480,126,./dataset/train/ETH-Bahnhof/img1/000127.jpg
1306,2,ETH-Bahnhof,640,480,127,./dataset/train/ETH-Bahnhof/img1/000128.jpg
1307,2,ETH-Bahnhof,640,480,128,./dataset/train/ETH-Bahnhof/img1/000129.jpg
1308,2,ETH-Bahnhof,640,480,129,./dataset/train/ETH-Bahnhof/img1/000130.jpg
1309,2,ETH-Bahnhof,640,480,130,./dataset/train/ETH-Bahnhof/img1/000131.jpg
1310,2,ETH-Bahnhof,640,480,131,./dataset/train/ETH-Bahnhof/img1/000132.jpg
1311,2,ETH-Bahnhof,640,480,132,./dataset/train/ETH-Bahnhof/img1/000133.jpg
1312,2,ETH-Bahnhof,640,480,133,./dataset/train/ETH-Bahnhof/img1/000134.jpg
1313,2,ETH-Bahnhof,640,480,134,./dataset/train/ETH-Bahnhof/img1/000135.jpg
1314,2,ETH-Bahnhof,640,480,135,./dataset/train/ETH-Bahnhof/img1/000136.jpg
1315,2,ETH-Bahnhof,640,480,136,./dataset/train/ETH-Bahnhof/img1/000137.jpg
1316,2,ETH-Bahnhof,640,480,137,./dataset/train/ETH-Bahnhof/img1/000138.jpg
1317,2,ETH-Bahnhof,640,480,138,./dataset/train/ETH-Bahnhof/img1/000139.jpg
1318,2,ETH-Bahnhof,640,480,139,./dataset/train/ETH-Bahnhof/img1/000140.jpg
1319,2,ETH-Bahnhof,640,480,140,./dataset/train/ETH-Bahnhof/img1/000141.jpg
1320,2,ETH-Bahnhof,640,480,141,./dataset/train/ETH-Bahnhof/img1/000142.jpg
1321,2,ETH-Bahnhof,640,480,142,./dataset/train/ETH-Bahnhof/img1/000143.jpg
1322,2,ETH-Bahnhof,640,480,143,./dataset/train/ETH-Bahnhof/img1/000144.jpg
1323,2,ETH-Bahnhof,640,480,144,./dataset/train/ETH-Bahnhof/img1/000145.jpg
1324,2,ETH-Bahnhof,640,480,145,./dataset/train/ETH-Bahnhof/img1/000146.jpg
1325,2,ETH-Bahnhof,640,480,146,./dataset/train/ETH-Bahnhof/img1/000147.jpg
1326,2,ETH-Bahnhof,640,480,147,./dataset/train/ETH-Bahnhof/img1/000148.jpg
1327,2,ETH-Bahnhof,640,480,148,./dataset/train/ETH-Bahnhof/img1/000149.jpg
1328,2,ETH-Bahnhof,640,480,149,./dataset/train/ETH-Bahnhof/img1/000150.jpg
1329,2,ETH-Bahnhof,640,480,150,./dataset/train/ETH-Bahnhof/img1/000151.jpg
1330,2,ETH-Bahnhof,640,480,151,./dataset/train/ETH-Bahnhof/img1/000152.jpg
1331,2,ETH-Bahnhof,640,480,152,./dataset/train/ETH-Bahnhof/img1/000153.jpg
1332,2,ETH-Bahnhof,640,480,153,./dataset/train/ETH-Bahnhof/img1/000154.jpg
1333,2,ETH-Bahnhof,640,480,154,./dataset/train/ETH-Bahnhof/img1/000155.jpg
1334,2,ETH-Bahnhof,640,480,155,./dataset/train/ETH-Bahnhof/img1/000156.jpg
1335,2,ETH-Bahnhof,640,480,156,./dataset/train/ETH-Bahnhof/img1/000157.jpg
1336,2,ETH-Bahnhof,640,480,157,./dataset/train/ETH-Bahnhof/img1/000158.jpg
1337,2,ETH-Bahnhof,640,480,158,./dataset/train/ETH-Bahnhof/img1/000159.jpg
1338,2,ETH-Bahnhof,640,480,159,./dataset/train/ETH-Bahnhof/img1/000160.jpg
1339,2,ETH-Bahnhof,640,480,160,./dataset/train/ETH-Bahnhof/img1/000161.jpg
1340,2,ETH-Bahnhof,640,480,161,./dataset/train/ETH-Bahnhof/img1/000162.jpg
1341,2,ETH-Bahnhof,640,480,162,./dataset/train/ETH-Bahnhof/img1/000163.jpg
1342,2,ETH-Bahnhof,640,480,163,./dataset/train/ETH-Bahnhof/img1/000164.jpg
1343,2,ETH-Bahnhof,640,480,164,./dataset/train/ETH-Bahnhof/img1/000165.jpg
1344,2,ETH-Bahnhof,640,480,165,./dataset/train/ETH-Bahnhof/img1/000166.jpg
1345,2,ETH-Bahnhof,640,480,166,./dataset/train/ETH-Bahnhof/img1/000167.jpg
1346,2,ETH-Bahnhof,640,480,167,./dataset/train/ETH-Bahnhof/img1/000168.jpg
1347,2,ETH-Bahnhof,640,480,168,./dataset/train/ETH-Bahnhof/img1/000169.jpg
1348,2,ETH-Bahnhof,640,480,169,./dataset/train/ETH-Bahnhof/img1/000170.jpg
1349,2,ETH-Bahnhof,640,480,170,./dataset/train/ETH-Bahnhof/img1/000171.jpg
1350,2,ETH-Bahnhof,640,480,171,./dataset/train/ETH-Bahnhof/img1/000172.jpg
1351,2,ETH-Bahnhof,640,480,172,./dataset/train/ETH-Bahnhof/img1/000173.jpg
1352,2,ETH-Bahnhof,640,480,173,./dataset/train/ETH-Bahnhof/img1/000174.jpg
1353,2,ETH-Bahnhof,640,480,174,./dataset/train/ETH-Bahnhof/img1/000175.jpg
1354,2,ETH-Bahnhof,640,480,175,./dataset/train/ETH-Bahnhof/img1/000176.jpg
1355,2,ETH-Bahnhof,640,480,176,./dataset/train/ETH-Bahnhof/img1/000177.jpg
1356,2,ETH-Bahnhof,640,480,177,./dataset/train/ETH-Bahnhof/img1/000178.jpg
1357,2,ETH-Bahnhof,640,480,178,./dataset/train/ETH-Bahnhof/img1/000179.jpg
1358,2,ETH-Bahnhof,640,480,179,./dataset/train/ETH-Bahnhof/img1/000180.jpg
1359,2,ETH-Bahnhof,640,480,180,./dataset/train/ETH-Bahnhof/img1/000181.jpg
1360,2,ETH-Bahnhof,640,480,181,./dataset/train/ETH-Bahnhof/img1/000182.jpg
1361,2,ETH-Bahnhof,640,480,182,./dataset/train/ETH-Bahnhof/img1/000183.jpg
1362,2,ETH-Bahnhof,640,480,183,./dataset/train/ETH-Bahnhof/img1/000184.jpg
1363,2,ETH-Bahnhof,640,480,184,./dataset/train/ETH-Bahnhof/img1/000185.jpg
1364,2,ETH-Bahnhof,640,480,185,./dataset/train/ETH-Bahnhof/img1/000186.jpg
1365,2,ETH-Bahnhof,640,480,186,./dataset/train/ETH-Bahnhof/img1/000187.jpg
1366,2,ETH-Bahnhof,640,480,187,./dataset/train/ETH-Bahnhof/img1/000188.jpg
1367,2,ETH-Bahnhof,640,480,188,./dataset/train/ETH-Bahnhof/img1/000189.jpg
1368,2,ETH-Bahnhof,640,480,189,./dataset/train/ETH-Bahnhof/img1/000190.jpg
1369,2,ETH-Bahnhof,640,480,190,./dataset/train/ETH-Bahnhof/img1/000191.jpg
1370,2,ETH-Bahnhof,640,480,191,./dataset/train/ETH-Bahnhof/img1/000192.jpg
1371,2,ETH-Bahnhof,640,480,192,./dataset/train/ETH-Bahnhof/img1/000193.jpg
1372,2,ETH-Bahnhof,640,480,193,./dataset/train/ETH-Bahnhof/img1/000194.jpg
1373,2,ETH-Bahnhof,640,480,194,./dataset/train/ETH-Bahnhof/img1/000195.jpg
1374,2,ETH-Bahnhof,640,480,195,./dataset/train/ETH-Bahnhof/img1/000196.jpg
1375,2,ETH-Bahnhof,640,480,196,./dataset/train/ETH-Bahnhof/img1/000197.jpg
1376,2,ETH-Bahnhof,640,480,197,./dataset/train/ETH-Bahnhof/img1/000198.jpg
1377,2,ETH-Bahnhof,640,480,198,./dataset/train/ETH-Bahnhof/img1/000199.jpg
1378,2,ETH-Bahnhof,640,480,199,./dataset/train/ETH-Bahnhof/img1/000200.jpg
1379,2,ETH-Bahnhof,640,480,200,./dataset/train/ETH-Bahnhof/img1/000201.jpg
1380,2,ETH-Bahnhof,640,480,201,./dataset/train/ETH-Bahnhof/img1/000202.jpg
1381,2,ETH-Bahnhof,640,480,202,./dataset/train/ETH-Bahnhof/img1/000203.jpg
1382,2,ETH-Bahnhof,640,480,203,./dataset/train/ETH-Bahnhof/img1/000204.jpg
1383,2,ETH-Bahnhof,640,480,204,./dataset/train/ETH-Bahnhof/img1/000205.jpg
1384,2,ETH-Bahnhof,640,480,205,./dataset/train/ETH-Bahnhof/img1/000206.jpg
1385,2,ETH-Bahnhof,640,480,206,./dataset/train/ETH-Bahnhof/img1/000207.jpg
1386,2,ETH-Bahnhof,640,480,207,./dataset/train/ETH-Bahnhof/img1/000208.jpg
1387,2,ETH-Bahnhof,640,480,208,./dataset/train/ETH-Bahnhof/img1/000209.jpg
1388,2,ETH-Bahnhof,640,480,209,./dataset/train/ETH-Bahnhof/img1/000210.jpg
1389,2,ETH-Bahnhof,640,480,210,./dataset/train/ETH-Bahnhof/img1/000211.jpg
1390,2,ETH-Bahnhof,640,480,211,./dataset/train/ETH-Bahnhof/img1/000212.jpg
1391,2,ETH-Bahnhof,640,480,212,./dataset/train/ETH-Bahnhof/img1/000213.jpg
1392,2,ETH-Bahnhof,640,480,213,./dataset/train/ETH-Bahnhof/img1/000214.jpg
1393,2,ETH-Bahnhof,640,480,214,./dataset/train/ETH-Bahnhof/img1/000215.jpg
1394,2,ETH-Bahnhof,640,480,215,./dataset/train/ETH-Bahnhof/img1/000216.jpg
1395,2,ETH-Bahnhof,640,480,216,./dataset/train/ETH-Bahnhof/img1/000217.jpg
1396,2,ETH-Bahnhof,640,480,217,./dataset/train/ETH-Bahnhof/img1/000218.jpg
1397,2,ETH-Bahnhof,640,480,218,./dataset/train/ETH-Bahnhof/img1/000219.jpg
1398,2,ETH-Bahnhof,640,480,219,./dataset/train/ETH-Bahnhof/img1/000220.jpg
1399,2,ETH-Bahnhof,640,480,220,./dataset/train/ETH-Bahnhof/img1/000221.jpg
1400,2,ETH-Bahnhof,640,480,221,./dataset/train/ETH-Bahnhof/img1/000222.jpg
1401,2,ETH-Bahnhof,640,480,222,./dataset/train/ETH-Bahnhof/img1/000223.jpg
1402,2,ETH-Bahnhof,640,480,223,./dataset/train/ETH-Bahnhof/img1/000224.jpg
1403,2,ETH-Bahnhof,640,480,224,./dataset/train/ETH-Bahnhof/img1/000225.jpg
1404,2,ETH-Bahnhof,640,480,225,./dataset/train/ETH-Bahnhof/img1/000226.jpg
1405,2,ETH-Bahnhof,640,480,226,./dataset/train/ETH-Bahnhof/img1/000227.jpg
1406,2,ETH-Bahnhof,640,480,227,./dataset/train/ETH-Bahnhof/img1/000228.jpg
1407,2,ETH-Bahnhof,640,480,228,./dataset/train/ETH-Bahnhof/img1/000229.jpg
1408,2,ETH-Bahnhof,640,480,229,./dataset/train/ETH-Bahnhof/img1/000230.jpg
1409,2,ETH-Bahnhof,640,480,230,./dataset/train/ETH-Bahnhof/img1/000231.jpg
1410,2,ETH-Bahnhof,640,480,231,./dataset/train/ETH-Bahnhof/img1/000232.jpg
1411,2,ETH-Bahnhof,640,480,232,./dataset/train/ETH-Bahnhof/img1/000233.jpg
1412,2,ETH-Bahnhof,640,480,233,./dataset/train/ETH-Bahnhof/img1/000234.jpg
1413,2,ETH-Bahnhof,640,480,234,./dataset/train/ETH-Bahnhof/img1/000235.jpg
1414,2,ETH-Bahnhof,640,480,235,./dataset/train/ETH-Bahnhof/img1/000236.jpg
1415,2,ETH-Bahnhof,640,480,236,./dataset/train/ETH-Bahnhof/img1/000237.jpg
1416,2,ETH-Bahnhof,640,480,237,./dataset/train/ETH-Bahnhof/img1/000238.jpg
1417,2,ETH-Bahnhof,640,480,238,./dataset/train/ETH-Bahnhof/img1/000239.jpg
1418,2,ETH-Bahnhof,640,480,239,./dataset/train/ETH-Bahnhof/img1/000240.jpg
1419,2,ETH-Bahnhof,640,480,240,./dataset/train/ETH-Bahnhof/img1/000241.jpg
1420,2,ETH-Bahnhof,640,480,241,./dataset/train/ETH-Bahnhof/img1/000242.jpg
1421,2,ETH-Bahnhof,640,480,242,./dataset/train/ETH-Bahnhof/img1/000243.jpg
1422,2,ETH-Bahnhof,640,480,243,./dataset/train/ETH-Bahnhof/img1/000244.jpg
1423,2,ETH-Bahnhof,640,480,244,./dataset/train/ETH-Bahnhof/img1/000245.jpg
1424,2,ETH-Bahnhof,640,480,245,./dataset/train/ETH-Bahnhof/img1/000246.jpg
1425,2,ETH-Bahnhof,640,480,246,./dataset/train/ETH-Bahnhof/img1/000247.jpg
1426,2,ETH-Bahnhof,640,480,247,./dataset/train/ETH-Bahnhof/img1/000248.jpg
1427,2,ETH-Bahnhof,640,480,248,./dataset/train/ETH-Bahnhof/img1/000249.jpg
1428,2,ETH-Bahnhof,640,480,249,./dataset/train/ETH-Bahnhof/img1/000250.jpg
1429,2,ETH-Bahnhof,640,480,250,./dataset/train/ETH-Bahnhof/img1/000251.jpg
1430,2,ETH-Bahnhof,640,480,251,./dataset/train/ETH-Bahnhof/img1/000252.jpg
1431,2,ETH-Bahnhof,640,480,252,./dataset/train/ETH-Bahnhof/img1/000253.jpg
1432,2,ETH-Bahnhof,640,480,253,./dataset/train/ETH-Bahnhof/img1/000254.jpg
1433,2,ETH-Bahnhof,640,480,254,./dataset/train/ETH-Bahnhof/img1/000255.jpg
1434,2,ETH-Bahnhof,640,480,255,./dataset/train/ETH-Bahnhof/img1/000256.jpg
1435,2,ETH-Bahnhof,640,480,256,./dataset/train/ETH-Bahnhof/img1/000257.jpg
1436,2,ETH-Bahnhof,640,480,257,./dataset/train/ETH-Bahnhof/img1/000258.jpg
1437,2,ETH-Bahnhof,640,480,258,./dataset/train/ETH-Bahnhof/img1/000259.jpg
1438,2,ETH-Bahnhof,640,480,259,./dataset/train/ETH-Bahnhof/img1/000260.jpg
1439,2,ETH-Bahnhof,640,480,260,./dataset/train/ETH-Bahnhof/img1/000261.jpg
1440,2,ETH-Bahnhof,640,480,261,./dataset/train/ETH-Bahnhof/img1/000262.jpg
1441,2,ETH-Bahnhof,640,480,262,./dataset/train/ETH-Bahnhof/img1/000263.jpg
1442,2,ETH-Bahnhof,640,480,263,./dataset/train/ETH-Bahnhof/img1/000264.jpg
1443,2,ETH-Bahnhof,640,480,264,./dataset/train/ETH-Bahnhof/img1/000265.jpg
1444,2,ETH-Bahnhof,640,480,265,./dataset/train/ETH-Bahnhof/img1/000266.jpg
1445,2,ETH-Bahnhof,640,480,266,./dataset/train/ETH-Bahnhof/img1/000267.jpg
1446,2,ETH-Bahnhof,640,480,267,./dataset/train/ETH-Bahnhof/img1/000268.jpg
1447,2,ETH-Bahnhof,640,480,268,./dataset/train/ETH-Bahnhof/img1/000269.jpg
1448,2,ETH-Bahnhof,640,480,269,./dataset/train/ETH-Bahnhof/img1/000270.jpg
1449,2,ETH-Bahnhof,640,480,270,./dataset/train/ETH-Bahnhof/img1/000271.jpg
1450,2,ETH-Bahnhof,640,480,271,./dataset/train/ETH-Bahnhof/img1/000272.jpg
1451,2,ETH-Bahnhof,640,480,272,./dataset/train/ETH-Bahnhof/img1/000273.jpg
1452,2,ETH-Bahnhof,640,480,273,./dataset/train/ETH-Bahnhof/img1/000274.jpg
1453,2,ETH-Bahnhof,640,480,274,./dataset/train/ETH-Bahnhof/img1/000275.jpg
1454,2,ETH-Bahnhof,640,480,275,./dataset/train/ETH-Bahnhof/img1/000276.jpg
1455,2,ETH-Bahnhof,640,480,276,./dataset/train/ETH-Bahnhof/img1/000277.jpg
1456,2,ETH-Bahnhof,640,480,277,./dataset/train/ETH-Bahnhof/img1/000278.jpg
1457,2,ETH-Bahnhof,640,480,278,./dataset/train/ETH-Bahnhof/img1/000279.jpg
1458,2,ETH-Bahnhof,640,480,279,./dataset/train/ETH-Bahnhof/img1/000280.jpg
1459,2,ETH-Bahnhof,640,480,280,./dataset/train/ETH-Bahnhof/img1/000281.jpg
1460,2,ETH-Bahnhof,640,480,281,./dataset/train/ETH-Bahnhof/img1/000282.jpg
1461,2,ETH-Bahnhof,640,480,282,./dataset/train/ETH-Bahnhof/img1/000283.jpg
1462,2,ETH-Bahnhof,640,480,283,./dataset/train/ETH-Bahnhof/img1/000284.jpg
1463,2,ETH-Bahnhof,640,480,284,./dataset/train/ETH-Bahnhof/img1/000285.jpg
1464,2,ETH-Bahnhof,640,480,285,./dataset/train/ETH-Bahnhof/img1/000286.jpg
1465,2,ETH-Bahnhof,640,480,286,./dataset/train/ETH-Bahnhof/img1/000287.jpg
1466,2,ETH-Bahnhof,640,480,287,./dataset/train/ETH-Bahnhof/img1/000288.jpg
1467,2,ETH-Bahnhof,640,480,288,./dataset/train/ETH-Bahnhof/img1/000289.jpg
1468,2,ETH-Bahnhof,640,480,289,./dataset/train/ETH-Bahnhof/img1/000290.jpg
1469,2,ETH-Bahnhof,640,480,290,./dataset/train/ETH-Bahnhof/img1/000291.jpg
1470,2,ETH-Bahnhof,640,480,291,./dataset/train/ETH-Bahnhof/img1/000292.jpg
1471,2,ETH-Bahnhof,640,480,292,./dataset/train/ETH-Bahnhof/img1/000293.jpg
1472,2,ETH-Bahnhof,640,480,293,./dataset/train/ETH-Bahnhof/img1/000294.jpg
1473,2,ETH-Bahnhof,640,480,294,./dataset/train/ETH-Bahnhof/img1/000295.jpg
1474,2,ETH-Bahnhof,640,480,295,./dataset/train/ETH-Bahnhof/img1/000296.jpg
1475,2,ETH-Bahnhof,640,480,296,./dataset/train/ETH-Bahnhof/img1/000297.jpg
1476,2,ETH-Bahnhof,640,480,297,./dataset/train/ETH-Bahnhof/img1/000298.jpg
1477,2,ETH-Bahnhof,640,480,298,./dataset/train/ETH-Bahnhof/img1/000299.jpg
1478,2,ETH-Bahnhof,640,480,299,./dataset/train/ETH-Bahnhof/img1/000300.jpg
1479,2,ETH-Bahnhof,640,480,300,./dataset/train/ETH-Bahnhof/img1/000301.jpg
1480,2,ETH-Bahnhof,640,480,301,./dataset/train/ETH-Bahnhof/img1/000302.jpg
1481,2,ETH-Bahnhof,640,480,302,./dataset/train/ETH-Bahnhof/img1/000303.jpg
1482,2,ETH-Bahnhof,640,480,303,./dataset/train/ETH-Bahnhof/img1/000304.jpg
1483,2,ETH-Bahnhof,640,480,304,./dataset/train/ETH-Bahnhof/img1/000305.jpg
1484,2,ETH-Bahnhof,640,480,305,./dataset/train/ETH-Bahnhof/img1/000306.jpg
1485,2,ETH-Bahnhof,640,480,306,./dataset/train/ETH-Bahnhof/img1/000307.jpg
1486,2,ETH-Bahnhof,640,480,307,./dataset/train/ETH-Bahnhof/img1/000308.jpg
1487,2,ETH-Bahnhof,640,480,308,./dataset/train/ETH-Bahnhof/img1/000309.jpg
1488,2,ETH-Bahnhof,640,480,309,./dataset/train/ETH-Bahnhof/img1/000310.jpg
1489,2,ETH-Bahnhof,640,480,310,./dataset/train/ETH-Bahnhof/img1/000311.jpg
1490,2,ETH-Bahnhof,640,480,311,./dataset/train/ETH-Bahnhof/img1/000312.jpg
1491,2,ETH-Bahnhof,640,480,312,./dataset/train/ETH-Bahnhof/img1/000313.jpg
1492,2,ETH-Bahnhof,640,480,313,./dataset/train/ETH-Bahnhof/img1/000314.jpg
1493,2,ETH-Bahnhof,640,480,314,./dataset/train/ETH-Bahnhof/img1/000315.jpg
1494,2,ETH-Bahnhof,640,480,315,./dataset/train/ETH-Bahnhof/img1/000316.jpg
1495,2,ETH-Bahnhof,640,480,316,./dataset/train/ETH-Bahnhof/img1/000317.jpg
1496,2,ETH-Bahnhof,640,480,317,./dataset/train/ETH-Bahnhof/img1/000318.jpg
1497,2,ETH-Bahnhof,640,480,318,./dataset/train/ETH-Bahnhof/img1/000319.jpg
1498,2,ETH-Bahnhof,640,480,319,./dataset/train/ETH-Bahnhof/img1/000320.jpg
1499,2,ETH-Bahnhof,640,480,320,./dataset/train/ETH-Bahnhof/img1/000321.jpg
1500,2,ETH-Bahnhof,640,480,321,./dataset/train/ETH-Bahnhof/img1/000322.jpg
1501,2,ETH-Bahnhof,640,480,322,./dataset/train/ETH-Bahnhof/img1/000323.jpg
1502,2,ETH-Bahnhof,640,480,323,./dataset/train/ETH-Bahnhof/img1/000324.jpg
1503,2,ETH-Bahnhof,640,480,324,./dataset/train/ETH-Bahnhof/img1/000325.jpg
1504,2,ETH-Bahnhof,640,480,325,./dataset/train/ETH-Bahnhof/img1/000326.jpg
1505,2,ETH-Bahnhof,640,480,326,./dataset/train/ETH-Bahnhof/img1/000327.jpg
1506,2,ETH-Bahnhof,640,480,327,./dataset/train/ETH-Bahnhof/img1/000328.jpg
1507,2,ETH-Bahnhof,640,480,328,./dataset/train/ETH-Bahnhof/img1/000329.jpg
1508,2,ETH-Bahnhof,640,480,329,./dataset/train/ETH-Bahnhof/img1/000330.jpg
1509,2,ETH-Bahnhof,640,480,330,./dataset/train/ETH-Bahnhof/img1/000331.jpg
1510,2,ETH-Bahnhof,640,480,331,./dataset/train/ETH-Bahnhof/img1/000332.jpg
1511,2,ETH-Bahnhof,640,480,332,./dataset/train/ETH-Bahnhof/img1/000333.jpg
1512,2,ETH-Bahnhof,640,480,333,./dataset/train/ETH-Bahnhof/img1/000334.jpg
1513,2,ETH-Bahnhof,640,480,334,./dataset/train/ETH-Bahnhof/img1/000335.jpg
1514,2,ETH-Bahnhof,640,480,335,./dataset/train/ETH-Bahnhof/img1/000336.jpg
1515,2,ETH-Bahnhof,640,480,336,./dataset/train/ETH-Bahnhof/img1/000337.jpg
1516,2,ETH-Bahnhof,640,480,337,./dataset/train/ETH-Bahnhof/img1/000338.jpg
1517,2,ETH-Bahnhof,640,480,338,./dataset/train/ETH-Bahnhof/img1/000339.jpg
1518,2,ETH-Bahnhof,640,480,339,./dataset/train/ETH-Bahnhof/img1/000340.jpg
1519,2,ETH-Bahnhof,640,480,340,./dataset/train/ETH-Bahnhof/img1/000341.jpg
1520,2,ETH-Bahnhof,640,480,341,./dataset/train/ETH-Bahnhof/img1/000342.jpg
1521,2,ETH-Bahnhof,640,480,342,./dataset/train/ETH-Bahnhof/img1/000343.jpg
1522,2,ETH-Bahnhof,640,480,343,./dataset/train/ETH-Bahnhof/img1/000344.jpg
1523,2,ETH-Bahnhof,640,480,344,./dataset/train/ETH-Bahnhof/img1/000345.jpg
1524,2,ETH-Bahnhof,640,480,345,./dataset/train/ETH-Bahnhof/img1/000346.jpg
1525,2,ETH-Bahnhof,640,480,346,./dataset/train/ETH-Bahnhof/img1/000347.jpg
1526,2,ETH-Bahnhof,640,480,347,./dataset/train/ETH-Bahnhof/img1/000348.jpg
1527,2,ETH-Bahnhof,640,480,348,./dataset/train/ETH-Bahnhof/img1/000349.jpg
1528,2,ETH-Bahnhof,640,480,349,./dataset/train/ETH-Bahnhof/img1/000350.jpg
1529,2,ETH-Bahnhof,640,480,350,./dataset/train/ETH-Bahnhof/img1/000351.jpg
1530,2,ETH-Bahnhof,640,480,351,./dataset/train/ETH-Bahnhof/img1/000352.jpg
1531,2,ETH-Bahnhof,640,480,352,./dataset/train/ETH-Bahnhof/img1/000353.jpg
1532,2,ETH-Bahnhof,640,480,353,./dataset/train/ETH-Bahnhof/img1/000354.jpg
1533,2,ETH-Bahnhof,640,480,354,./dataset/train/ETH-Bahnhof/img1/000355.jpg
1534,2,ETH-Bahnhof,640,480,355,./dataset/train/ETH-Bahnhof/img1/000356.jpg
1535,2,ETH-Bahnhof,640,480,356,./dataset/train/ETH-Bahnhof/img1/000357.jpg
1536,2,ETH-Bahnhof,640,480,357,./dataset/train/ETH-Bahnhof/img1/000358.jpg
1537,2,ETH-Bahnhof,640,480,358,./dataset/train/ETH-Bahnhof/img1/000359.jpg
1538,2,ETH-Bahnhof,640,480,359,./dataset/train/ETH-Bahnhof/img1/000360.jpg
1539,2,ETH-Bahnhof,640,480,360,./dataset/train/ETH-Bahnhof/img1/000361.jpg
1540,2,ETH-Bahnhof,640,480,361,./dataset/train/ETH-Bahnhof/img1/000362.jpg
1541,2,ETH-Bahnhof,640,480,362,./dataset/train/ETH-Bahnhof/img1/000363.jpg
1542,2,ETH-Bahnhof,640,480,363,./dataset/train/ETH-Bahnhof/img1/000364.jpg
1543,2,ETH-Bahnhof,640,480,364,./dataset/train/ETH-Bahnhof/img1/000365.jpg
1544,2,ETH-Bahnhof,640,480,365,./dataset/train/ETH-Bahnhof/img1/000366.jpg
1545,2,ETH-Bahnhof,640,480,366,./dataset/train/ETH-Bahnhof/img1/000367.jpg
1546,2,ETH-Bahnhof,640,480,367,./dataset/train/ETH-Bahnhof/img1/000368.jpg
1547,2,ETH-Bahnhof,640,480,368,./dataset/train/ETH-Bahnhof/img1/000369.jpg
1548,2,ETH-Bahnhof,640,480,369,./dataset/train/ETH-Bahnhof/img1/000370.jpg
1549,2,ETH-Bahnhof,640,480,370,./dataset/train/ETH-Bahnhof/img1/000371.jpg
1550,2,ETH-Bahnhof,640,480,371,./dataset/train/ETH-Bahnhof/img1/000372.jpg
1551,2,ETH-Bahnhof,640,480,372,./dataset/train/ETH-Bahnhof/img1/000373.jpg
1552,2,ETH-Bahnhof,640,480,373,./dataset/train/ETH-Bahnhof/img1/000374.jpg
1553,2,ETH-Bahnhof,640,480,374,./dataset/train/ETH-Bahnhof/img1/000375.jpg
1554,2,ETH-Bahnhof,640,480,375,./dataset/train/ETH-Bahnhof/img1/000376.jpg
1555,2,ETH-Bahnhof,640,480,376,./dataset/train/ETH-Bahnhof/img1/000377.jpg
1556,2,ETH-Bahnhof,640,480,377,./dataset/train/ETH-Bahnhof/img1/000378.jpg
1557,2,ETH-Bahnhof,640,480,378,./dataset/train/ETH-Bahnhof/img1/000379.jpg
1558,2,ETH-Bahnhof,640,480,379,./dataset/train/ETH-Bahnhof/img1/000380.jpg
1559,2,ETH-Bahnhof,640,480,380,./dataset/train/ETH-Bahnhof/img1/000381.jpg
1560,2,ETH-Bahnhof,640,480,381,./dataset/train/ETH-Bahnhof/img1/000382.jpg
1561,2,ETH-Bahnhof,640,480,382,./dataset/train/ETH-Bahnhof/img1/000383.jpg
1562,2,ETH-Bahnhof,640,480,383,./dataset/train/ETH-Bahnhof/img1/000384.jpg
1563,2,ETH-Bahnhof,640,480,384,./dataset/train/ETH-Bahnhof/img1/000385.jpg
1564,2,ETH-Bahnhof,640,480,385,./dataset/train/ETH-Bahnhof/img1/000386.jpg
1565,2,ETH-Bahnhof,640,480,386,./dataset/train/ETH-Bahnhof/img1/000387.jpg
1566,2,ETH-Bahnhof,640,480,387,./dataset/train/ETH-Bahnhof/img1/000388.jpg
1567,2,ETH-Bahnhof,640,480,388,./dataset/train/ETH-Bahnhof/img1/000389.jpg
1568,2,ETH-Bahnhof,640,480,389,./dataset/train/ETH-Bahnhof/img1/000390.jpg
1569,2,ETH-Bahnhof,640,480,390,./dataset/train/ETH-Bahnhof/img1/000391.jpg
1570,2,ETH-Bahnhof,640,480,391,./dataset/train/ETH-Bahnhof/img1/000392.jpg
1571,2,ETH-Bahnhof,640,480,392,./dataset/train/ETH-Bahnhof/img1/000393.jpg
1572,2,ETH-Bahnhof,640,480,393,./dataset/train/ETH-Bahnhof/img1/000394.jpg
1573,2,ETH-Bahnhof,640,480,394,./dataset/train/ETH-Bahnhof/img1/000395.jpg
1574,2,ETH-Bahnhof,640,480,395,./dataset/train/ETH-Bahnhof/img1/000396.jpg
1575,2,ETH-Bahnhof,640,480,396,./dataset/train/ETH-Bahnhof/img1/000397.jpg
1576,2,ETH-Bahnhof,640,480,397,./dataset/train/ETH-Bahnhof/img1/000398.jpg
1577,2,ETH-Bahnhof,640,480,398,./dataset/train/ETH-Bahnhof/img1/000399.jpg
1578,2,ETH-Bahnhof,640,480,399,./dataset/train/ETH-Bahnhof/img1/000400.jpg
1579,2,ETH-Bahnhof,640,480,400,./dataset/train/ETH-Bahnhof/img1/000401.jpg
1580,2,ETH-Bahnhof,640,480,401,./dataset/train/ETH-Bahnhof/img1/000402.jpg
1581,2,ETH-Bahnhof,640,480,402,./dataset/train/ETH-Bahnhof/img1/000403.jpg
1582,2,ETH-Bahnhof,640,480,403,./dataset/train/ETH-Bahnhof/img1/000404.jpg
1583,2,ETH-Bahnhof,640,480,404,./dataset/train/ETH-Bahnhof/img1/000405.jpg
1584,2,ETH-Bahnhof,640,480,405,./dataset/train/ETH-Bahnhof/img1/000406.jpg
1585,2,ETH-Bahnhof,640,480,406,./dataset/train/ETH-Bahnhof/img1/000407.jpg
1586,2,ETH-Bahnhof,640,480,407,./dataset/train/ETH-Bahnhof/img1/000408.jpg
1587,2,ETH-Bahnhof,640,480,408,./dataset/train/ETH-Bahnhof/img1/000409.jpg
1588,2,ETH-Bahnhof,640,480,409,./dataset/train/ETH-Bahnhof/img1/000410.jpg
1589,2,ETH-Bahnhof,640,480,410,./dataset/train/ETH-Bahnhof/img1/000411.jpg
1590,2,ETH-Bahnhof,640,480,411,./dataset/train/ETH-Bahnhof/img1/000412.jpg
1591,2,ETH-Bahnhof,640,480,412,./dataset/train/ETH-Bahnhof/img1/000413.jpg
1592,2,ETH-Bahnhof,640,480,413,./dataset/train/ETH-Bahnhof/img1/000414.jpg
1593,2,ETH-Bahnhof,640,480,414,./dataset/train/ETH-Bahnhof/img1/000415.jpg
1594,2,ETH-Bahnhof,640,480,415,./dataset/train/ETH-Bahnhof/img1/000416.jpg
1595,2,ETH-Bahnhof,640,480,416,./dataset/train/ETH-Bahnhof/img1/000417.jpg
1596,2,ETH-Bahnhof,640,480,417,./dataset/train/ETH-Bahnhof/img1/000418.jpg
1597,2,ETH-Bahnhof,640,480,418,./dataset/train/ETH-Bahnhof/img1/000419.jpg
1598,2,ETH-Bahnhof,640,480,419,./dataset/train/ETH-Bahnhof/img1/000420.jpg
1599,2,ETH-Bahnhof,640,480,420,./dataset/train/ETH-Bahnhof/img1/000421.jpg
1600,2,ETH-Bahnhof,640,480,421,./dataset/train/ETH-Bahnhof/img1/000422.jpg
1601,2,ETH-Bahnhof,640,480,422,./dataset/train/ETH-Bahnhof/img1/000423.jpg
1602,2,ETH-Bahnhof,640,480,423,./dataset/train/ETH-Bahnhof/img1/000424.jpg
1603,2,ETH-Bahnhof,640,480,424,./dataset/train/ETH-Bahnhof/img1/000425.jpg
1604,2,ETH-Bahnhof,640,480,425,./dataset/train/ETH-Bahnhof/img1/000426.jpg
1605,2,ETH-Bahnhof,640,480,426,./dataset/train/ETH-Bahnhof/img1/000427.jpg
1606,2,ETH-Bahnhof,640,480,427,./dataset/train/ETH-Bahnhof/img1/000428.jpg
1607,2,ETH-Bahnhof,640,480,428,./dataset/train/ETH-Bahnhof/img1/000429.jpg
1608,2,ETH-Bahnhof,640,480,429,./dataset/train/ETH-Bahnhof/img1/000430.jpg
1609,2,ETH-Bahnhof,640,480,430,./dataset/train/ETH-Bahnhof/img1/000431.jpg
1610,2,ETH-Bahnhof,640,480,431,./dataset/train/ETH-Bahnhof/img1/000432.jpg
1611,2,ETH-Bahnhof,640,480,432,./dataset/train/ETH-Bahnhof/img1/000433.jpg
1612,2,ETH-Bahnhof,640,480,433,./dataset/train/ETH-Bahnhof/img1/000434.jpg
1613,2,ETH-Bahnhof,640,480,434,./dataset/train/ETH-Bahnhof/img1/000435.jpg
1614,2,ETH-Bahnhof,640,480,435,./dataset/train/ETH-Bahnhof/img1/000436.jpg
1615,2,ETH-Bahnhof,640,480,436,./dataset/train/ETH-Bahnhof/img1/000437.jpg
1616,2,ETH-Bahnhof,640,480,437,./dataset/train/ETH-Bahnhof/img1/000438.jpg
1617,2,ETH-Bahnhof,640,480,438,./dataset/train/ETH-Bahnhof/img1/000439.jpg
1618,2,ETH-Bahnhof,640,480,439,./dataset/train/ETH-Bahnhof/img1/000440.jpg
1619,2,ETH-Bahnhof,640,480,440,./dataset/train/ETH-Bahnhof/img1/000441.jpg
1620,2,ETH-Bahnhof,640,480,441,./dataset/train/ETH-Bahnhof/img1/000442.jpg
1621,2,ETH-Bahnhof,640,480,442,./dataset/train/ETH-Bahnhof/img1/000443.jpg
1622,2,ETH-Bahnhof,640,480,443,./dataset/train/ETH-Bahnhof/img1/000444.jpg
1623,2,ETH-Bahnhof,640,480,444,./dataset/train/ETH-Bahnhof/img1/000445.jpg
1624,2,ETH-Bahnhof,640,480,445,./dataset/train/ETH-Bahnhof/img1/000446.jpg
1625,2,ETH-Bahnhof,640,480,446,./dataset/train/ETH-Bahnhof/img1/000447.jpg
1626,2,ETH-Bahnhof,640,480,447,./dataset/train/ETH-Bahnhof/img1/000448.jpg
1627,2,ETH-Bahnhof,640,480,448,./dataset/train/ETH-Bahnhof/img1/000449.jpg
1628,2,ETH-Bahnhof,640,480,449,./dataset/train/ETH-Bahnhof/img1/000450.jpg
1629,2,ETH-Bahnhof,640,480,450,./dataset/train/ETH-Bahnhof/img1/000451.jpg
1630,2,ETH-Bahnhof,640,480,451,./dataset/train/ETH-Bahnhof/img1/000452.jpg
1631,2,ETH-Bahnhof,640,480,452,./dataset/train/ETH-Bahnhof/img1/000453.jpg
1632,2,ETH-Bahnhof,640,480,453,./dataset/train/ETH-Bahnhof/img1/000454.jpg
1633,2,ETH-Bahnhof,640,480,454,./dataset/train/ETH-Bahnhof/img1/000455.jpg
1634,2,ETH-Bahnhof,640,480,455,./dataset/train/ETH-Bahnhof/img1/000456.jpg
1635,2,ETH-Bahnhof,640,480,456,./dataset/train/ETH-Bahnhof/img1/000457.jpg
1636,2,ETH-Bahnhof,640,480,457,./dataset/train/ETH-Bahnhof/img1/000458.jpg
1637,2,ETH-Bahnhof,640,480,458,./dataset/train/ETH-Bahnhof/img1/000459.jpg
1638,2,ETH-Bahnhof,640,480,459,./dataset/train/ETH-Bahnhof/img1/000460.jpg
1639,2,ETH-Bahnhof,640,480,460,./dataset/train/ETH-Bahnhof/img1/000461.jpg
1640,2,ETH-Bahnhof,640,480,461,./dataset/train/ETH-Bahnhof/img1/000462.jpg
1641,2,ETH-Bahnhof,640,480,462,./dataset/train/ETH-Bahnhof/img1/000463.jpg
1642,2,ETH-Bahnhof,640,480,463,./dataset/train/ETH-Bahnhof/img1/000464.jpg
1643,2,ETH-Bahnhof,640,480,464,./dataset/train/ETH-Bahnhof/img1/000465.jpg
1644,2,ETH-Bahnhof,640,480,465,./dataset/train/ETH-Bahnhof/img1/000466.jpg
1645,2,ETH-Bahnhof,640,480,466,./dataset/train/ETH-Bahnhof/img1/000467.jpg
1646,2,ETH-Bahnhof,640,480,467,./dataset/train/ETH-Bahnhof/img1/000468.jpg
1647,2,ETH-Bahnhof,640,480,468,./dataset/train/ETH-Bahnhof/img1/000469.jpg
1648,2,ETH-Bahnhof,640,480,469,./dataset/train/ETH-Bahnhof/img1/000470.jpg
1649,2,ETH-Bahnhof,640,480,470,./dataset/train/ETH-Bahnhof/img1/000471.jpg
1650,2,ETH-Bahnhof,640,480,471,./dataset/train/ETH-Bahnhof/img1/000472.jpg
1651,2,ETH-Bahnhof,640,480,472,./dataset/train/ETH-Bahnhof/img1/000473.jpg
1652,2,ETH-Bahnhof,640,480,473,./dataset/train/ETH-Bahnhof/img1/000474.jpg
1653,2,ETH-Bahnhof,640,480,474,./dataset/train/ETH-Bahnhof/img1/000475.jpg
1654,2,ETH-Bahnhof,640,480,475,./dataset/train/ETH-Bahnhof/img1/000476.jpg
1655,2,ETH-Bahnhof,640,480,476,./dataset/train/ETH-Bahnhof/img1/000477.jpg
1656,2,ETH-Bahnhof,640,480,477,./dataset/train/ETH-Bahnhof/img1/000478.jpg
1657,2,ETH-Bahnhof,640,480,478,./dataset/train/ETH-Bahnhof/img1/000479.jpg
1658,2,ETH-Bahnhof,640,480,479,./dataset/train/ETH-Bahnhof/img1/000480.jpg
1659,2,ETH-Bahnhof,640,480,480,./dataset/train/ETH-Bahnhof/img1/000481.jpg
1660,2,ETH-Bahnhof,640,480,481,./dataset/train/ETH-Bahnhof/img1/000482.jpg
1661,2,ETH-Bahnhof,640,480,482,./dataset/train/ETH-Bahnhof/img1/000483.jpg
1662,2,ETH-Bahnhof,640,480,483,./dataset/train/ETH-Bahnhof/img1/000484.jpg
1663,2,ETH-Bahnhof,640,480,484,./dataset/train/ETH-Bahnhof/img1/000485.jpg
1664,2,ETH-Bahnhof,640,480,485,./dataset/train/ETH-Bahnhof/img1/000486.jpg
1665,2,ETH-Bahnhof,640,480,486,./dataset/train/ETH-Bahnhof/img1/000487.jpg
1666,2,ETH-Bahnhof,640,480,487,./dataset/train/ETH-Bahnhof/img1/000488.jpg
1667,2,ETH-Bahnhof,640,480,488,./dataset/train/ETH-Bahnhof/img1/000489.jpg
1668,2,ETH-Bahnhof,640,480,489,./dataset/train/ETH-Bahnhof/img1/000490.jpg
1669,2,ETH-Bahnhof,640,480,490,./dataset/train/ETH-Bahnhof/img1/000491.jpg
1670,2,ETH-Bahnhof,640,480,491,./dataset/train/ETH-Bahnhof/img1/000492.jpg
1671,2,ETH-Bahnhof,640,480,492,./dataset/train/ETH-Bahnhof/img1/000493.jpg
1672,2,ETH-Bahnhof,640,480,493,./dataset/train/ETH-Bahnhof/img1/000494.jpg
1673,2,ETH-Bahnhof,640,480,494,./dataset/train/ETH-Bahnhof/img1/000495.jpg
1674,2,ETH-Bahnhof,640,480,495,./dataset/train/ETH-Bahnhof/img1/000496.jpg
1675,2,ETH-Bahnhof,640,480,496,./dataset/train/ETH-Bahnhof/img1/000497.jpg
1676,2,ETH-Bahnhof,640,480,497,./dataset/train/ETH-Bahnhof/img1/000498.jpg
1677,2,ETH-Bahnhof,640,480,498,./dataset/train/ETH-Bahnhof/img1/000499.jpg
1678,2,ETH-Bahnhof,640,480,499,./dataset/train/ETH-Bahnhof/img1/000500.jpg
1679,2,ETH-Bahnhof,640,480,500,./dataset/train/ETH-Bahnhof/img1/000501.jpg
1680,2,ETH-Bahnhof,640,480,501,./dataset/train/ETH-Bahnhof/img1/000502.jpg
1681,2,ETH-Bahnhof,640,480,502,./dataset/train/ETH-Bahnhof/img1/000503.jpg
1682,2,ETH-Bahnhof,640,480,503,./dataset/train/ETH-Bahnhof/img1/000504.jpg
1683,2,ETH-Bahnhof,640,480,504,./dataset/train/ETH-Bahnhof/img1/000505.jpg
1684,2,ETH-Bahnhof,640,480,505,./dataset/train/ETH-Bahnhof/img1/000506.jpg
1685,2,ETH-Bahnhof,640,480,506,./dataset/train/ETH-Bahnhof/img1/000507.jpg
1686,2,ETH-Bahnhof,640,480,507,./dataset/train/ETH-Bahnhof/img1/000508.jpg
1687,2,ETH-Bahnhof,640,480,508,./dataset/train/ETH-Bahnhof/img1/000509.jpg
1688,2,ETH-Bahnhof,640,480,509,./dataset/train/ETH-Bahnhof/img1/000510.jpg
1689,2,ETH-Bahnhof,640,480,510,./dataset/train/ETH-Bahnhof/img1/000511.jpg
1690,2,ETH-Bahnhof,640,480,511,./dataset/train/ETH-Bahnhof/img1/000512.jpg
1691,2,ETH-Bahnhof,640,480,512,./dataset/train/ETH-Bahnhof/img1/000513.jpg
1692,2,ETH-Bahnhof,640,480,513,./dataset/train/ETH-Bahnhof/img1/000514.jpg
1693,2,ETH-Bahnhof,640,480,514,./dataset/train/ETH-Bahnhof/img1/000515.jpg
1694,2,ETH-Bahnhof,640,480,515,./dataset/train/ETH-Bahnhof/img1/000516.jpg
1695,2,ETH-Bahnhof,640,480,516,./dataset/train/ETH-Bahnhof/img1/000517.jpg
1696,2,ETH-Bahnhof,640,480,517,./dataset/train/ETH-Bahnhof/img1/000518.jpg
1697,2,ETH-Bahnhof,640,480,518,./dataset/train/ETH-Bahnhof/img1/000519.jpg
1698,2,ETH-Bahnhof,640,480,519,./dataset/train/ETH-Bahnhof/img1/000520.jpg
1699,2,ETH-Bahnhof,640,480,520,./dataset/train/ETH-Bahnhof/img1/000521.jpg
1700,2,ETH-Bahnhof,640,480,521,./dataset/train/ETH-Bahnhof/img1/000522.jpg
1701,2,ETH-Bahnhof,640,480,522,./dataset/train/ETH-Bahnhof/img1/000523.jpg
1702,2,ETH-Bahnhof,640,480,523,./dataset/train/ETH-Bahnhof/img1/000524.jpg
1703,2,ETH-Bahnhof,640,480,524,./dataset/train/ETH-Bahnhof/img1/000525.jpg
1704,2,ETH-Bahnhof,640,480,525,./dataset/train/ETH-Bahnhof/img1/000526.jpg
1705,2,ETH-Bahnhof,640,480,526,./dataset/train/ETH-Bahnhof/img1/000527.jpg
1706,2,ETH-Bahnhof,640,480,527,./dataset/train/ETH-Bahnhof/img1/000528.jpg
1707,2,ETH-Bahnhof,640,480,528,./dataset/train/ETH-Bahnhof/img1/000529.jpg
1708,2,ETH-Bahnhof,640,480,529,./dataset/train/ETH-Bahnhof/img1/000530.jpg
1709,2,ETH-Bahnhof,640,480,530,./dataset/train/ETH-Bahnhof/img1/000531.jpg
1710,2,ETH-Bahnhof,640,480,531,./dataset/train/ETH-Bahnhof/img1/000532.jpg
1711,2,ETH-Bahnhof,640,480,532,./dataset/train/ETH-Bahnhof/img1/000533.jpg
1712,2,ETH-Bahnhof,640,480,533,./dataset/train/ETH-Bahnhof/img1/000534.jpg
1713,2,ETH-Bahnhof,640,480,534,./dataset/train/ETH-Bahnhof/img1/000535.jpg
1714,2,ETH-Bahnhof,640,480,535,./dataset/train/ETH-Bahnhof/img1/000536.jpg
1715,2,ETH-Bahnhof,640,480,536,./dataset/train/ETH-Bahnhof/img1/000537.jpg
1716,2,ETH-Bahnhof,640,480,537,./dataset/train/ETH-Bahnhof/img1/000538.jpg
1717,2,ETH-Bahnhof,640,480,538,./dataset/train/ETH-Bahnhof/img1/000539.jpg
1718,2,ETH-Bahnhof,640,480,539,./dataset/train/ETH-Bahnhof/img1/000540.jpg
1719,2,ETH-Bahnhof,640,480,540,./dataset/train/ETH-Bahnhof/img1/000541.jpg
1720,2,ETH-Bahnhof,640,480,541,./dataset/train/ETH-Bahnhof/img1/000542.jpg
1721,2,ETH-Bahnhof,640,480,542,./dataset/train/ETH-Bahnhof/img1/000543.jpg
1722,2,ETH-Bahnhof,640,480,543,./dataset/train/ETH-Bahnhof/img1/000544.jpg
1723,2,ETH-Bahnhof,640,480,544,./dataset/train/ETH-Bahnhof/img1/000545.jpg
1724,2,ETH-Bahnhof,640,480,545,./dataset/train/ETH-Bahnhof/img1/000546.jpg
1725,2,ETH-Bahnhof,640,480,546,./dataset/train/ETH-Bahnhof/img1/000547.jpg
1726,2,ETH-Bahnhof,640,480,547,./dataset/train/ETH-Bahnhof/img1/000548.jpg
1727,2,ETH-Bahnhof,640,480,548,./dataset/train/ETH-Bahnhof/img1/000549.jpg
1728,2,ETH-Bahnhof,640,480,549,./dataset/train/ETH-Bahnhof/img1/000550.jpg
1729,2,ETH-Bahnhof,640,480,550,./dataset/train/ETH-Bahnhof/img1/000551.jpg
1730,2,ETH-Bahnhof,640,480,551,./dataset/train/ETH-Bahnhof/img1/000552.jpg
1731,2,ETH-Bahnhof,640,480,552,./dataset/train/ETH-Bahnhof/img1/000553.jpg
1732,2,ETH-Bahnhof,640,480,553,./dataset/train/ETH-Bahnhof/img1/000554.jpg
1733,2,ETH-Bahnhof,640,480,554,./dataset/train/ETH-Bahnhof/img1/000555.jpg
1734,2,ETH-Bahnhof,640,480,555,./dataset/train/ETH-Bahnhof/img1/000556.jpg
1735,2,ETH-Bahnhof,640,480,556,./dataset/train/ETH-Bahnhof/img1/000557.jpg
1736,2,ETH-Bahnhof,640,480,557,./dataset/train/ETH-Bahnhof/img1/000558.jpg
1737,2,ETH-Bahnhof,640,480,558,./dataset/train/ETH-Bahnhof/img1/000559.jpg
1738,2,ETH-Bahnhof,640,480,559,./dataset/train/ETH-Bahnhof/img1/000560.jpg
1739,2,ETH-Bahnhof,640,480,560,./dataset/train/ETH-Bahnhof/img1/000561.jpg
1740,2,ETH-Bahnhof,640,480,561,./dataset/train/ETH-Bahnhof/img1/000562.jpg
1741,2,ETH-Bahnhof,640,480,562,./dataset/train/ETH-Bahnhof/img1/000563.jpg
1742,2,ETH-Bahnhof,640,480,563,./dataset/train/ETH-Bahnhof/img1/000564.jpg
1743,2,ETH-Bahnhof,640,480,564,./dataset/train/ETH-Bahnhof/img1/000565.jpg
1744,2,ETH-Bahnhof,640,480,565,./dataset/train/ETH-Bahnhof/img1/000566.jpg
1745,2,ETH-Bahnhof,640,480,566,./dataset/train/ETH-Bahnhof/img1/000567.jpg
1746,2,ETH-Bahnhof,640,480,567,./dataset/train/ETH-Bahnhof/img1/000568.jpg
1747,2,ETH-Bahnhof,640,480,568,./dataset/train/ETH-Bahnhof/img1/000569.jpg
1748,2,ETH-Bahnhof,640,480,569,./dataset/train/ETH-Bahnhof/img1/000570.jpg
1749,2,ETH-Bahnhof,640,480,570,./dataset/train/ETH-Bahnhof/img1/000571.jpg
1750,2,ETH-Bahnhof,640,480,571,./dataset/train/ETH-Bahnhof/img1/000572.jpg
1751,2,ETH-Bahnhof,640,480,572,./dataset/train/ETH-Bahnhof/img1/000573.jpg
1752,2,ETH-Bahnhof,640,480,573,./dataset/train/ETH-Bahnhof/img1/000574.jpg
1753,2,ETH-Bahnhof,640,480,574,./dataset/train/ETH-Bahnhof/img1/000575.jpg
1754,2,ETH-Bahnhof,640,480,575,./dataset/train/ETH-Bahnhof/img1/000576.jpg
1755,2,ETH-Bahnhof,640,480,576,./dataset/train/ETH-Bahnhof/img1/000577.jpg
1756,2,ETH-Bahnhof,640,480,577,./dataset/train/ETH-Bahnhof/img1/000578.jpg
1757,2,ETH-Bahnhof,640,480,578,./dataset/train/ETH-Bahnhof/img1/000579.jpg
1758,2,ETH-Bahnhof,640,480,579,./dataset/train/ETH-Bahnhof/img1/000580.jpg
1759,2,ETH-Bahnhof,640,480,580,./dataset/train/ETH-Bahnhof/img1/000581.jpg
1760,2,ETH-Bahnhof,640,480,581,./dataset/train/ETH-Bahnhof/img1/000582.jpg
1761,2,ETH-Bahnhof,640,480,582,./dataset/train/ETH-Bahnhof/img1/000583.jpg
1762,2,ETH-Bahnhof,640,480,583,./dataset/train/ETH-Bahnhof/img1/000584.jpg
1763,2,ETH-Bahnhof,640,480,584,./dataset/train/ETH-Bahnhof/img1/000585.jpg
1764,2,ETH-Bahnhof,640,480,585,./dataset/train/ETH-Bahnhof/img1/000586.jpg
1765,2,ETH-Bahnhof,640,480,586,./dataset/train/ETH-Bahnhof/img1/000587.jpg
1766,2,ETH-Bahnhof,640,480,587,./dataset/train/ETH-Bahnhof/img1/000588.jpg
1767,2,ETH-Bahnhof,640,480,588,./dataset/train/ETH-Bahnhof/img1/000589.jpg
1768,2,ETH-Bahnhof,640,480,589,./dataset/train/ETH-Bahnhof/img1/000590.jpg
1769,2,ETH-Bahnhof,640,480,590,./dataset/train/ETH-Bahnhof/img1/000591.jpg
1770,2,ETH-Bahnhof,640,480,591,./dataset/train/ETH-Bahnhof/img1/000592.jpg
1771,2,ETH-Bahnhof,640,480,592,./dataset/train/ETH-Bahnhof/img1/000593.jpg
1772,2,ETH-Bahnhof,640,480,593,./dataset/train/ETH-Bahnhof/img1/000594.jpg
1773,2,ETH-Bahnhof,640,480,594,./dataset/train/ETH-Bahnhof/img1/000595.jpg
1774,2,ETH-Bahnhof,640,480,595,./dataset/train/ETH-Bahnhof/img1/000596.jpg
1775,2,ETH-Bahnhof,640,480,596,./dataset/train/ETH-Bahnhof/img1/000597.jpg
1776,2,ETH-Bahnhof,640,480,597,./dataset/train/ETH-Bahnhof/img1/000598.jpg
1777,2,ETH-Bahnhof,640,480,598,./dataset/train/ETH-Bahnhof/img1/000599.jpg
1778,2,ETH-Bahnhof,640,480,599,./dataset/train/ETH-Bahnhof/img1/000600.jpg
1779,2,ETH-Bahnhof,640,480,600,./dataset/train/ETH-Bahnhof/img1/000601.jpg
1780,2,ETH-Bahnhof,640,480,601,./dataset/train/ETH-Bahnhof/img1/000602.jpg
1781,2,ETH-Bahnhof,640,480,602,./dataset/train/ETH-Bahnhof/img1/000603.jpg
1782,2,ETH-Bahnhof,640,480,603,./dataset/train/ETH-Bahnhof/img1/000604.jpg
1783,2,ETH-Bahnhof,640,480,604,./dataset/train/ETH-Bahnhof/img1/000605.jpg
1784,2,ETH-Bahnhof,640,480,605,./dataset/train/ETH-Bahnhof/img1/000606.jpg
1785,2,ETH-Bahnhof,640,480,606,./dataset/train/ETH-Bahnhof/img1/000607.jpg
1786,2,ETH-Bahnhof,640,480,607,./dataset/train/ETH-Bahnhof/img1/000608.jpg
1787,2,ETH-Bahnhof,640,480,608,./dataset/train/ETH-Bahnhof/img1/000609.jpg
1788,2,ETH-Bahnhof,640,480,609,./dataset/train/ETH-Bahnhof/img1/000610.jpg
1789,2,ETH-Bahnhof,640,480,610,./dataset/train/ETH-Bahnhof/img1/000611.jpg
1790,2,ETH-Bahnhof,640,480,611,./dataset/train/ETH-Bahnhof/img1/000612.jpg
1791,2,ETH-Bahnhof,640,480,612,./dataset/train/ETH-Bahnhof/img1/000613.jpg
1792,2,ETH-Bahnhof,640,480,613,./dataset/train/ETH-Bahnhof/img1/000614.jpg
1793,2,ETH-Bahnhof,640,480,614,./dataset/train/ETH-Bahnhof/img1/000615.jpg
1794,2,ETH-Bahnhof,640,480,615,./dataset/train/ETH-Bahnhof/img1/000616.jpg
1795,2,ETH-Bahnhof,640,480,616,./dataset/train/ETH-Bahnhof/img1/000617.jpg
1796,2,ETH-Bahnhof,640,480,617,./dataset/train/ETH-Bahnhof/img1/000618.jpg
1797,2,ETH-Bahnhof,640,480,618,./dataset/train/ETH-Bahnhof/img1/000619.jpg
1798,2,ETH-Bahnhof,640,480,619,./dataset/train/ETH-Bahnhof/img1/000620.jpg
1799,2,ETH-Bahnhof,640,480,620,./dataset/train/ETH-Bahnhof/img1/000621.jpg
1800,2,ETH-Bahnhof,640,480,621,./dataset/train/ETH-Bahnhof/img1/000622.jpg
1801,2,ETH-Bahnhof,640,480,622,./dataset/train/ETH-Bahnhof/img1/000623.jpg
1802,2,ETH-Bahnhof,640,480,623,./dataset/train/ETH-Bahnhof/img1/000624.jpg
1803,2,ETH-Bahnhof,640,480,624,./dataset/train/ETH-Bahnhof/img1/000625.jpg
1804,2,ETH-Bahnhof,640,480,625,./dataset/train/ETH-Bahnhof/img1/000626.jpg
1805,2,ETH-Bahnhof,640,480,626,./dataset/train/ETH-Bahnhof/img1/000627.jpg
1806,2,ETH-Bahnhof,640,480,627,./dataset/train/ETH-Bahnhof/img1/000628.jpg
1807,2,ETH-Bahnhof,640,480,628,./dataset/train/ETH-Bahnhof/img1/000629.jpg
1808,2,ETH-Bahnhof,640,480,629,./dataset/train/ETH-Bahnhof/img1/000630.jpg
1809,2,ETH-Bahnhof,640,480,630,./dataset/train/ETH-Bahnhof/img1/000631.jpg
1810,2,ETH-Bahnhof,640,480,631,./dataset/train/ETH-Bahnhof/img1/000632.jpg
1811,2,ETH-Bahnhof,640,480,632,./dataset/train/ETH-Bahnhof/img1/000633.jpg
1812,2,ETH-Bahnhof,640,480,633,./dataset/train/ETH-Bahnhof/img1/000634.jpg
1813,2,ETH-Bahnhof,640,480,634,./dataset/train/ETH-Bahnhof/img1/000635.jpg
1814,2,ETH-Bahnhof,640,480,635,./dataset/train/ETH-Bahnhof/img1/000636.jpg
1815,2,ETH-Bahnhof,640,480,636,./dataset/train/ETH-Bahnhof/img1/000637.jpg
1816,2,ETH-Bahnhof,640,480,637,./dataset/train/ETH-Bahnhof/img1/000638.jpg
1817,2,ETH-Bahnhof,640,480,638,./dataset/train/ETH-Bahnhof/img1/000639.jpg
1818,2,ETH-Bahnhof,640,480,639,./dataset/train/ETH-Bahnhof/img1/000640.jpg
1819,2,ETH-Bahnhof,640,480,640,./dataset/train/ETH-Bahnhof/img1/000641.jpg
1820,2,ETH-Bahnhof,640,480,641,./dataset/train/ETH-Bahnhof/img1/000642.jpg
1821,2,ETH-Bahnhof,640,480,642,./dataset/train/ETH-Bahnhof/img1/000643.jpg
1822,2,ETH-Bahnhof,640,480,643,./dataset/train/ETH-Bahnhof/img1/000644.jpg
1823,2,ETH-Bahnhof,640,480,644,./dataset/train/ETH-Bahnhof/img1/000645.jpg
1824,2,ETH-Bahnhof,640,480,645,./dataset/train/ETH-Bahnhof/img1/000646.jpg
1825,2,ETH-Bahnhof,640,480,646,./dataset/train/ETH-Bahnhof/img1/000647.jpg
1826,2,ETH-Bahnhof,640,480,647,./dataset/train/ETH-Bahnhof/img1/000648.jpg
1827,2,ETH-Bahnhof,640,480,648,./dataset/train/ETH-Bahnhof/img1/000649.jpg
1828,2,ETH-Bahnhof,640,480,649,./dataset/train/ETH-Bahnhof/img1/000650.jpg
1829,2,ETH-Bahnhof,640,480,650,./dataset/train/ETH-Bahnhof/img1/000651.jpg
1830,2,ETH-Bahnhof,640,480,651,./dataset/train/ETH-Bahnhof/img1/000652.jpg
1831,2,ETH-Bahnhof,640,480,652,./dataset/train/ETH-Bahnhof/img1/000653.jpg
1832,2,ETH-Bahnhof,640,480,653,./dataset/train/ETH-Bahnhof/img1/000654.jpg
1833,2,ETH-Bahnhof,640,480,654,./dataset/train/ETH-Bahnhof/img1/000655.jpg
1834,2,ETH-Bahnhof,640,480,655,./dataset/train/ETH-Bahnhof/img1/000656.jpg
1835,2,ETH-Bahnhof,640,480,656,./dataset/train/ETH-Bahnhof/img1/000657.jpg
1836,2,ETH-Bahnhof,640,480,657,./dataset/train/ETH-Bahnhof/img1/000658.jpg
1837,2,ETH-Bahnhof,640,480,658,./dataset/train/ETH-Bahnhof/img1/000659.jpg
1838,2,ETH-Bahnhof,640,480,659,./dataset/train/ETH-Bahnhof/img1/000660.jpg
1839,2,ETH-Bahnhof,640,480,660,./dataset/train/ETH-Bahnhof/img1/000661.jpg
1840,2,ETH-Bahnhof,640,480,661,./dataset/train/ETH-Bahnhof/img1/000662.jpg
1841,2,ETH-Bahnhof,640,480,662,./dataset/train/ETH-Bahnhof/img1/000663.jpg
1842,2,ETH-Bahnhof,640,480,663,./dataset/train/ETH-Bahnhof/img1/000664.jpg
1843,2,ETH-Bahnhof,640,480,664,./dataset/train/ETH-Bahnhof/img1/000665.jpg
1844,2,ETH-Bahnhof,640,480,665,./dataset/train/ETH-Bahnhof/img1/000666.jpg
1845,2,ETH-Bahnhof,640,480,666,./dataset/train/ETH-Bahnhof/img1/000667.jpg
1846,2,ETH-Bahnhof,640,480,667,./dataset/train/ETH-Bahnhof/img1/000668.jpg
1847,2,ETH-Bahnhof,640,480,668,./dataset/train/ETH-Bahnhof/img1/000669.jpg
1848,2,ETH-Bahnhof,640,480,669,./dataset/train/ETH-Bahnhof/img1/000670.jpg
1849,2,ETH-Bahnhof,640,480,670,./dataset/train/ETH-Bahnhof/img1/000671.jpg
1850,2,ETH-Bahnhof,640,480,671,./dataset/train/ETH-Bahnhof/img1/000672.jpg
1851,2,ETH-Bahnhof,640,480,672,./dataset/train/ETH-Bahnhof/img1/000673.jpg
1852,2,ETH-Bahnhof,640,480,673,./dataset/train/ETH-Bahnhof/img1/000674.jpg
1853,2,ETH-Bahnhof,640,480,674,./dataset/train/ETH-Bahnhof/img1/000675.jpg
1854,2,ETH-Bahnhof,640,480,675,./dataset/train/ETH-Bahnhof/img1/000676.jpg
1855,2,ETH-Bahnhof,640,480,676,./dataset/train/ETH-Bahnhof/img1/000677.jpg
1856,2,ETH-Bahnhof,640,480,677,./dataset/train/ETH-Bahnhof/img1/000678.jpg
1857,2,ETH-Bahnhof,640,480,678,./dataset/train/ETH-Bahnhof/img1/000679.jpg
1858,2,ETH-Bahnhof,640,480,679,./dataset/train/ETH-Bahnhof/img1/000680.jpg
1859,2,ETH-Bahnhof,640,480,680,./dataset/train/ETH-Bahnhof/img1/000681.jpg
1860,2,ETH-Bahnhof,640,480,681,./dataset/train/ETH-Bahnhof/img1/000682.jpg
1861,2,ETH-Bahnhof,640,480,682,./dataset/train/ETH-Bahnhof/img1/000683.jpg
1862,2,ETH-Bahnhof,640,480,683,./dataset/train/ETH-Bahnhof/img1/000684.jpg
1863,2,ETH-Bahnhof,640,480,684,./dataset/train/ETH-Bahnhof/img1/000685.jpg
1864,2,ETH-Bahnhof,640,480,685,./dataset/train/ETH-Bahnhof/img1/000686.jpg
1865,2,ETH-Bahnhof,640,480,686,./dataset/train/ETH-Bahnhof/img1/000687.jpg
1866,2,ETH-Bahnhof,640,480,687,./dataset/train/ETH-Bahnhof/img1/000688.jpg
1867,2,ETH-Bahnhof,640,480,688,./dataset/train/ETH-Bahnhof/img1/000689.jpg
1868,2,ETH-Bahnhof,640,480,689,./dataset/train/ETH-Bahnhof/img1/000690.jpg
1869,2,ETH-Bahnhof,640,480,690,./dataset/train/ETH-Bahnhof/img1/000691.jpg
1870,2,ETH-Bahnhof,640,480,691,./dataset/train/ETH-Bahnhof/img1/000692.jpg
1871,2,ETH-Bahnhof,640,480,692,./dataset/train/ETH-Bahnhof/img1/000693.jpg
1872,2,ETH-Bahnhof,640,480,693,./dataset/train/ETH-Bahnhof/img1/000694.jpg
1873,2,ETH-Bahnhof,640,480,694,./dataset/train/ETH-Bahnhof/img1/000695.jpg
1874,2,ETH-Bahnhof,640,480,695,./dataset/train/ETH-Bahnhof/img1/000696.jpg
1875,2,ETH-Bahnhof,640,480,696,./dataset/train/ETH-Bahnhof/img1/000697.jpg
1876,2,ETH-Bahnhof,640,480,697,./dataset/train/ETH-Bahnhof/img1/000698.jpg
1877,2,ETH-Bahnhof,640,480,698,./dataset/train/ETH-Bahnhof/img1/000699.jpg
1878,2,ETH-Bahnhof,640,480,699,./dataset/train/ETH-Bahnhof/img1/000700.jpg
1879,2,ETH-Bahnhof,640,480,700,./dataset/train/ETH-Bahnhof/img1/000701.jpg
1880,2,ETH-Bahnhof,640,480,701,./dataset/train/ETH-Bahnhof/img1/000702.jpg
1881,2,ETH-Bahnhof,640,480,702,./dataset/train/ETH-Bahnhof/img1/000703.jpg
1882,2,ETH-Bahnhof,640,480,703,./dataset/train/ETH-Bahnhof/img1/000704.jpg
1883,2,ETH-Bahnhof,640,480,704,./dataset/train/ETH-Bahnhof/img1/000705.jpg
1884,2,ETH-Bahnhof,640,480,705,./dataset/train/ETH-Bahnhof/img1/000706.jpg
1885,2,ETH-Bahnhof,640,480,706,./dataset/train/ETH-Bahnhof/img1/000707.jpg
1886,2,ETH-Bahnhof,640,480,707,./dataset/train/ETH-Bahnhof/img1/000708.jpg
1887,2,ETH-Bahnhof,640,480,708,./dataset/train/ETH-Bahnhof/img1/000709.jpg
1888,2,ETH-Bahnhof,640,480,709,./dataset/train/ETH-Bahnhof/img1/000710.jpg
1889,2,ETH-Bahnhof,640,480,710,./dataset/train/ETH-Bahnhof/img1/000711.jpg
1890,2,ETH-Bahnhof,640,480,711,./dataset/train/ETH-Bahnhof/img1/000712.jpg
1891,2,ETH-Bahnhof,640,480,712,./dataset/train/ETH-Bahnhof/img1/000713.jpg
1892,2,ETH-Bahnhof,640,480,713,./dataset/train/ETH-Bahnhof/img1/000714.jpg
1893,2,ETH-Bahnhof,640,480,714,./dataset/train/ETH-Bahnhof/img1/000715.jpg
1894,2,ETH-Bahnhof,640,480,715,./dataset/train/ETH-Bahnhof/img1/000716.jpg
1895,2,ETH-Bahnhof,640,480,716,./dataset/train/ETH-Bahnhof/img1/000717.jpg
1896,2,ETH-Bahnhof,640,480,717,./dataset/train/ETH-Bahnhof/img1/000718.jpg
1897,2,ETH-Bahnhof,640,480,718,./dataset/train/ETH-Bahnhof/img1/000719.jpg
1898,2,ETH-Bahnhof,640,480,719,./dataset/train/ETH-Bahnhof/img1/000720.jpg
1899,2,ETH-Bahnhof,640,480,720,./dataset/train/ETH-Bahnhof/img1/000721.jpg
1900,2,ETH-Bahnhof,640,480,721,./dataset/train/ETH-Bahnhof/img1/000722.jpg
1901,2,ETH-Bahnhof,640,480,722,./dataset/train/ETH-Bahnhof/img1/000723.jpg
1902,2,ETH-Bahnhof,640,480,723,./dataset/train/ETH-Bahnhof/img1/000724.jpg
1903,2,ETH-Bahnhof,640,480,724,./dataset/train/ETH-Bahnhof/img1/000725.jpg
1904,2,ETH-Bahnhof,640,480,725,./dataset/train/ETH-Bahnhof/img1/000726.jpg
1905,2,ETH-Bahnhof,640,480,726,./dataset/train/ETH-Bahnhof/img1/000727.jpg
1906,2,ETH-Bahnhof,640,480,727,./dataset/train/ETH-Bahnhof/img1/000728.jpg
1907,2,ETH-Bahnhof,640,480,728,./dataset/train/ETH-Bahnhof/img1/000729.jpg
1908,2,ETH-Bahnhof,640,480,729,./dataset/train/ETH-Bahnhof/img1/000730.jpg
1909,2,ETH-Bahnhof,640,480,730,./dataset/train/ETH-Bahnhof/img1/000731.jpg
1910,2,ETH-Bahnhof,640,480,731,./dataset/train/ETH-Bahnhof/img1/000732.jpg
1911,2,ETH-Bahnhof,640,480,732,./dataset/train/ETH-Bahnhof/img1/000733.jpg
1912,2,ETH-Bahnhof,640,480,733,./dataset/train/ETH-Bahnhof/img1/000734.jpg
1913,2,ETH-Bahnhof,640,480,734,./dataset/train/ETH-Bahnhof/img1/000735.jpg
1914,2,ETH-Bahnhof,640,480,735,./dataset/train/ETH-Bahnhof/img1/000736.jpg
1915,2,ETH-Bahnhof,640,480,736,./dataset/train/ETH-Bahnhof/img1/000737.jpg
1916,2,ETH-Bahnhof,640,480,737,./dataset/train/ETH-Bahnhof/img1/000738.jpg
1917,2,ETH-Bahnhof,640,480,738,./dataset/train/ETH-Bahnhof/img1/000739.jpg
1918,2,ETH-Bahnhof,640,480,739,./dataset/train/ETH-Bahnhof/img1/000740.jpg
1919,2,ETH-Bahnhof,640,480,740,./dataset/train/ETH-Bahnhof/img1/000741.jpg
1920,2,ETH-Bahnhof,640,480,741,./dataset/train/ETH-Bahnhof/img1/000742.jpg
1921,2,ETH-Bahnhof,640,480,742,./dataset/train/ETH-Bahnhof/img1/000743.jpg
1922,2,ETH-Bahnhof,640,480,743,./dataset/train/ETH-Bahnhof/img1/000744.jpg
1923,2,ETH-Bahnhof,640,480,744,./dataset/train/ETH-Bahnhof/img1/000745.jpg
1924,2,ETH-Bahnhof,640,480,745,./dataset/train/ETH-Bahnhof/img1/000746.jpg
1925,2,ETH-Bahnhof,640,480,746,./dataset/train/ETH-Bahnhof/img1/000747.jpg
1926,2,ETH-Bahnhof,640,480,747,./dataset/train/ETH-Bahnhof/img1/000748.jpg
1927,2,ETH-Bahnhof,640,480,748,./dataset/train/ETH-Bahnhof/img1/000749.jpg
1928,2,ETH-Bahnhof,640,480,749,./dataset/train/ETH-Bahnhof/img1/000750.jpg
1929,2,ETH-Bahnhof,640,480,750,./dataset/train/ETH-Bahnhof/img1/000751.jpg
1930,2,ETH-Bahnhof,640,480,751,./dataset/train/ETH-Bahnhof/img1/000752.jpg
1931,2,ETH-Bahnhof,640,480,752,./dataset/train/ETH-Bahnhof/img1/000753.jpg
1932,2,ETH-Bahnhof,640,480,753,./dataset/train/ETH-Bahnhof/img1/000754.jpg
1933,2,ETH-Bahnhof,640,480,754,./dataset/train/ETH-Bahnhof/img1/000755.jpg
1934,2,ETH-Bahnhof,640,480,755,./dataset/train/ETH-Bahnhof/img1/000756.jpg
1935,2,ETH-Bahnhof,640,480,756,./dataset/train/ETH-Bahnhof/img1/000757.jpg
1936,2,ETH-Bahnhof,640,480,757,./dataset/train/ETH-Bahnhof/img1/000758.jpg
1937,2,ETH-Bahnhof,640,480,758,./dataset/train/ETH-Bahnhof/img1/000759.jpg
1938,2,ETH-Bahnhof,640,480,759,./dataset/train/ETH-Bahnhof/img1/000760.jpg
1939,2,ETH-Bahnhof,640,480,760,./dataset/train/ETH-Bahnhof/img1/000761.jpg
1940,2,ETH-Bahnhof,640,480,761,./dataset/train/ETH-Bahnhof/img1/000762.jpg
1941,2,ETH-Bahnhof,640,480,762,./dataset/train/ETH-Bahnhof/img1/000763.jpg
1942,2,ETH-Bahnhof,640,480,763,./dataset/train/ETH-Bahnhof/img1/000764.jpg
1943,2,ETH-Bahnhof,640,480,764,./dataset/train/ETH-Bahnhof/img1/000765.jpg
1944,2,ETH-Bahnhof,640,480,765,./dataset/train/ETH-Bahnhof/img1/000766.jpg
1945,2,ETH-Bahnhof,640,480,766,./dataset/train/ETH-Bahnhof/img1/000767.jpg
1946,2,ETH-Bahnhof,640,480,767,./dataset/train/ETH-Bahnhof/img1/000768.jpg
1947,2,ETH-Bahnhof,640,480,768,./dataset/train/ETH-Bahnhof/img1/000769.jpg
1948,2,ETH-Bahnhof,640,480,769,./dataset/train/ETH-Bahnhof/img1/000770.jpg
1949,2,ETH-Bahnhof,640,480,770,./dataset/train/ETH-Bahnhof/img1/000771.jpg
1950,2,ETH-Bahnhof,640,480,771,./dataset/train/ETH-Bahnhof/img1/000772.jpg
1951,2,ETH-Bahnhof,640,480,772,./dataset/train/ETH-Bahnhof/img1/000773.jpg
1952,2,ETH-Bahnhof,640,480,773,./dataset/train/ETH-Bahnhof/img1/000774.jpg
1953,2,ETH-Bahnhof,640,480,774,./dataset/train/ETH-Bahnhof/img1/000775.jpg
1954,2,ETH-Bahnhof,640,480,775,./dataset/train/ETH-Bahnhof/img1/000776.jpg
1955,2,ETH-Bahnhof,640,480,776,./dataset/train/ETH-Bahnhof/img1/000777.jpg
1956,2,ETH-Bahnhof,640,480,777,./dataset/train/ETH-Bahnhof/img1/000778.jpg
1957,2,ETH-Bahnhof,640,480,778,./dataset/train/ETH-Bahnhof/img1/000779.jpg
1958,2,ETH-Bahnhof,640,480,779,./dataset/train/ETH-Bahnhof/img1/000780.jpg
1959,2,ETH-Bahnhof,640,480,780,./dataset/train/ETH-Bahnhof/img1/000781.jpg
1960,2,ETH-Bahnhof,640,480,781,./dataset/train/ETH-Bahnhof/img1/000782.jpg
1961,2,ETH-Bahnhof,640,480,782,./dataset/train/ETH-Bahnhof/img1/000783.jpg
1962,2,ETH-Bahnhof,640,480,783,./dataset/train/ETH-Bahnhof/img1/000784.jpg
1963,2,ETH-Bahnhof,640,480,784,./dataset/train/ETH-Bahnhof/img1/000785.jpg
1964,2,ETH-Bahnhof,640,480,785,./dataset/train/ETH-Bahnhof/img1/000786.jpg
1965,2,ETH-Bahnhof,640,480,786,./dataset/train/ETH-Bahnhof/img1/000787.jpg
1966,2,ETH-Bahnhof,640,480,787,./dataset/train/ETH-Bahnhof/img1/000788.jpg
1967,2,ETH-Bahnhof,640,480,788,./dataset/train/ETH-Bahnhof/img1/000789.jpg
1968,2,ETH-Bahnhof,640,480,789,./dataset/train/ETH-Bahnhof/img1/000790.jpg
1969,2,ETH-Bahnhof,640,480,790,./dataset/train/ETH-Bahnhof/img1/000791.jpg
1970,2,ETH-Bahnhof,640,480,791,./dataset/train/ETH-Bahnhof/img1/000792.jpg
1971,2,ETH-Bahnhof,640,480,792,./dataset/train/ETH-Bahnhof/img1/000793.jpg
1972,2,ETH-Bahnhof,640,480,793,./dataset/train/ETH-Bahnhof/img1/000794.jpg
1973,2,ETH-Bahnhof,640,480,794,./dataset/train/ETH-Bahnhof/img1/000795.jpg
1974,2,ETH-Bahnhof,640,480,795,./dataset/train/ETH-Bahnhof/img1/000796.jpg
1975,2,ETH-Bahnhof,640,480,796,./dataset/train/ETH-Bahnhof/img1/000797.jpg
1976,2,ETH-Bahnhof,640,480,797,./dataset/train/ETH-Bahnhof/img1/000798.jpg
1977,2,ETH-Bahnhof,640,480,798,./dataset/train/ETH-Bahnhof/img1/000799.jpg
1978,2,ETH-Bahnhof,640,480,799,./dataset/train/ETH-Bahnhof/img1/000800.jpg
1979,2,ETH-Bahnhof,640,480,800,./dataset/train/ETH-Bahnhof/img1/000801.jpg
1980,2,ETH-Bahnhof,640,480,801,./dataset/train/ETH-Bahnhof/img1/000802.jpg
1981,2,ETH-Bahnhof,640,480,802,./dataset/train/ETH-Bahnhof/img1/000803.jpg
1982,2,ETH-Bahnhof,640,480,803,./dataset/train/ETH-Bahnhof/img1/000804.jpg
1983,2,ETH-Bahnhof,640,480,804,./dataset/train/ETH-Bahnhof/img1/000805.jpg
1984,2,ETH-Bahnhof,640,480,805,./dataset/train/ETH-Bahnhof/img1/000806.jpg
1985,2,ETH-Bahnhof,640,480,806,./dataset/train/ETH-Bahnhof/img1/000807.jpg
1986,2,ETH-Bahnhof,640,480,807,./dataset/train/ETH-Bahnhof/img1/000808.jpg
1987,2,ETH-Bahnhof,640,480,808,./dataset/train/ETH-Bahnhof/img1/000809.jpg
1988,2,ETH-Bahnhof,640,480,809,./dataset/train/ETH-Bahnhof/img1/000810.jpg
1989,2,ETH-Bahnhof,640,480,810,./dataset/train/ETH-Bahnhof/img1/000811.jpg
1990,2,ETH-Bahnhof,640,480,811,./dataset/train/ETH-Bahnhof/img1/000812.jpg
1991,2,ETH-Bahnhof,640,480,812,./dataset/train/ETH-Bahnhof/img1/000813.jpg
1992,2,ETH-Bahnhof,640,480,813,./dataset/train/ETH-Bahnhof/img1/000814.jpg
1993,2,ETH-Bahnhof,640,480,814,./dataset/train/ETH-Bahnhof/img1/000815.jpg
1994,2,ETH-Bahnhof,640,480,815,./dataset/train/ETH-Bahnhof/img1/000816.jpg
1995,2,ETH-Bahnhof,640,480,816,./dataset/train/ETH-Bahnhof/img1/000817.jpg
1996,2,ETH-Bahnhof,640,480,817,./dataset/train/ETH-Bahnhof/img1/000818.jpg
1997,2,ETH-Bahnhof,640,480,818,./dataset/train/ETH-Bahnhof/img1/000819.jpg
1998,2,ETH-Bahnhof,640,480,819,./dataset/train/ETH-Bahnhof/img1/000820.jpg
1999,2,ETH-Bahnhof,640,480,820,./dataset/train/ETH-Bahnhof/img1/000821.jpg
2000,2,ETH-Bahnhof,640,480,821,./dataset/train/ETH-Bahnhof/img1/000822.jpg
2001,2,ETH-Bahnhof,640,480,822,./dataset/train/ETH-Bahnhof/img1/000823.jpg
2002,2,ETH-Bahnhof,640,480,823,./dataset/train/ETH-Bahnhof/img1/000824.jpg
2003,2,ETH-Bahnhof,640,480,824,./dataset/train/ETH-Bahnhof/img1/000825.jpg
2004,2,ETH-Bahnhof,640,480,825,./dataset/train/ETH-Bahnhof/img1/000826.jpg
2005,2,ETH-Bahnhof,640,480,826,./dataset/train/ETH-Bahnhof/img1/000827.jpg
2006,2,ETH-Bahnhof,640,480,827,./dataset/train/ETH-Bahnhof/img1/000828.jpg
2007,2,ETH-Bahnhof,640,480,828,./dataset/train/ETH-Bahnhof/img1/000829.jpg
2008,2,ETH-Bahnhof,640,480,829,./dataset/train/ETH-Bahnhof/img1/000830.jpg
2009,2,ETH-Bahnhof,640,480,830,./dataset/train/ETH-Bahnhof/img1/000831.jpg
2010,2,ETH-Bahnhof,640,480,831,./dataset/train/ETH-Bahnhof/img1/000832.jpg
2011,2,ETH-Bahnhof,640,480,832,./dataset/train/ETH-Bahnhof/img1/000833.jpg
2012,2,ETH-Bahnhof,640,480,833,./dataset/train/ETH-Bahnhof/img1/000834.jpg
2013,2,ETH-Bahnhof,640,480,834,./dataset/train/ETH-Bahnhof/img1/000835.jpg
2014,2,ETH-Bahnhof,640,480,835,./dataset/train/ETH-Bahnhof/img1/000836.jpg
2015,2,ETH-Bahnhof,640,480,836,./dataset/train/ETH-Bahnhof/img1/000837.jpg
2016,2,ETH-Bahnhof,640,480,837,./dataset/train/ETH-Bahnhof/img1/000838.jpg
2017,2,ETH-Bahnhof,640,480,838,./dataset/train/ETH-Bahnhof/img1/000839.jpg
2018,2,ETH-Bahnhof,640,480,839,./dataset/train/ETH-Bahnhof/img1/000840.jpg
2019,2,ETH-Bahnhof,640,480,840,./dataset/train/ETH-Bahnhof/img1/000841.jpg
2020,2,ETH-Bahnhof,640,480,841,./dataset/train/ETH-Bahnhof/img1/000842.jpg
2021,2,ETH-Bahnhof,640,480,842,./dataset/train/ETH-Bahnhof/img1/000843.jpg
2022,2,ETH-Bahnhof,640,480,843,./dataset/train/ETH-Bahnhof/img1/000844.jpg
2023,2,ETH-Bahnhof,640,480,844,./dataset/train/ETH-Bahnhof/img1/000845.jpg
2024,2,ETH-Bahnhof,640,480,845,./dataset/train/ETH-Bahnhof/img1/000846.jpg
2025,2,ETH-Bahnhof,640,480,846,./dataset/train/ETH-Bahnhof/img1/000847.jpg
2026,2,ETH-Bahnhof,640,480,847,./dataset/train/ETH-Bahnhof/img1/000848.jpg
2027,2,ETH-Bahnhof,640,480,848,./dataset/train/ETH-Bahnhof/img1/000849.jpg
2028,2,ETH-Bahnhof,640,480,849,./dataset/train/ETH-Bahnhof/img1/000850.jpg
2029,2,ETH-Bahnhof,640,480,850,./dataset/train/ETH-Bahnhof/img1/000851.jpg
2030,2,ETH-Bahnhof,640,480,851,./dataset/train/ETH-Bahnhof/img1/000852.jpg
2031,2,ETH-Bahnhof,640,480,852,./dataset/train/ETH-Bahnhof/img1/000853.jpg
2032,2,ETH-Bahnhof,640,480,853,./dataset/train/ETH-Bahnhof/img1/000854.jpg
2033,2,ETH-Bahnhof,640,480,854,./dataset/train/ETH-Bahnhof/img1/000855.jpg
2034,2,ETH-Bahnhof,640,480,855,./dataset/train/ETH-Bahnhof/img1/000856.jpg
2035,2,ETH-Bahnhof,640,480,856,./dataset/train/ETH-Bahnhof/img1/000857.jpg
2036,2,ETH-Bahnhof,640,480,857,./dataset/train/ETH-Bahnhof/img1/000858.jpg
2037,2,ETH-Bahnhof,640,480,858,./dataset/train/ETH-Bahnhof/img1/000859.jpg
2038,2,ETH-Bahnhof,640,480,859,./dataset/train/ETH-Bahnhof/img1/000860.jpg
2039,2,ETH-Bahnhof,640,480,860,./dataset/train/ETH-Bahnhof/img1/000861.jpg
2040,2,ETH-Bahnhof,640,480,861,./dataset/train/ETH-Bahnhof/img1/000862.jpg
2041,2,ETH-Bahnhof,640,480,862,./dataset/train/ETH-Bahnhof/img1/000863.jpg
2042,2,ETH-Bahnhof,640,480,863,./dataset/train/ETH-Bahnhof/img1/000864.jpg
2043,2,ETH-Bahnhof,640,480,864,./dataset/train/ETH-Bahnhof/img1/000865.jpg
2044,2,ETH-Bahnhof,640,480,865,./dataset/train/ETH-Bahnhof/img1/000866.jpg
2045,2,ETH-Bahnhof,640,480,866,./dataset/train/ETH-Bahnhof/img1/000867.jpg
2046,2,ETH-Bahnhof,640,480,867,./dataset/train/ETH-Bahnhof/img1/000868.jpg
2047,2,ETH-Bahnhof,640,480,868,./dataset/train/ETH-Bahnhof/img1/000869.jpg
2048,2,ETH-Bahnhof,640,480,869,./dataset/train/ETH-Bahnhof/img1/000870.jpg
2049,2,ETH-Bahnhof,640,480,870,./dataset/train/ETH-Bahnhof/img1/000871.jpg
2050,2,ETH-Bahnhof,640,480,871,./dataset/train/ETH-Bahnhof/img1/000872.jpg
2051,2,ETH-Bahnhof,640,480,872,./dataset/train/ETH-Bahnhof/img1/000873.jpg
2052,2,ETH-Bahnhof,640,480,873,./dataset/train/ETH-Bahnhof/img1/000874.jpg
2053,2,ETH-Bahnhof,640,480,874,./dataset/train/ETH-Bahnhof/img1/000875.jpg
2054,2,ETH-Bahnhof,640,480,875,./dataset/train/ETH-Bahnhof/img1/000876.jpg
2055,2,ETH-Bahnhof,640,480,876,./dataset/train/ETH-Bahnhof/img1/000877.jpg
2056,2,ETH-Bahnhof,640,480,877,./dataset/train/ETH-Bahnhof/img1/000878.jpg
2057,2,ETH-Bahnhof,640,480,878,./dataset/train/ETH-Bahnhof/img1/000879.jpg
2058,2,ETH-Bahnhof,640,480,879,./dataset/train/ETH-Bahnhof/img1/000880.jpg
2059,2,ETH-Bahnhof,640,480,880,./dataset/train/ETH-Bahnhof/img1/000881.jpg
2060,2,ETH-Bahnhof,640,480,881,./dataset/train/ETH-Bahnhof/img1/000882.jpg
2061,2,ETH-Bahnhof,640,480,882,./dataset/train/ETH-Bahnhof/img1/000883.jpg
2062,2,ETH-Bahnhof,640,480,883,./dataset/train/ETH-Bahnhof/img1/000884.jpg
2063,2,ETH-Bahnhof,640,480,884,./dataset/train/ETH-Bahnhof/img1/000885.jpg
2064,2,ETH-Bahnhof,640,480,885,./dataset/train/ETH-Bahnhof/img1/000886.jpg
2065,2,ETH-Bahnhof,640,480,886,./dataset/train/ETH-Bahnhof/img1/000887.jpg
2066,2,ETH-Bahnhof,640,480,887,./dataset/train/ETH-Bahnhof/img1/000888.jpg
2067,2,ETH-Bahnhof,640,480,888,./dataset/train/ETH-Bahnhof/img1/000889.jpg
2068,2,ETH-Bahnhof,640,480,889,./dataset/train/ETH-Bahnhof/img1/000890.jpg
2069,2,ETH-Bahnhof,640,480,890,./dataset/train/ETH-Bahnhof/img1/000891.jpg
2070,2,ETH-Bahnhof,640,480,891,./dataset/train/ETH-Bahnhof/img1/000892.jpg
2071,2,ETH-Bahnhof,640,480,892,./dataset/train/ETH-Bahnhof/img1/000893.jpg
2072,2,ETH-Bahnhof,640,480,893,./dataset/train/ETH-Bahnhof/img1/000894.jpg
2073,2,ETH-Bahnhof,640,480,894,./dataset/train/ETH-Bahnhof/img1/000895.jpg
2074,2,ETH-Bahnhof,640,480,895,./dataset/train/ETH-Bahnhof/img1/000896.jpg
2075,2,ETH-Bahnhof,640,480,896,./dataset/train/ETH-Bahnhof/img1/000897.jpg
2076,2,ETH-Bahnhof,640,480,897,./dataset/train/ETH-Bahnhof/img1/000898.jpg
2077,2,ETH-Bahnhof,640,480,898,./dataset/train/ETH-Bahnhof/img1/000899.jpg
2078,2,ETH-Bahnhof,640,480,899,./dataset/train/ETH-Bahnhof/img1/000900.jpg
2079,2,ETH-Bahnhof,640,480,900,./dataset/train/ETH-Bahnhof/img1/000901.jpg
2080,2,ETH-Bahnhof,640,480,901,./dataset/train/ETH-Bahnhof/img1/000902.jpg
2081,2,ETH-Bahnhof,640,480,902,./dataset/train/ETH-Bahnhof/img1/000903.jpg
2082,2,ETH-Bahnhof,640,480,903,./dataset/train/ETH-Bahnhof/img1/000904.jpg
2083,2,ETH-Bahnhof,640,480,904,./dataset/train/ETH-Bahnhof/img1/000905.jpg
2084,2,ETH-Bahnhof,640,480,905,./dataset/train/ETH-Bahnhof/img1/000906.jpg
2085,2,ETH-Bahnhof,640,480,906,./dataset/train/ETH-Bahnhof/img1/000907.jpg
2086,2,ETH-Bahnhof,640,480,907,./dataset/train/ETH-Bahnhof/img1/000908.jpg
2087,2,ETH-Bahnhof,640,480,908,./dataset/train/ETH-Bahnhof/img1/000909.jpg
2088,2,ETH-Bahnhof,640,480,909,./dataset/train/ETH-Bahnhof/img1/000910.jpg
2089,2,ETH-Bahnhof,640,480,910,./dataset/train/ETH-Bahnhof/img1/000911.jpg
2090,2,ETH-Bahnhof,640,480,911,./dataset/train/ETH-Bahnhof/img1/000912.jpg
2091,2,ETH-Bahnhof,640,480,912,./dataset/train/ETH-Bahnhof/img1/000913.jpg
2092,2,ETH-Bahnhof,640,480,913,./dataset/train/ETH-Bahnhof/img1/000914.jpg
2093,2,ETH-Bahnhof,640,480,914,./dataset/train/ETH-Bahnhof/img1/000915.jpg
2094,2,ETH-Bahnhof,640,480,915,./dataset/train/ETH-Bahnhof/img1/000916.jpg
2095,2,ETH-Bahnhof,640,480,916,./dataset/train/ETH-Bahnhof/img1/000917.jpg
2096,2,ETH-Bahnhof,640,480,917,./dataset/train/ETH-Bahnhof/img1/000918.jpg
2097,2,ETH-Bahnhof,640,480,918,./dataset/train/ETH-Bahnhof/img1/000919.jpg
2098,2,ETH-Bahnhof,640,480,919,./dataset/train/ETH-Bahnhof/img1/000920.jpg
2099,2,ETH-Bahnhof,640,480,920,./dataset/train/ETH-Bahnhof/img1/000921.jpg
2100,2,ETH-Bahnhof,640,480,921,./dataset/train/ETH-Bahnhof/img1/000922.jpg
2101,2,ETH-Bahnhof,640,480,922,./dataset/train/ETH-Bahnhof/img1/000923.jpg
2102,2,ETH-Bahnhof,640,480,923,./dataset/train/ETH-Bahnhof/img1/000924.jpg
2103,2,ETH-Bahnhof,640,480,924,./dataset/train/ETH-Bahnhof/img1/000925.jpg
2104,2,ETH-Bahnhof,640,480,925,./dataset/train/ETH-Bahnhof/img1/000926.jpg
2105,2,ETH-Bahnhof,640,480,926,./dataset/train/ETH-Bahnhof/img1/000927.jpg
2106,2,ETH-Bahnhof,640,480,927,./dataset/train/ETH-Bahnhof/img1/000928.jpg
2107,2,ETH-Bahnhof,640,480,928,./dataset/train/ETH-Bahnhof/img1/000929.jpg
2108,2,ETH-Bahnhof,640,480,929,./dataset/train/ETH-Bahnhof/img1/000930.jpg
2109,2,ETH-Bahnhof,640,480,930,./dataset/train/ETH-Bahnhof/img1/000931.jpg
2110,2,ETH-Bahnhof,640,480,931,./dataset/train/ETH-Bahnhof/img1/000932.jpg
2111,2,ETH-Bahnhof,640,480,932,./dataset/train/ETH-Bahnhof/img1/000933.jpg
2112,2,ETH-Bahnhof,640,480,933,./dataset/train/ETH-Bahnhof/img1/000934.jpg
2113,2,ETH-Bahnhof,640,480,934,./dataset/train/ETH-Bahnhof/img1/000935.jpg
2114,2,ETH-Bahnhof,640,480,935,./dataset/train/ETH-Bahnhof/img1/000936.jpg
2115,2,ETH-Bahnhof,640,480,936,./dataset/train/ETH-Bahnhof/img1/000937.jpg
2116,2,ETH-Bahnhof,640,480,937,./dataset/train/ETH-Bahnhof/img1/000938.jpg
2117,2,ETH-Bahnhof,640,480,938,./dataset/train/ETH-Bahnhof/img1/000939.jpg
2118,2,ETH-Bahnhof,640,480,939,./dataset/train/ETH-Bahnhof/img1/000940.jpg
2119,2,ETH-Bahnhof,640,480,940,./dataset/train/ETH-Bahnhof/img1/000941.jpg
2120,2,ETH-Bahnhof,640,480,941,./dataset/train/ETH-Bahnhof/img1/000942.jpg
2121,2,ETH-Bahnhof,640,480,942,./dataset/train/ETH-Bahnhof/img1/000943.jpg
2122,2,ETH-Bahnhof,640,480,943,./dataset/train/ETH-Bahnhof/img1/000944.jpg
2123,2,ETH-Bahnhof,640,480,944,./dataset/train/ETH-Bahnhof/img1/000945.jpg
2124,2,ETH-Bahnhof,640,480,945,./dataset/train/ETH-Bahnhof/img1/000946.jpg
2125,2,ETH-Bahnhof,640,480,946,./dataset/train/ETH-Bahnhof/img1/000947.jpg
2126,2,ETH-Bahnhof,640,480,947,./dataset/train/ETH-Bahnhof/img1/000948.jpg
2127,2,ETH-Bahnhof,640,480,948,./dataset/train/ETH-Bahnhof/img1/000949.jpg
2128,2,ETH-Bahnhof,640,480,949,./dataset/train/ETH-Bahnhof/img1/000950.jpg
2129,2,ETH-Bahnhof,640,480,950,./dataset/train/ETH-Bahnhof/img1/000951.jpg
2130,2,ETH-Bahnhof,640,480,951,./dataset/train/ETH-Bahnhof/img1/000952.jpg
2131,2,ETH-Bahnhof,640,480,952,./dataset/train/ETH-Bahnhof/img1/000953.jpg
2132,2,ETH-Bahnhof,640,480,953,./dataset/train/ETH-Bahnhof/img1/000954.jpg
2133,2,ETH-Bahnhof,640,480,954,./dataset/train/ETH-Bahnhof/img1/000955.jpg
2134,2,ETH-Bahnhof,640,480,955,./dataset/train/ETH-Bahnhof/img1/000956.jpg
2135,2,ETH-Bahnhof,640,480,956,./dataset/train/ETH-Bahnhof/img1/000957.jpg
2136,2,ETH-Bahnhof,640,480,957,./dataset/train/ETH-Bahnhof/img1/000958.jpg
2137,2,ETH-Bahnhof,640,480,958,./dataset/train/ETH-Bahnhof/img1/000959.jpg
2138,2,ETH-Bahnhof,640,480,959,./dataset/train/ETH-Bahnhof/img1/000960.jpg
2139,2,ETH-Bahnhof,640,480,960,./dataset/train/ETH-Bahnhof/img1/000961.jpg
2140,2,ETH-Bahnhof,640,480,961,./dataset/train/ETH-Bahnhof/img1/000962.jpg
2141,2,ETH-Bahnhof,640,480,962,./dataset/train/ETH-Bahnhof/img1/000963.jpg
2142,2,ETH-Bahnhof,640,480,963,./dataset/train/ETH-Bahnhof/img1/000964.jpg
2143,2,ETH-Bahnhof,640,480,964,./dataset/train/ETH-Bahnhof/img1/000965.jpg
2144,2,ETH-Bahnhof,640,480,965,./dataset/train/ETH-Bahnhof/img1/000966.jpg
2145,2,ETH-Bahnhof,640,480,966,./dataset/train/ETH-Bahnhof/img1/000967.jpg
2146,2,ETH-Bahnhof,640,480,967,./dataset/train/ETH-Bahnhof/img1/000968.jpg
2147,2,ETH-Bahnhof,640,480,968,./dataset/train/ETH-Bahnhof/img1/000969.jpg
2148,2,ETH-Bahnhof,640,480,969,./dataset/train/ETH-Bahnhof/img1/000970.jpg
2149,2,ETH-Bahnhof,640,480,970,./dataset/train/ETH-Bahnhof/img1/000971.jpg
2150,2,ETH-Bahnhof,640,480,971,./dataset/train/ETH-Bahnhof/img1/000972.jpg
2151,2,ETH-Bahnhof,640,480,972,./dataset/train/ETH-Bahnhof/img1/000973.jpg
2152,2,ETH-Bahnhof,640,480,973,./dataset/train/ETH-Bahnhof/img1/000974.jpg
2153,2,ETH-Bahnhof,640,480,974,./dataset/train/ETH-Bahnhof/img1/000975.jpg
2154,2,ETH-Bahnhof,640,480,975,./dataset/train/ETH-Bahnhof/img1/000976.jpg
2155,2,ETH-Bahnhof,640,480,976,./dataset/train/ETH-Bahnhof/img1/000977.jpg
2156,2,ETH-Bahnhof,640,480,977,./dataset/train/ETH-Bahnhof/img1/000978.jpg
2157,2,ETH-Bahnhof,640,480,978,./dataset/train/ETH-Bahnhof/img1/000979.jpg
2158,2,ETH-Bahnhof,640,480,979,./dataset/train/ETH-Bahnhof/img1/000980.jpg
2159,2,ETH-Bahnhof,640,480,980,./dataset/train/ETH-Bahnhof/img1/000981.jpg
2160,2,ETH-Bahnhof,640,480,981,./dataset/train/ETH-Bahnhof/img1/000982.jpg
2161,2,ETH-Bahnhof,640,480,982,./dataset/train/ETH-Bahnhof/img1/000983.jpg
2162,2,ETH-Bahnhof,640,480,983,./dataset/train/ETH-Bahnhof/img1/000984.jpg
2163,2,ETH-Bahnhof,640,480,984,./dataset/train/ETH-Bahnhof/img1/000985.jpg
2164,2,ETH-Bahnhof,640,480,985,./dataset/train/ETH-Bahnhof/img1/000986.jpg
2165,2,ETH-Bahnhof,640,480,986,./dataset/train/ETH-Bahnhof/img1/000987.jpg
2166,2,ETH-Bahnhof,640,480,987,./dataset/train/ETH-Bahnhof/img1/000988.jpg
2167,2,ETH-Bahnhof,640,480,988,./dataset/train/ETH-Bahnhof/img1/000989.jpg
2168,2,ETH-Bahnhof,640,480,989,./dataset/train/ETH-Bahnhof/img1/000990.jpg
2169,2,ETH-Bahnhof,640,480,990,./dataset/train/ETH-Bahnhof/img1/000991.jpg
2170,2,ETH-Bahnhof,640,480,991,./dataset/train/ETH-Bahnhof/img1/000992.jpg
2171,2,ETH-Bahnhof,640,480,992,./dataset/train/ETH-Bahnhof/img1/000993.jpg
2172,2,ETH-Bahnhof,640,480,993,./dataset/train/ETH-Bahnhof/img1/000994.jpg
2173,2,ETH-Bahnhof,640,480,994,./dataset/train/ETH-Bahnhof/img1/000995.jpg
2174,2,ETH-Bahnhof,640,480,995,./dataset/train/ETH-Bahnhof/img1/000996.jpg
2175,2,ETH-Bahnhof,640,480,996,./dataset/train/ETH-Bahnhof/img1/000997.jpg
2176,2,ETH-Bahnhof,640,480,997,./dataset/train/ETH-Bahnhof/img1/000998.jpg
2177,2,ETH-Bahnhof,640,480,998,./dataset/train/ETH-Bahnhof/img1/000999.jpg
2178,2,ETH-Bahnhof,640,480,999,./dataset/train/ETH-Bahnhof/img1/001000.jpg
2179,3,ETH-Pedcross2,640,480,0,./dataset/train/ETH-Pedcross2/img1/000001.jpg
2180,3,ETH-Pedcross2,640,480,1,./dataset/train/ETH-Pedcross2/img1/000002.jpg
2181,3,ETH-Pedcross2,640,480,2,./dataset/train/ETH-Pedcross2/img1/000003.jpg
2182,3,ETH-Pedcross2,640,480,3,./dataset/train/ETH-Pedcross2/img1/000004.jpg
2183,3,ETH-Pedcross2,640,480,4,./dataset/train/ETH-Pedcross2/img1/000005.jpg
2184,3,ETH-Pedcross2,640,480,5,./dataset/train/ETH-Pedcross2/img1/000006.jpg
2185,3,ETH-Pedcross2,640,480,6,./dataset/train/ETH-Pedcross2/img1/000007.jpg
2186,3,ETH-Pedcross2,640,480,7,./dataset/train/ETH-Pedcross2/img1/000008.jpg
2187,3,ETH-Pedcross2,640,480,8,./dataset/train/ETH-Pedcross2/img1/000009.jpg
2188,3,ETH-Pedcross2,640,480,9,./dataset/train/ETH-Pedcross2/img1/000010.jpg
2189,3,ETH-Pedcross2,640,480,10,./dataset/train/ETH-Pedcross2/img1/000011.jpg
2190,3,ETH-Pedcross2,640,480,11,./dataset/train/ETH-Pedcross2/img1/000012.jpg
2191,3,ETH-Pedcross2,640,480,12,./dataset/train/ETH-Pedcross2/img1/000013.jpg
2192,3,ETH-Pedcross2,640,480,13,./dataset/train/ETH-Pedcross2/img1/000014.jpg
2193,3,ETH-Pedcross2,640,480,14,./dataset/train/ETH-Pedcross2/img1/000015.jpg
2194,3,ETH-Pedcross2,640,480,15,./dataset/train/ETH-Pedcross2/img1/000016.jpg
2195,3,ETH-Pedcross2,640,480,16,./dataset/train/ETH-Pedcross2/img1/000017.jpg
2196,3,ETH-Pedcross2,640,480,17,./dataset/train/ETH-Pedcross2/img1/000018.jpg
2197,3,ETH-Pedcross2,640,480,18,./dataset/train/ETH-Pedcross2/img1/000019.jpg
2198,3,ETH-Pedcross2,640,480,19,./dataset/train/ETH-Pedcross2/img1/000020.jpg
2199,3,ETH-Pedcross2,640,480,20,./dataset/train/ETH-Pedcross2/img1/000021.jpg
2200,3,ETH-Pedcross2,640,480,21,./dataset/train/ETH-Pedcross2/img1/000022.jpg
2201,3,ETH-Pedcross2,640,480,22,./dataset/train/ETH-Pedcross2/img1/000023.jpg
2202,3,ETH-Pedcross2,640,480,23,./dataset/train/ETH-Pedcross2/img1/000024.jpg
2203,3,ETH-Pedcross2,640,480,24,./dataset/train/ETH-Pedcross2/img1/000025.jpg
2204,3,ETH-Pedcross2,640,480,25,./dataset/train/ETH-Pedcross2/img1/000026.jpg
2205,3,ETH-Pedcross2,640,480,26,./dataset/train/ETH-Pedcross2/img1/000027.jpg
2206,3,ETH-Pedcross2,640,480,27,./dataset/train/ETH-Pedcross2/img1/000028.jpg
2207,3,ETH-Pedcross2,640,480,28,./dataset/train/ETH-Pedcross2/img1/000029.jpg
2208,3,ETH-Pedcross2,640,480,29,./dataset/train/ETH-Pedcross2/img1/000030.jpg
2209,3,ETH-Pedcross2,640,480,30,./dataset/train/ETH-Pedcross2/img1/000031.jpg
2210,3,ETH-Pedcross2,640,480,31,./dataset/train/ETH-Pedcross2/img1/000032.jpg
2211,3,ETH-Pedcross2,640,480,32,./dataset/train/ETH-Pedcross2/img1/000033.jpg
2212,3,ETH-Pedcross2,640,480,33,./dataset/train/ETH-Pedcross2/img1/000034.jpg
2213,3,ETH-Pedcross2,640,480,34,./dataset/train/ETH-Pedcross2/img1/000035.jpg
2214,3,ETH-Pedcross2,640,480,35,./dataset/train/ETH-Pedcross2/img1/000036.jpg
2215,3,ETH-Pedcross2,640,480,36,./dataset/train/ETH-Pedcross2/img1/000037.jpg
2216,3,ETH-Pedcross2,640,480,37,./dataset/train/ETH-Pedcross2/img1/000038.jpg
2217,3,ETH-Pedcross2,640,480,38,./dataset/train/ETH-Pedcross2/img1/000039.jpg
2218,3,ETH-Pedcross2,640,480,39,./dataset/train/ETH-Pedcross2/img1/000040.jpg
2219,3,ETH-Pedcross2,640,480,40,./dataset/train/ETH-Pedcross2/img1/000041.jpg
2220,3,ETH-Pedcross2,640,480,41,./dataset/train/ETH-Pedcross2/img1/000042.jpg
2221,3,ETH-Pedcross2,640,480,42,./dataset/train/ETH-Pedcross2/img1/000043.jpg
2222,3,ETH-Pedcross2,640,480,43,./dataset/train/ETH-Pedcross2/img1/000044.jpg
2223,3,ETH-Pedcross2,640,480,44,./dataset/train/ETH-Pedcross2/img1/000045.jpg
2224,3,ETH-Pedcross2,640,480,45,./dataset/train/ETH-Pedcross2/img1/000046.jpg
2225,3,ETH-Pedcross2,640,480,46,./dataset/train/ETH-Pedcross2/img1/000047.jpg
2226,3,ETH-Pedcross2,640,480,47,./dataset/train/ETH-Pedcross2/img1/000048.jpg
2227,3,ETH-Pedcross2,640,480,48,./dataset/train/ETH-Pedcross2/img1/000049.jpg
2228,3,ETH-Pedcross2,640,480,49,./dataset/train/ETH-Pedcross2/img1/000050.jpg
2229,3,ETH-Pedcross2,640,480,50,./dataset/train/ETH-Pedcross2/img1/000051.jpg
2230,3,ETH-Pedcross2,640,480,51,./dataset/train/ETH-Pedcross2/img1/000052.jpg
2231,3,ETH-Pedcross2,640,480,52,./dataset/train/ETH-Pedcross2/img1/000053.jpg
2232,3,ETH-Pedcross2,640,480,53,./dataset/train/ETH-Pedcross2/img1/000054.jpg
2233,3,ETH-Pedcross2,640,480,54,./dataset/train/ETH-Pedcross2/img1/000055.jpg
2234,3,ETH-Pedcross2,640,480,55,./dataset/train/ETH-Pedcross2/img1/000056.jpg
2235,3,ETH-Pedcross2,640,480,56,./dataset/train/ETH-Pedcross2/img1/000057.jpg
2236,3,ETH-Pedcross2,640,480,57,./dataset/train/ETH-Pedcross2/img1/000058.jpg
2237,3,ETH-Pedcross2,640,480,58,./dataset/train/ETH-Pedcross2/img1/000059.jpg
2238,3,ETH-Pedcross2,640,480,59,./dataset/train/ETH-Pedcross2/img1/000060.jpg
2239,3,ETH-Pedcross2,640,480,60,./dataset/train/ETH-Pedcross2/img1/000061.jpg
2240,3,ETH-Pedcross2,640,480,61,./dataset/train/ETH-Pedcross2/img1/000062.jpg
2241,3,ETH-Pedcross2,640,480,62,./dataset/train/ETH-Pedcross2/img1/000063.jpg
2242,3,ETH-Pedcross2,640,480,63,./dataset/train/ETH-Pedcross2/img1/000064.jpg
2243,3,ETH-Pedcross2,640,480,64,./dataset/train/ETH-Pedcross2/img1/000065.jpg
2244,3,ETH-Pedcross2,640,480,65,./dataset/train/ETH-Pedcross2/img1/000066.jpg
2245,3,ETH-Pedcross2,640,480,66,./dataset/train/ETH-Pedcross2/img1/000067.jpg
2246,3,ETH-Pedcross2,640,480,67,./dataset/train/ETH-Pedcross2/img1/000068.jpg
2247,3,ETH-Pedcross2,640,480,68,./dataset/train/ETH-Pedcross2/img1/000069.jpg
2248,3,ETH-Pedcross2,640,480,69,./dataset/train/ETH-Pedcross2/img1/000070.jpg
2249,3,ETH-Pedcross2,640,480,70,./dataset/train/ETH-Pedcross2/img1/000071.jpg
2250,3,ETH-Pedcross2,640,480,71,./dataset/train/ETH-Pedcross2/img1/000072.jpg
2251,3,ETH-Pedcross2,640,480,72,./dataset/train/ETH-Pedcross2/img1/000073.jpg
2252,3,ETH-Pedcross2,640,480,73,./dataset/train/ETH-Pedcross2/img1/000074.jpg
2253,3,ETH-Pedcross2,640,480,74,./dataset/train/ETH-Pedcross2/img1/000075.jpg
2254,3,ETH-Pedcross2,640,480,75,./dataset/train/ETH-Pedcross2/img1/000076.jpg
2255,3,ETH-Pedcross2,640,480,76,./dataset/train/ETH-Pedcross2/img1/000077.jpg
2256,3,ETH-Pedcross2,640,480,77,./dataset/train/ETH-Pedcross2/img1/000078.jpg
2257,3,ETH-Pedcross2,640,480,78,./dataset/train/ETH-Pedcross2/img1/000079.jpg
2258,3,ETH-Pedcross2,640,480,79,./dataset/train/ETH-Pedcross2/img1/000080.jpg
2259,3,ETH-Pedcross2,640,480,80,./dataset/train/ETH-Pedcross2/img1/000081.jpg
2260,3,ETH-Pedcross2,640,480,81,./dataset/train/ETH-Pedcross2/img1/000082.jpg
2261,3,ETH-Pedcross2,640,480,82,./dataset/train/ETH-Pedcross2/img1/000083.jpg
2262,3,ETH-Pedcross2,640,480,83,./dataset/train/ETH-Pedcross2/img1/000084.jpg
2263,3,ETH-Pedcross2,640,480,84,./dataset/train/ETH-Pedcross2/img1/000085.jpg
2264,3,ETH-Pedcross2,640,480,85,./dataset/train/ETH-Pedcross2/img1/000086.jpg
2265,3,ETH-Pedcross2,640,480,86,./dataset/train/ETH-Pedcross2/img1/000087.jpg
2266,3,ETH-Pedcross2,640,480,87,./dataset/train/ETH-Pedcross2/img1/000088.jpg
2267,3,ETH-Pedcross2,640,480,88,./dataset/train/ETH-Pedcross2/img1/000089.jpg
2268,3,ETH-Pedcross2,640,480,89,./dataset/train/ETH-Pedcross2/img1/000090.jpg
2269,3,ETH-Pedcross2,640,480,90,./dataset/train/ETH-Pedcross2/img1/000091.jpg
2270,3,ETH-Pedcross2,640,480,91,./dataset/train/ETH-Pedcross2/img1/000092.jpg
2271,3,ETH-Pedcross2,640,480,92,./dataset/train/ETH-Pedcross2/img1/000093.jpg
2272,3,ETH-Pedcross2,640,480,93,./dataset/train/ETH-Pedcross2/img1/000094.jpg
2273,3,ETH-Pedcross2,640,480,94,./dataset/train/ETH-Pedcross2/img1/000095.jpg
2274,3,ETH-Pedcross2,640,480,95,./dataset/train/ETH-Pedcross2/img1/000096.jpg
2275,3,ETH-Pedcross2,640,480,96,./dataset/train/ETH-Pedcross2/img1/000097.jpg
2276,3,ETH-Pedcross2,640,480,97,./dataset/train/ETH-Pedcross2/img1/000098.jpg
2277,3,ETH-Pedcross2,640,480,98,./dataset/train/ETH-Pedcross2/img1/000099.jpg
2278,3,ETH-Pedcross2,640,480,99,./dataset/train/ETH-Pedcross2/img1/000100.jpg
2279,3,ETH-Pedcross2,640,480,100,./dataset/train/ETH-Pedcross2/img1/000101.jpg
2280,3,ETH-Pedcross2,640,480,101,./dataset/train/ETH-Pedcross2/img1/000102.jpg
2281,3,ETH-Pedcross2,640,480,102,./dataset/train/ETH-Pedcross2/img1/000103.jpg
2282,3,ETH-Pedcross2,640,480,103,./dataset/train/ETH-Pedcross2/img1/000104.jpg
2283,3,ETH-Pedcross2,640,480,104,./dataset/train/ETH-Pedcross2/img1/000105.jpg
2284,3,ETH-Pedcross2,640,480,105,./dataset/train/ETH-Pedcross2/img1/000106.jpg
2285,3,ETH-Pedcross2,640,480,106,./dataset/train/ETH-Pedcross2/img1/000107.jpg
2286,3,ETH-Pedcross2,640,480,107,./dataset/train/ETH-Pedcross2/img1/000108.jpg
2287,3,ETH-Pedcross2,640,480,108,./dataset/train/ETH-Pedcross2/img1/000109.jpg
2288,3,ETH-Pedcross2,640,480,109,./dataset/train/ETH-Pedcross2/img1/000110.jpg
2289,3,ETH-Pedcross2,640,480,110,./dataset/train/ETH-Pedcross2/img1/000111.jpg
2290,3,ETH-Pedcross2,640,480,111,./dataset/train/ETH-Pedcross2/img1/000112.jpg
2291,3,ETH-Pedcross2,640,480,112,./dataset/train/ETH-Pedcross2/img1/000113.jpg
2292,3,ETH-Pedcross2,640,480,113,./dataset/train/ETH-Pedcross2/img1/000114.jpg
2293,3,ETH-Pedcross2,640,480,114,./dataset/train/ETH-Pedcross2/img1/000115.jpg
2294,3,ETH-Pedcross2,640,480,115,./dataset/train/ETH-Pedcross2/img1/000116.jpg
2295,3,ETH-Pedcross2,640,480,116,./dataset/train/ETH-Pedcross2/img1/000117.jpg
2296,3,ETH-Pedcross2,640,480,117,./dataset/train/ETH-Pedcross2/img1/000118.jpg
2297,3,ETH-Pedcross2,640,480,118,./dataset/train/ETH-Pedcross2/img1/000119.jpg
2298,3,ETH-Pedcross2,640,480,119,./dataset/train/ETH-Pedcross2/img1/000120.jpg
2299,3,ETH-Pedcross2,640,480,120,./dataset/train/ETH-Pedcross2/img1/000121.jpg
2300,3,ETH-Pedcross2,640,480,121,./dataset/train/ETH-Pedcross2/img1/000122.jpg
2301,3,ETH-Pedcross2,640,480,122,./dataset/train/ETH-Pedcross2/img1/000123.jpg
2302,3,ETH-Pedcross2,640,480,123,./dataset/train/ETH-Pedcross2/img1/000124.jpg
2303,3,ETH-Pedcross2,640,480,124,./dataset/train/ETH-Pedcross2/img1/000125.jpg
2304,3,ETH-Pedcross2,640,480,125,./dataset/train/ETH-Pedcross2/img1/000126.jpg
2305,3,ETH-Pedcross2,640,480,126,./dataset/train/ETH-Pedcross2/img1/000127.jpg
2306,3,ETH-Pedcross2,640,480,127,./dataset/train/ETH-Pedcross2/img1/000128.jpg
2307,3,ETH-Pedcross2,640,480,128,./dataset/train/ETH-Pedcross2/img1/000129.jpg
2308,3,ETH-Pedcross2,640,480,129,./dataset/train/ETH-Pedcross2/img1/000130.jpg
2309,3,ETH-Pedcross2,640,480,130,./dataset/train/ETH-Pedcross2/img1/000131.jpg
2310,3,ETH-Pedcross2,640,480,131,./dataset/train/ETH-Pedcross2/img1/000132.jpg
2311,3,ETH-Pedcross2,640,480,132,./dataset/train/ETH-Pedcross2/img1/000133.jpg
2312,3,ETH-Pedcross2,640,480,133,./dataset/train/ETH-Pedcross2/img1/000134.jpg
2313,3,ETH-Pedcross2,640,480,134,./dataset/train/ETH-Pedcross2/img1/000135.jpg
2314,3,ETH-Pedcross2,640,480,135,./dataset/train/ETH-Pedcross2/img1/000136.jpg
2315,3,ETH-Pedcross2,640,480,136,./dataset/train/ETH-Pedcross2/img1/000137.jpg
2316,3,ETH-Pedcross2,640,480,137,./dataset/train/ETH-Pedcross2/img1/000138.jpg
2317,3,ETH-Pedcross2,640,480,138,./dataset/train/ETH-Pedcross2/img1/000139.jpg
2318,3,ETH-Pedcross2,640,480,139,./dataset/train/ETH-Pedcross2/img1/000140.jpg
2319,3,ETH-Pedcross2,640,480,140,./dataset/train/ETH-Pedcross2/img1/000141.jpg
2320,3,ETH-Pedcross2,640,480,141,./dataset/train/ETH-Pedcross2/img1/000142.jpg
2321,3,ETH-Pedcross2,640,480,142,./dataset/train/ETH-Pedcross2/img1/000143.jpg
2322,3,ETH-Pedcross2,640,480,143,./dataset/train/ETH-Pedcross2/img1/000144.jpg
2323,3,ETH-Pedcross2,640,480,144,./dataset/train/ETH-Pedcross2/img1/000145.jpg
2324,3,ETH-Pedcross2,640,480,145,./dataset/train/ETH-Pedcross2/img1/000146.jpg
2325,3,ETH-Pedcross2,640,480,146,./dataset/train/ETH-Pedcross2/img1/000147.jpg
2326,3,ETH-Pedcross2,640,480,147,./dataset/train/ETH-Pedcross2/img1/000148.jpg
2327,3,ETH-Pedcross2,640,480,148,./dataset/train/ETH-Pedcross2/img1/000149.jpg
2328,3,ETH-Pedcross2,640,480,149,./dataset/train/ETH-Pedcross2/img1/000150.jpg
2329,3,ETH-Pedcross2,640,480,150,./dataset/train/ETH-Pedcross2/img1/000151.jpg
2330,3,ETH-Pedcross2,640,480,151,./dataset/train/ETH-Pedcross2/img1/000152.jpg
2331,3,ETH-Pedcross2,640,480,152,./dataset/train/ETH-Pedcross2/img1/000153.jpg
2332,3,ETH-Pedcross2,640,480,153,./dataset/train/ETH-Pedcross2/img1/000154.jpg
2333,3,ETH-Pedcross2,640,480,154,./dataset/train/ETH-Pedcross2/img1/000155.jpg
2334,3,ETH-Pedcross2,640,480,155,./dataset/train/ETH-Pedcross2/img1/000156.jpg
2335,3,ETH-Pedcross2,640,480,156,./dataset/train/ETH-Pedcross2/img1/000157.jpg
2336,3,ETH-Pedcross2,640,480,157,./dataset/train/ETH-Pedcross2/img1/000158.jpg
2337,3,ETH-Pedcross2,640,480,158,./dataset/train/ETH-Pedcross2/img1/000159.jpg
2338,3,ETH-Pedcross2,640,480,159,./dataset/train/ETH-Pedcross2/img1/000160.jpg
2339,3,ETH-Pedcross2,640,480,160,./dataset/train/ETH-Pedcross2/img1/000161.jpg
2340,3,ETH-Pedcross2,640,480,161,./dataset/train/ETH-Pedcross2/img1/000162.jpg
2341,3,ETH-Pedcross2,640,480,162,./dataset/train/ETH-Pedcross2/img1/000163.jpg
2342,3,ETH-Pedcross2,640,480,163,./dataset/train/ETH-Pedcross2/img1/000164.jpg
2343,3,ETH-Pedcross2,640,480,164,./dataset/train/ETH-Pedcross2/img1/000165.jpg
2344,3,ETH-Pedcross2,640,480,165,./dataset/train/ETH-Pedcross2/img1/000166.jpg
2345,3,ETH-Pedcross2,640,480,166,./dataset/train/ETH-Pedcross2/img1/000167.jpg
2346,3,ETH-Pedcross2,640,480,167,./dataset/train/ETH-Pedcross2/img1/000168.jpg
2347,3,ETH-Pedcross2,640,480,168,./dataset/train/ETH-Pedcross2/img1/000169.jpg
2348,3,ETH-Pedcross2,640,480,169,./dataset/train/ETH-Pedcross2/img1/000170.jpg
2349,3,ETH-Pedcross2,640,480,170,./dataset/train/ETH-Pedcross2/img1/000171.jpg
2350,3,ETH-Pedcross2,640,480,171,./dataset/train/ETH-Pedcross2/img1/000172.jpg
2351,3,ETH-Pedcross2,640,480,172,./dataset/train/ETH-Pedcross2/img1/000173.jpg
2352,3,ETH-Pedcross2,640,480,173,./dataset/train/ETH-Pedcross2/img1/000174.jpg
2353,3,ETH-Pedcross2,640,480,174,./dataset/train/ETH-Pedcross2/img1/000175.jpg
2354,3,ETH-Pedcross2,640,480,175,./dataset/train/ETH-Pedcross2/img1/000176.jpg
2355,3,ETH-Pedcross2,640,480,176,./dataset/train/ETH-Pedcross2/img1/000177.jpg
2356,3,ETH-Pedcross2,640,480,177,./dataset/train/ETH-Pedcross2/img1/000178.jpg
2357,3,ETH-Pedcross2,640,480,178,./dataset/train/ETH-Pedcross2/img1/000179.jpg
2358,3,ETH-Pedcross2,640,480,179,./dataset/train/ETH-Pedcross2/img1/000180.jpg
2359,3,ETH-Pedcross2,640,480,180,./dataset/train/ETH-Pedcross2/img1/000181.jpg
2360,3,ETH-Pedcross2,640,480,181,./dataset/train/ETH-Pedcross2/img1/000182.jpg
2361,3,ETH-Pedcross2,640,480,182,./dataset/train/ETH-Pedcross2/img1/000183.jpg
2362,3,ETH-Pedcross2,640,480,183,./dataset/train/ETH-Pedcross2/img1/000184.jpg
2363,3,ETH-Pedcross2,640,480,184,./dataset/train/ETH-Pedcross2/img1/000185.jpg
2364,3,ETH-Pedcross2,640,480,185,./dataset/train/ETH-Pedcross2/img1/000186.jpg
2365,3,ETH-Pedcross2,640,480,186,./dataset/train/ETH-Pedcross2/img1/000187.jpg
2366,3,ETH-Pedcross2,640,480,187,./dataset/train/ETH-Pedcross2/img1/000188.jpg
2367,3,ETH-Pedcross2,640,480,188,./dataset/train/ETH-Pedcross2/img1/000189.jpg
2368,3,ETH-Pedcross2,640,480,189,./dataset/train/ETH-Pedcross2/img1/000190.jpg
2369,3,ETH-Pedcross2,640,480,190,./dataset/train/ETH-Pedcross2/img1/000191.jpg
2370,3,ETH-Pedcross2,640,480,191,./dataset/train/ETH-Pedcross2/img1/000192.jpg
2371,3,ETH-Pedcross2,640,480,192,./dataset/train/ETH-Pedcross2/img1/000193.jpg
2372,3,ETH-Pedcross2,640,480,193,./dataset/train/ETH-Pedcross2/img1/000194.jpg
2373,3,ETH-Pedcross2,640,480,194,./dataset/train/ETH-Pedcross2/img1/000195.jpg
2374,3,ETH-Pedcross2,640,480,195,./dataset/train/ETH-Pedcross2/img1/000196.jpg
2375,3,ETH-Pedcross2,640,480,196,./dataset/train/ETH-Pedcross2/img1/000197.jpg
2376,3,ETH-Pedcross2,640,480,197,./dataset/train/ETH-Pedcross2/img1/000198.jpg
2377,3,ETH-Pedcross2,640,480,198,./dataset/train/ETH-Pedcross2/img1/000199.jpg
2378,3,ETH-Pedcross2,640,480,199,./dataset/train/ETH-Pedcross2/img1/000200.jpg
2379,3,ETH-Pedcross2,640,480,200,./dataset/train/ETH-Pedcross2/img1/000201.jpg
2380,3,ETH-Pedcross2,640,480,201,./dataset/train/ETH-Pedcross2/img1/000202.jpg
2381,3,ETH-Pedcross2,640,480,202,./dataset/train/ETH-Pedcross2/img1/000203.jpg
2382,3,ETH-Pedcross2,640,480,203,./dataset/train/ETH-Pedcross2/img1/000204.jpg
2383,3,ETH-Pedcross2,640,480,204,./dataset/train/ETH-Pedcross2/img1/000205.jpg
2384,3,ETH-Pedcross2,640,480,205,./dataset/train/ETH-Pedcross2/img1/000206.jpg
2385,3,ETH-Pedcross2,640,480,206,./dataset/train/ETH-Pedcross2/img1/000207.jpg
2386,3,ETH-Pedcross2,640,480,207,./dataset/train/ETH-Pedcross2/img1/000208.jpg
2387,3,ETH-Pedcross2,640,480,208,./dataset/train/ETH-Pedcross2/img1/000209.jpg
2388,3,ETH-Pedcross2,640,480,209,./dataset/train/ETH-Pedcross2/img1/000210.jpg
2389,3,ETH-Pedcross2,640,480,210,./dataset/train/ETH-Pedcross2/img1/000211.jpg
2390,3,ETH-Pedcross2,640,480,211,./dataset/train/ETH-Pedcross2/img1/000212.jpg
2391,3,ETH-Pedcross2,640,480,212,./dataset/train/ETH-Pedcross2/img1/000213.jpg
2392,3,ETH-Pedcross2,640,480,213,./dataset/train/ETH-Pedcross2/img1/000214.jpg
2393,3,ETH-Pedcross2,640,480,214,./dataset/train/ETH-Pedcross2/img1/000215.jpg
2394,3,ETH-Pedcross2,640,480,215,./dataset/train/ETH-Pedcross2/img1/000216.jpg
2395,3,ETH-Pedcross2,640,480,216,./dataset/train/ETH-Pedcross2/img1/000217.jpg
2396,3,ETH-Pedcross2,640,480,217,./dataset/train/ETH-Pedcross2/img1/000218.jpg
2397,3,ETH-Pedcross2,640,480,218,./dataset/train/ETH-Pedcross2/img1/000219.jpg
2398,3,ETH-Pedcross2,640,480,219,./dataset/train/ETH-Pedcross2/img1/000220.jpg
2399,3,ETH-Pedcross2,640,480,220,./dataset/train/ETH-Pedcross2/img1/000221.jpg
2400,3,ETH-Pedcross2,640,480,221,./dataset/train/ETH-Pedcross2/img1/000222.jpg
2401,3,ETH-Pedcross2,640,480,222,./dataset/train/ETH-Pedcross2/img1/000223.jpg
2402,3,ETH-Pedcross2,640,480,223,./dataset/train/ETH-Pedcross2/img1/000224.jpg
2403,3,ETH-Pedcross2,640,480,224,./dataset/train/ETH-Pedcross2/img1/000225.jpg
2404,3,ETH-Pedcross2,640,480,225,./dataset/train/ETH-Pedcross2/img1/000226.jpg
2405,3,ETH-Pedcross2,640,480,226,./dataset/train/ETH-Pedcross2/img1/000227.jpg
2406,3,ETH-Pedcross2,640,480,227,./dataset/train/ETH-Pedcross2/img1/000228.jpg
2407,3,ETH-Pedcross2,640,480,228,./dataset/train/ETH-Pedcross2/img1/000229.jpg
2408,3,ETH-Pedcross2,640,480,229,./dataset/train/ETH-Pedcross2/img1/000230.jpg
2409,3,ETH-Pedcross2,640,480,230,./dataset/train/ETH-Pedcross2/img1/000231.jpg
2410,3,ETH-Pedcross2,640,480,231,./dataset/train/ETH-Pedcross2/img1/000232.jpg
2411,3,ETH-Pedcross2,640,480,232,./dataset/train/ETH-Pedcross2/img1/000233.jpg
2412,3,ETH-Pedcross2,640,480,233,./dataset/train/ETH-Pedcross2/img1/000234.jpg
2413,3,ETH-Pedcross2,640,480,234,./dataset/train/ETH-Pedcross2/img1/000235.jpg
2414,3,ETH-Pedcross2,640,480,235,./dataset/train/ETH-Pedcross2/img1/000236.jpg
2415,3,ETH-Pedcross2,640,480,236,./dataset/train/ETH-Pedcross2/img1/000237.jpg
2416,3,ETH-Pedcross2,640,480,237,./dataset/train/ETH-Pedcross2/img1/000238.jpg
2417,3,ETH-Pedcross2,640,480,238,./dataset/train/ETH-Pedcross2/img1/000239.jpg
2418,3,ETH-Pedcross2,640,480,239,./dataset/train/ETH-Pedcross2/img1/000240.jpg
2419,3,ETH-Pedcross2,640,480,240,./dataset/train/ETH-Pedcross2/img1/000241.jpg
2420,3,ETH-Pedcross2,640,480,241,./dataset/train/ETH-Pedcross2/img1/000242.jpg
2421,3,ETH-Pedcross2,640,480,242,./dataset/train/ETH-Pedcross2/img1/000243.jpg
2422,3,ETH-Pedcross2,640,480,243,./dataset/train/ETH-Pedcross2/img1/000244.jpg
2423,3,ETH-Pedcross2,640,480,244,./dataset/train/ETH-Pedcross2/img1/000245.jpg
2424,3,ETH-Pedcross2,640,480,245,./dataset/train/ETH-Pedcross2/img1/000246.jpg
2425,3,ETH-Pedcross2,640,480,246,./dataset/train/ETH-Pedcross2/img1/000247.jpg
2426,3,ETH-Pedcross2,640,480,247,./dataset/train/ETH-Pedcross2/img1/000248.jpg
2427,3,ETH-Pedcross2,640,480,248,./dataset/train/ETH-Pedcross2/img1/000249.jpg
2428,3,ETH-Pedcross2,640,480,249,./dataset/train/ETH-Pedcross2/img1/000250.jpg
2429,3,ETH-Pedcross2,640,480,250,./dataset/train/ETH-Pedcross2/img1/000251.jpg
2430,3,ETH-Pedcross2,640,480,251,./dataset/train/ETH-Pedcross2/img1/000252.jpg
2431,3,ETH-Pedcross2,640,480,252,./dataset/train/ETH-Pedcross2/img1/000253.jpg
2432,3,ETH-Pedcross2,640,480,253,./dataset/train/ETH-Pedcross2/img1/000254.jpg
2433,3,ETH-Pedcross2,640,480,254,./dataset/train/ETH-Pedcross2/img1/000255.jpg
2434,3,ETH-Pedcross2,640,480,255,./dataset/train/ETH-Pedcross2/img1/000256.jpg
2435,3,ETH-Pedcross2,640,480,256,./dataset/train/ETH-Pedcross2/img1/000257.jpg
2436,3,ETH-Pedcross2,640,480,257,./dataset/train/ETH-Pedcross2/img1/000258.jpg
2437,3,ETH-Pedcross2,640,480,258,./dataset/train/ETH-Pedcross2/img1/000259.jpg
2438,3,ETH-Pedcross2,640,480,259,./dataset/train/ETH-Pedcross2/img1/000260.jpg
2439,3,ETH-Pedcross2,640,480,260,./dataset/train/ETH-Pedcross2/img1/000261.jpg
2440,3,ETH-Pedcross2,640,480,261,./dataset/train/ETH-Pedcross2/img1/000262.jpg
2441,3,ETH-Pedcross2,640,480,262,./dataset/train/ETH-Pedcross2/img1/000263.jpg
2442,3,ETH-Pedcross2,640,480,263,./dataset/train/ETH-Pedcross2/img1/000264.jpg
2443,3,ETH-Pedcross2,640,480,264,./dataset/train/ETH-Pedcross2/img1/000265.jpg
2444,3,ETH-Pedcross2,640,480,265,./dataset/train/ETH-Pedcross2/img1/000266.jpg
2445,3,ETH-Pedcross2,640,480,266,./dataset/train/ETH-Pedcross2/img1/000267.jpg
2446,3,ETH-Pedcross2,640,480,267,./dataset/train/ETH-Pedcross2/img1/000268.jpg
2447,3,ETH-Pedcross2,640,480,268,./dataset/train/ETH-Pedcross2/img1/000269.jpg
2448,3,ETH-Pedcross2,640,480,269,./dataset/train/ETH-Pedcross2/img1/000270.jpg
2449,3,ETH-Pedcross2,640,480,270,./dataset/train/ETH-Pedcross2/img1/000271.jpg
2450,3,ETH-Pedcross2,640,480,271,./dataset/train/ETH-Pedcross2/img1/000272.jpg
2451,3,ETH-Pedcross2,640,480,272,./dataset/train/ETH-Pedcross2/img1/000273.jpg
2452,3,ETH-Pedcross2,640,480,273,./dataset/train/ETH-Pedcross2/img1/000274.jpg
2453,3,ETH-Pedcross2,640,480,274,./dataset/train/ETH-Pedcross2/img1/000275.jpg
2454,3,ETH-Pedcross2,640,480,275,./dataset/train/ETH-Pedcross2/img1/000276.jpg
2455,3,ETH-Pedcross2,640,480,276,./dataset/train/ETH-Pedcross2/img1/000277.jpg
2456,3,ETH-Pedcross2,640,480,277,./dataset/train/ETH-Pedcross2/img1/000278.jpg
2457,3,ETH-Pedcross2,640,480,278,./dataset/train/ETH-Pedcross2/img1/000279.jpg
2458,3,ETH-Pedcross2,640,480,279,./dataset/train/ETH-Pedcross2/img1/000280.jpg
2459,3,ETH-Pedcross2,640,480,280,./dataset/train/ETH-Pedcross2/img1/000281.jpg
2460,3,ETH-Pedcross2,640,480,281,./dataset/train/ETH-Pedcross2/img1/000282.jpg
2461,3,ETH-Pedcross2,640,480,282,./dataset/train/ETH-Pedcross2/img1/000283.jpg
2462,3,ETH-Pedcross2,640,480,283,./dataset/train/ETH-Pedcross2/img1/000284.jpg
2463,3,ETH-Pedcross2,640,480,284,./dataset/train/ETH-Pedcross2/img1/000285.jpg
2464,3,ETH-Pedcross2,640,480,285,./dataset/train/ETH-Pedcross2/img1/000286.jpg
2465,3,ETH-Pedcross2,640,480,286,./dataset/train/ETH-Pedcross2/img1/000287.jpg
2466,3,ETH-Pedcross2,640,480,287,./dataset/train/ETH-Pedcross2/img1/000288.jpg
2467,3,ETH-Pedcross2,640,480,288,./dataset/train/ETH-Pedcross2/img1/000289.jpg
2468,3,ETH-Pedcross2,640,480,289,./dataset/train/ETH-Pedcross2/img1/000290.jpg
2469,3,ETH-Pedcross2,640,480,290,./dataset/train/ETH-Pedcross2/img1/000291.jpg
2470,3,ETH-Pedcross2,640,480,291,./dataset/train/ETH-Pedcross2/img1/000292.jpg
2471,3,ETH-Pedcross2,640,480,292,./dataset/train/ETH-Pedcross2/img1/000293.jpg
2472,3,ETH-Pedcross2,640,480,293,./dataset/train/ETH-Pedcross2/img1/000294.jpg
2473,3,ETH-Pedcross2,640,480,294,./dataset/train/ETH-Pedcross2/img1/000295.jpg
2474,3,ETH-Pedcross2,640,480,295,./dataset/train/ETH-Pedcross2/img1/000296.jpg
2475,3,ETH-Pedcross2,640,480,296,./dataset/train/ETH-Pedcross2/img1/000297.jpg
2476,3,ETH-Pedcross2,640,480,297,./dataset/train/ETH-Pedcross2/img1/000298.jpg
2477,3,ETH-Pedcross2,640,480,298,./dataset/train/ETH-Pedcross2/img1/000299.jpg
2478,3,ETH-Pedcross2,640,480,299,./dataset/train/ETH-Pedcross2/img1/000300.jpg
2479,3,ETH-Pedcross2,640,480,300,./dataset/train/ETH-Pedcross2/img1/000301.jpg
2480,3,ETH-Pedcross2,640,480,301,./dataset/train/ETH-Pedcross2/img1/000302.jpg
2481,3,ETH-Pedcross2,640,480,302,./dataset/train/ETH-Pedcross2/img1/000303.jpg
2482,3,ETH-Pedcross2,640,480,303,./dataset/train/ETH-Pedcross2/img1/000304.jpg
2483,3,ETH-Pedcross2,640,480,304,./dataset/train/ETH-Pedcross2/img1/000305.jpg
2484,3,ETH-Pedcross2,640,480,305,./dataset/train/ETH-Pedcross2/img1/000306.jpg
2485,3,ETH-Pedcross2,640,480,306,./dataset/train/ETH-Pedcross2/img1/000307.jpg
2486,3,ETH-Pedcross2,640,480,307,./dataset/train/ETH-Pedcross2/img1/000308.jpg
2487,3,ETH-Pedcross2,640,480,308,./dataset/train/ETH-Pedcross2/img1/000309.jpg
2488,3,ETH-Pedcross2,640,480,309,./dataset/train/ETH-Pedcross2/img1/000310.jpg
2489,3,ETH-Pedcross2,640,480,310,./dataset/train/ETH-Pedcross2/img1/000311.jpg
2490,3,ETH-Pedcross2,640,480,311,./dataset/train/ETH-Pedcross2/img1/000312.jpg
2491,3,ETH-Pedcross2,640,480,312,./dataset/train/ETH-Pedcross2/img1/000313.jpg
2492,3,ETH-Pedcross2,640,480,313,./dataset/train/ETH-Pedcross2/img1/000314.jpg
2493,3,ETH-Pedcross2,640,480,314,./dataset/train/ETH-Pedcross2/img1/000315.jpg
2494,3,ETH-Pedcross2,640,480,315,./dataset/train/ETH-Pedcross2/img1/000316.jpg
2495,3,ETH-Pedcross2,640,480,316,./dataset/train/ETH-Pedcross2/img1/000317.jpg
2496,3,ETH-Pedcross2,640,480,317,./dataset/train/ETH-Pedcross2/img1/000318.jpg
2497,3,ETH-Pedcross2,640,480,318,./dataset/train/ETH-Pedcross2/img1/000319.jpg
2498,3,ETH-Pedcross2,640,480,319,./dataset/train/ETH-Pedcross2/img1/000320.jpg
2499,3,ETH-Pedcross2,640,480,320,./dataset/train/ETH-Pedcross2/img1/000321.jpg
2500,3,ETH-Pedcross2,640,480,321,./dataset/train/ETH-Pedcross2/img1/000322.jpg
2501,3,ETH-Pedcross2,640,480,322,./dataset/train/ETH-Pedcross2/img1/000323.jpg
2502,3,ETH-Pedcross2,640,480,323,./dataset/train/ETH-Pedcross2/img1/000324.jpg
2503,3,ETH-Pedcross2,640,480,324,./dataset/train/ETH-Pedcross2/img1/000325.jpg
2504,3,ETH-Pedcross2,640,480,325,./dataset/train/ETH-Pedcross2/img1/000326.jpg
2505,3,ETH-Pedcross2,640,480,326,./dataset/train/ETH-Pedcross2/img1/000327.jpg
2506,3,ETH-Pedcross2,640,480,327,./dataset/train/ETH-Pedcross2/img1/000328.jpg
2507,3,ETH-Pedcross2,640,480,328,./dataset/train/ETH-Pedcross2/img1/000329.jpg
2508,3,ETH-Pedcross2,640,480,329,./dataset/train/ETH-Pedcross2/img1/000330.jpg
2509,3,ETH-Pedcross2,640,480,330,./dataset/train/ETH-Pedcross2/img1/000331.jpg
2510,3,ETH-Pedcross2,640,480,331,./dataset/train/ETH-Pedcross2/img1/000332.jpg
2511,3,ETH-Pedcross2,640,480,332,./dataset/train/ETH-Pedcross2/img1/000333.jpg
2512,3,ETH-Pedcross2,640,480,333,./dataset/train/ETH-Pedcross2/img1/000334.jpg
2513,3,ETH-Pedcross2,640,480,334,./dataset/train/ETH-Pedcross2/img1/000335.jpg
2514,3,ETH-Pedcross2,640,480,335,./dataset/train/ETH-Pedcross2/img1/000336.jpg
2515,3,ETH-Pedcross2,640,480,336,./dataset/train/ETH-Pedcross2/img1/000337.jpg
2516,3,ETH-Pedcross2,640,480,337,./dataset/train/ETH-Pedcross2/img1/000338.jpg
2517,3,ETH-Pedcross2,640,480,338,./dataset/train/ETH-Pedcross2/img1/000339.jpg
2518,3,ETH-Pedcross2,640,480,339,./dataset/train/ETH-Pedcross2/img1/000340.jpg
2519,3,ETH-Pedcross2,640,480,340,./dataset/train/ETH-Pedcross2/img1/000341.jpg
2520,3,ETH-Pedcross2,640,480,341,./dataset/train/ETH-Pedcross2/img1/000342.jpg
2521,3,ETH-Pedcross2,640,480,342,./dataset/train/ETH-Pedcross2/img1/000343.jpg
2522,3,ETH-Pedcross2,640,480,343,./dataset/train/ETH-Pedcross2/img1/000344.jpg
2523,3,ETH-Pedcross2,640,480,344,./dataset/train/ETH-Pedcross2/img1/000345.jpg
2524,3,ETH-Pedcross2,640,480,345,./dataset/train/ETH-Pedcross2/img1/000346.jpg
2525,3,ETH-Pedcross2,640,480,346,./dataset/train/ETH-Pedcross2/img1/000347.jpg
2526,3,ETH-Pedcross2,640,480,347,./dataset/train/ETH-Pedcross2/img1/000348.jpg
2527,3,ETH-Pedcross2,640,480,348,./dataset/train/ETH-Pedcross2/img1/000349.jpg
2528,3,ETH-Pedcross2,640,480,349,./dataset/train/ETH-Pedcross2/img1/000350.jpg
2529,3,ETH-Pedcross2,640,480,350,./dataset/train/ETH-Pedcross2/img1/000351.jpg
2530,3,ETH-Pedcross2,640,480,351,./dataset/train/ETH-Pedcross2/img1/000352.jpg
2531,3,ETH-Pedcross2,640,480,352,./dataset/train/ETH-Pedcross2/img1/000353.jpg
2532,3,ETH-Pedcross2,640,480,353,./dataset/train/ETH-Pedcross2/img1/000354.jpg
2533,3,ETH-Pedcross2,640,480,354,./dataset/train/ETH-Pedcross2/img1/000355.jpg
2534,3,ETH-Pedcross2,640,480,355,./dataset/train/ETH-Pedcross2/img1/000356.jpg
2535,3,ETH-Pedcross2,640,480,356,./dataset/train/ETH-Pedcross2/img1/000357.jpg
2536,3,ETH-Pedcross2,640,480,357,./dataset/train/ETH-Pedcross2/img1/000358.jpg
2537,3,ETH-Pedcross2,640,480,358,./dataset/train/ETH-Pedcross2/img1/000359.jpg
2538,3,ETH-Pedcross2,640,480,359,./dataset/train/ETH-Pedcross2/img1/000360.jpg
2539,3,ETH-Pedcross2,640,480,360,./dataset/train/ETH-Pedcross2/img1/000361.jpg
2540,3,ETH-Pedcross2,640,480,361,./dataset/train/ETH-Pedcross2/img1/000362.jpg
2541,3,ETH-Pedcross2,640,480,362,./dataset/train/ETH-Pedcross2/img1/000363.jpg
2542,3,ETH-Pedcross2,640,480,363,./dataset/train/ETH-Pedcross2/img1/000364.jpg
2543,3,ETH-Pedcross2,640,480,364,./dataset/train/ETH-Pedcross2/img1/000365.jpg
2544,3,ETH-Pedcross2,640,480,365,./dataset/train/ETH-Pedcross2/img1/000366.jpg
2545,3,ETH-Pedcross2,640,480,366,./dataset/train/ETH-Pedcross2/img1/000367.jpg
2546,3,ETH-Pedcross2,640,480,367,./dataset/train/ETH-Pedcross2/img1/000368.jpg
2547,3,ETH-Pedcross2,640,480,368,./dataset/train/ETH-Pedcross2/img1/000369.jpg
2548,3,ETH-Pedcross2,640,480,369,./dataset/train/ETH-Pedcross2/img1/000370.jpg
2549,3,ETH-Pedcross2,640,480,370,./dataset/train/ETH-Pedcross2/img1/000371.jpg
2550,3,ETH-Pedcross2,640,480,371,./dataset/train/ETH-Pedcross2/img1/000372.jpg
2551,3,ETH-Pedcross2,640,480,372,./dataset/train/ETH-Pedcross2/img1/000373.jpg
2552,3,ETH-Pedcross2,640,480,373,./dataset/train/ETH-Pedcross2/img1/000374.jpg
2553,3,ETH-Pedcross2,640,480,374,./dataset/train/ETH-Pedcross2/img1/000375.jpg
2554,3,ETH-Pedcross2,640,480,375,./dataset/train/ETH-Pedcross2/img1/000376.jpg
2555,3,ETH-Pedcross2,640,480,376,./dataset/train/ETH-Pedcross2/img1/000377.jpg
2556,3,ETH-Pedcross2,640,480,377,./dataset/train/ETH-Pedcross2/img1/000378.jpg
2557,3,ETH-Pedcross2,640,480,378,./dataset/train/ETH-Pedcross2/img1/000379.jpg
2558,3,ETH-Pedcross2,640,480,379,./dataset/train/ETH-Pedcross2/img1/000380.jpg
2559,3,ETH-Pedcross2,640,480,380,./dataset/train/ETH-Pedcross2/img1/000381.jpg
2560,3,ETH-Pedcross2,640,480,381,./dataset/train/ETH-Pedcross2/img1/000382.jpg
2561,3,ETH-Pedcross2,640,480,382,./dataset/train/ETH-Pedcross2/img1/000383.jpg
2562,3,ETH-Pedcross2,640,480,383,./dataset/train/ETH-Pedcross2/img1/000384.jpg
2563,3,ETH-Pedcross2,640,480,384,./dataset/train/ETH-Pedcross2/img1/000385.jpg
2564,3,ETH-Pedcross2,640,480,385,./dataset/train/ETH-Pedcross2/img1/000386.jpg
2565,3,ETH-Pedcross2,640,480,386,./dataset/train/ETH-Pedcross2/img1/000387.jpg
2566,3,ETH-Pedcross2,640,480,387,./dataset/train/ETH-Pedcross2/img1/000388.jpg
2567,3,ETH-Pedcross2,640,480,388,./dataset/train/ETH-Pedcross2/img1/000389.jpg
2568,3,ETH-Pedcross2,640,480,389,./dataset/train/ETH-Pedcross2/img1/000390.jpg
2569,3,ETH-Pedcross2,640,480,390,./dataset/train/ETH-Pedcross2/img1/000391.jpg
2570,3,ETH-Pedcross2,640,480,391,./dataset/train/ETH-Pedcross2/img1/000392.jpg
2571,3,ETH-Pedcross2,640,480,392,./dataset/train/ETH-Pedcross2/img1/000393.jpg
2572,3,ETH-Pedcross2,640,480,393,./dataset/train/ETH-Pedcross2/img1/000394.jpg
2573,3,ETH-Pedcross2,640,480,394,./dataset/train/ETH-Pedcross2/img1/000395.jpg
2574,3,ETH-Pedcross2,640,480,395,./dataset/train/ETH-Pedcross2/img1/000396.jpg
2575,3,ETH-Pedcross2,640,480,396,./dataset/train/ETH-Pedcross2/img1/000397.jpg
2576,3,ETH-Pedcross2,640,480,397,./dataset/train/ETH-Pedcross2/img1/000398.jpg
2577,3,ETH-Pedcross2,640,480,398,./dataset/train/ETH-Pedcross2/img1/000399.jpg
2578,3,ETH-Pedcross2,640,480,399,./dataset/train/ETH-Pedcross2/img1/000400.jpg
2579,3,ETH-Pedcross2,640,480,400,./dataset/train/ETH-Pedcross2/img1/000401.jpg
2580,3,ETH-Pedcross2,640,480,401,./dataset/train/ETH-Pedcross2/img1/000402.jpg
2581,3,ETH-Pedcross2,640,480,402,./dataset/train/ETH-Pedcross2/img1/000403.jpg
2582,3,ETH-Pedcross2,640,480,403,./dataset/train/ETH-Pedcross2/img1/000404.jpg
2583,3,ETH-Pedcross2,640,480,404,./dataset/train/ETH-Pedcross2/img1/000405.jpg
2584,3,ETH-Pedcross2,640,480,405,./dataset/train/ETH-Pedcross2/img1/000406.jpg
2585,3,ETH-Pedcross2,640,480,406,./dataset/train/ETH-Pedcross2/img1/000407.jpg
2586,3,ETH-Pedcross2,640,480,407,./dataset/train/ETH-Pedcross2/img1/000408.jpg
2587,3,ETH-Pedcross2,640,480,408,./dataset/train/ETH-Pedcross2/img1/000409.jpg
2588,3,ETH-Pedcross2,640,480,409,./dataset/train/ETH-Pedcross2/img1/000410.jpg
2589,3,ETH-Pedcross2,640,480,410,./dataset/train/ETH-Pedcross2/img1/000411.jpg
2590,3,ETH-Pedcross2,640,480,411,./dataset/train/ETH-Pedcross2/img1/000412.jpg
2591,3,ETH-Pedcross2,640,480,412,./dataset/train/ETH-Pedcross2/img1/000413.jpg
2592,3,ETH-Pedcross2,640,480,413,./dataset/train/ETH-Pedcross2/img1/000414.jpg
2593,3,ETH-Pedcross2,640,480,414,./dataset/train/ETH-Pedcross2/img1/000415.jpg
2594,3,ETH-Pedcross2,640,480,415,./dataset/train/ETH-Pedcross2/img1/000416.jpg
2595,3,ETH-Pedcross2,640,480,416,./dataset/train/ETH-Pedcross2/img1/000417.jpg
2596,3,ETH-Pedcross2,640,480,417,./dataset/train/ETH-Pedcross2/img1/000418.jpg
2597,3,ETH-Pedcross2,640,480,418,./dataset/train/ETH-Pedcross2/img1/000419.jpg
2598,3,ETH-Pedcross2,640,480,419,./dataset/train/ETH-Pedcross2/img1/000420.jpg
2599,3,ETH-Pedcross2,640,480,420,./dataset/train/ETH-Pedcross2/img1/000421.jpg
2600,3,ETH-Pedcross2,640,480,421,./dataset/train/ETH-Pedcross2/img1/000422.jpg
2601,3,ETH-Pedcross2,640,480,422,./dataset/train/ETH-Pedcross2/img1/000423.jpg
2602,3,ETH-Pedcross2,640,480,423,./dataset/train/ETH-Pedcross2/img1/000424.jpg
2603,3,ETH-Pedcross2,640,480,424,./dataset/train/ETH-Pedcross2/img1/000425.jpg
2604,3,ETH-Pedcross2,640,480,425,./dataset/train/ETH-Pedcross2/img1/000426.jpg
2605,3,ETH-Pedcross2,640,480,426,./dataset/train/ETH-Pedcross2/img1/000427.jpg
2606,3,ETH-Pedcross2,640,480,427,./dataset/train/ETH-Pedcross2/img1/000428.jpg
2607,3,ETH-Pedcross2,640,480,428,./dataset/train/ETH-Pedcross2/img1/000429.jpg
2608,3,ETH-Pedcross2,640,480,429,./dataset/train/ETH-Pedcross2/img1/000430.jpg
2609,3,ETH-Pedcross2,640,480,430,./dataset/train/ETH-Pedcross2/img1/000431.jpg
2610,3,ETH-Pedcross2,640,480,431,./dataset/train/ETH-Pedcross2/img1/000432.jpg
2611,3,ETH-Pedcross2,640,480,432,./dataset/train/ETH-Pedcross2/img1/000433.jpg
2612,3,ETH-Pedcross2,640,480,433,./dataset/train/ETH-Pedcross2/img1/000434.jpg
2613,3,ETH-Pedcross2,640,480,434,./dataset/train/ETH-Pedcross2/img1/000435.jpg
2614,3,ETH-Pedcross2,640,480,435,./dataset/train/ETH-Pedcross2/img1/000436.jpg
2615,3,ETH-Pedcross2,640,480,436,./dataset/train/ETH-Pedcross2/img1/000437.jpg
2616,3,ETH-Pedcross2,640,480,437,./dataset/train/ETH-Pedcross2/img1/000438.jpg
2617,3,ETH-Pedcross2,640,480,438,./dataset/train/ETH-Pedcross2/img1/000439.jpg
2618,3,ETH-Pedcross2,640,480,439,./dataset/train/ETH-Pedcross2/img1/000440.jpg
2619,3,ETH-Pedcross2,640,480,440,./dataset/train/ETH-Pedcross2/img1/000441.jpg
2620,3,ETH-Pedcross2,640,480,441,./dataset/train/ETH-Pedcross2/img1/000442.jpg
2621,3,ETH-Pedcross2,640,480,442,./dataset/train/ETH-Pedcross2/img1/000443.jpg
2622,3,ETH-Pedcross2,640,480,443,./dataset/train/ETH-Pedcross2/img1/000444.jpg
2623,3,ETH-Pedcross2,640,480,444,./dataset/train/ETH-Pedcross2/img1/000445.jpg
2624,3,ETH-Pedcross2,640,480,445,./dataset/train/ETH-Pedcross2/img1/000446.jpg
2625,3,ETH-Pedcross2,640,480,446,./dataset/train/ETH-Pedcross2/img1/000447.jpg
2626,3,ETH-Pedcross2,640,480,447,./dataset/train/ETH-Pedcross2/img1/000448.jpg
2627,3,ETH-Pedcross2,640,480,448,./dataset/train/ETH-Pedcross2/img1/000449.jpg
2628,3,ETH-Pedcross2,640,480,449,./dataset/train/ETH-Pedcross2/img1/000450.jpg
2629,3,ETH-Pedcross2,640,480,450,./dataset/train/ETH-Pedcross2/img1/000451.jpg
2630,3,ETH-Pedcross2,640,480,451,./dataset/train/ETH-Pedcross2/img1/000452.jpg
2631,3,ETH-Pedcross2,640,480,452,./dataset/train/ETH-Pedcross2/img1/000453.jpg
2632,3,ETH-Pedcross2,640,480,453,./dataset/train/ETH-Pedcross2/img1/000454.jpg
2633,3,ETH-Pedcross2,640,480,454,./dataset/train/ETH-Pedcross2/img1/000455.jpg
2634,3,ETH-Pedcross2,640,480,455,./dataset/train/ETH-Pedcross2/img1/000456.jpg
2635,3,ETH-Pedcross2,640,480,456,./dataset/train/ETH-Pedcross2/img1/000457.jpg
2636,3,ETH-Pedcross2,640,480,457,./dataset/train/ETH-Pedcross2/img1/000458.jpg
2637,3,ETH-Pedcross2,640,480,458,./dataset/train/ETH-Pedcross2/img1/000459.jpg
2638,3,ETH-Pedcross2,640,480,459,./dataset/train/ETH-Pedcross2/img1/000460.jpg
2639,3,ETH-Pedcross2,640,480,460,./dataset/train/ETH-Pedcross2/img1/000461.jpg
2640,3,ETH-Pedcross2,640,480,461,./dataset/train/ETH-Pedcross2/img1/000462.jpg
2641,3,ETH-Pedcross2,640,480,462,./dataset/train/ETH-Pedcross2/img1/000463.jpg
2642,3,ETH-Pedcross2,640,480,463,./dataset/train/ETH-Pedcross2/img1/000464.jpg
2643,3,ETH-Pedcross2,640,480,464,./dataset/train/ETH-Pedcross2/img1/000465.jpg
2644,3,ETH-Pedcross2,640,480,465,./dataset/train/ETH-Pedcross2/img1/000466.jpg
2645,3,ETH-Pedcross2,640,480,466,./dataset/train/ETH-Pedcross2/img1/000467.jpg
2646,3,ETH-Pedcross2,640,480,467,./dataset/train/ETH-Pedcross2/img1/000468.jpg
2647,3,ETH-Pedcross2,640,480,468,./dataset/train/ETH-Pedcross2/img1/000469.jpg
2648,3,ETH-Pedcross2,640,480,469,./dataset/train/ETH-Pedcross2/img1/000470.jpg
2649,3,ETH-Pedcross2,640,480,470,./dataset/train/ETH-Pedcross2/img1/000471.jpg
2650,3,ETH-Pedcross2,640,480,471,./dataset/train/ETH-Pedcross2/img1/000472.jpg
2651,3,ETH-Pedcross2,640,480,472,./dataset/train/ETH-Pedcross2/img1/000473.jpg
2652,3,ETH-Pedcross2,640,480,473,./dataset/train/ETH-Pedcross2/img1/000474.jpg
2653,3,ETH-Pedcross2,640,480,474,./dataset/train/ETH-Pedcross2/img1/000475.jpg
2654,3,ETH-Pedcross2,640,480,475,./dataset/train/ETH-Pedcross2/img1/000476.jpg
2655,3,ETH-Pedcross2,640,480,476,./dataset/train/ETH-Pedcross2/img1/000477.jpg
2656,3,ETH-Pedcross2,640,480,477,./dataset/train/ETH-Pedcross2/img1/000478.jpg
2657,3,ETH-Pedcross2,640,480,478,./dataset/train/ETH-Pedcross2/img1/000479.jpg
2658,3,ETH-Pedcross2,640,480,479,./dataset/train/ETH-Pedcross2/img1/000480.jpg
2659,3,ETH-Pedcross2,640,480,480,./dataset/train/ETH-Pedcross2/img1/000481.jpg
2660,3,ETH-Pedcross2,640,480,481,./dataset/train/ETH-Pedcross2/img1/000482.jpg
2661,3,ETH-Pedcross2,640,480,482,./dataset/train/ETH-Pedcross2/img1/000483.jpg
2662,3,ETH-Pedcross2,640,480,483,./dataset/train/ETH-Pedcross2/img1/000484.jpg
2663,3,ETH-Pedcross2,640,480,484,./dataset/train/ETH-Pedcross2/img1/000485.jpg
2664,3,ETH-Pedcross2,640,480,485,./dataset/train/ETH-Pedcross2/img1/000486.jpg
2665,3,ETH-Pedcross2,640,480,486,./dataset/train/ETH-Pedcross2/img1/000487.jpg
2666,3,ETH-Pedcross2,640,480,487,./dataset/train/ETH-Pedcross2/img1/000488.jpg
2667,3,ETH-Pedcross2,640,480,488,./dataset/train/ETH-Pedcross2/img1/000489.jpg
2668,3,ETH-Pedcross2,640,480,489,./dataset/train/ETH-Pedcross2/img1/000490.jpg
2669,3,ETH-Pedcross2,640,480,490,./dataset/train/ETH-Pedcross2/img1/000491.jpg
2670,3,ETH-Pedcross2,640,480,491,./dataset/train/ETH-Pedcross2/img1/000492.jpg
2671,3,ETH-Pedcross2,640,480,492,./dataset/train/ETH-Pedcross2/img1/000493.jpg
2672,3,ETH-Pedcross2,640,480,493,./dataset/train/ETH-Pedcross2/img1/000494.jpg
2673,3,ETH-Pedcross2,640,480,494,./dataset/train/ETH-Pedcross2/img1/000495.jpg
2674,3,ETH-Pedcross2,640,480,495,./dataset/train/ETH-Pedcross2/img1/000496.jpg
2675,3,ETH-Pedcross2,640,480,496,./dataset/train/ETH-Pedcross2/img1/000497.jpg
2676,3,ETH-Pedcross2,640,480,497,./dataset/train/ETH-Pedcross2/img1/000498.jpg
2677,3,ETH-Pedcross2,640,480,498,./dataset/train/ETH-Pedcross2/img1/000499.jpg
2678,3,ETH-Pedcross2,640,480,499,./dataset/train/ETH-Pedcross2/img1/000500.jpg
2679,3,ETH-Pedcross2,640,480,500,./dataset/train/ETH-Pedcross2/img1/000501.jpg
2680,3,ETH-Pedcross2,640,480,501,./dataset/train/ETH-Pedcross2/img1/000502.jpg
2681,3,ETH-Pedcross2,640,480,502,./dataset/train/ETH-Pedcross2/img1/000503.jpg
2682,3,ETH-Pedcross2,640,480,503,./dataset/train/ETH-Pedcross2/img1/000504.jpg
2683,3,ETH-Pedcross2,640,480,504,./dataset/train/ETH-Pedcross2/img1/000505.jpg
2684,3,ETH-Pedcross2,640,480,505,./dataset/train/ETH-Pedcross2/img1/000506.jpg
2685,3,ETH-Pedcross2,640,480,506,./dataset/train/ETH-Pedcross2/img1/000507.jpg
2686,3,ETH-Pedcross2,640,480,507,./dataset/train/ETH-Pedcross2/img1/000508.jpg
2687,3,ETH-Pedcross2,640,480,508,./dataset/train/ETH-Pedcross2/img1/000509.jpg
2688,3,ETH-Pedcross2,640,480,509,./dataset/train/ETH-Pedcross2/img1/000510.jpg
2689,3,ETH-Pedcross2,640,480,510,./dataset/train/ETH-Pedcross2/img1/000511.jpg
2690,3,ETH-Pedcross2,640,480,511,./dataset/train/ETH-Pedcross2/img1/000512.jpg
2691,3,ETH-Pedcross2,640,480,512,./dataset/train/ETH-Pedcross2/img1/000513.jpg
2692,3,ETH-Pedcross2,640,480,513,./dataset/train/ETH-Pedcross2/img1/000514.jpg
2693,3,ETH-Pedcross2,640,480,514,./dataset/train/ETH-Pedcross2/img1/000515.jpg
2694,3,ETH-Pedcross2,640,480,515,./dataset/train/ETH-Pedcross2/img1/000516.jpg
2695,3,ETH-Pedcross2,640,480,516,./dataset/train/ETH-Pedcross2/img1/000517.jpg
2696,3,ETH-Pedcross2,640,480,517,./dataset/train/ETH-Pedcross2/img1/000518.jpg
2697,3,ETH-Pedcross2,640,480,518,./dataset/train/ETH-Pedcross2/img1/000519.jpg
2698,3,ETH-Pedcross2,640,480,519,./dataset/train/ETH-Pedcross2/img1/000520.jpg
2699,3,ETH-Pedcross2,640,480,520,./dataset/train/ETH-Pedcross2/img1/000521.jpg
2700,3,ETH-Pedcross2,640,480,521,./dataset/train/ETH-Pedcross2/img1/000522.jpg
2701,3,ETH-Pedcross2,640,480,522,./dataset/train/ETH-Pedcross2/img1/000523.jpg
2702,3,ETH-Pedcross2,640,480,523,./dataset/train/ETH-Pedcross2/img1/000524.jpg
2703,3,ETH-Pedcross2,640,480,524,./dataset/train/ETH-Pedcross2/img1/000525.jpg
2704,3,ETH-Pedcross2,640,480,525,./dataset/train/ETH-Pedcross2/img1/000526.jpg
2705,3,ETH-Pedcross2,640,480,526,./dataset/train/ETH-Pedcross2/img1/000527.jpg
2706,3,ETH-Pedcross2,640,480,527,./dataset/train/ETH-Pedcross2/img1/000528.jpg
2707,3,ETH-Pedcross2,640,480,528,./dataset/train/ETH-Pedcross2/img1/000529.jpg
2708,3,ETH-Pedcross2,640,480,529,./dataset/train/ETH-Pedcross2/img1/000530.jpg
2709,3,ETH-Pedcross2,640,480,530,./dataset/train/ETH-Pedcross2/img1/000531.jpg
2710,3,ETH-Pedcross2,640,480,531,./dataset/train/ETH-Pedcross2/img1/000532.jpg
2711,3,ETH-Pedcross2,640,480,532,./dataset/train/ETH-Pedcross2/img1/000533.jpg
2712,3,ETH-Pedcross2,640,480,533,./dataset/train/ETH-Pedcross2/img1/000534.jpg
2713,3,ETH-Pedcross2,640,480,534,./dataset/train/ETH-Pedcross2/img1/000535.jpg
2714,3,ETH-Pedcross2,640,480,535,./dataset/train/ETH-Pedcross2/img1/000536.jpg
2715,3,ETH-Pedcross2,640,480,536,./dataset/train/ETH-Pedcross2/img1/000537.jpg
2716,3,ETH-Pedcross2,640,480,537,./dataset/train/ETH-Pedcross2/img1/000538.jpg
2717,3,ETH-Pedcross2,640,480,538,./dataset/train/ETH-Pedcross2/img1/000539.jpg
2718,3,ETH-Pedcross2,640,480,539,./dataset/train/ETH-Pedcross2/img1/000540.jpg
2719,3,ETH-Pedcross2,640,480,540,./dataset/train/ETH-Pedcross2/img1/000541.jpg
2720,3,ETH-Pedcross2,640,480,541,./dataset/train/ETH-Pedcross2/img1/000542.jpg
2721,3,ETH-Pedcross2,640,480,542,./dataset/train/ETH-Pedcross2/img1/000543.jpg
2722,3,ETH-Pedcross2,640,480,543,./dataset/train/ETH-Pedcross2/img1/000544.jpg
2723,3,ETH-Pedcross2,640,480,544,./dataset/train/ETH-Pedcross2/img1/000545.jpg
2724,3,ETH-Pedcross2,640,480,545,./dataset/train/ETH-Pedcross2/img1/000546.jpg
2725,3,ETH-Pedcross2,640,480,546,./dataset/train/ETH-Pedcross2/img1/000547.jpg
2726,3,ETH-Pedcross2,640,480,547,./dataset/train/ETH-Pedcross2/img1/000548.jpg
2727,3,ETH-Pedcross2,640,480,548,./dataset/train/ETH-Pedcross2/img1/000549.jpg
2728,3,ETH-Pedcross2,640,480,549,./dataset/train/ETH-Pedcross2/img1/000550.jpg
2729,3,ETH-Pedcross2,640,480,550,./dataset/train/ETH-Pedcross2/img1/000551.jpg
2730,3,ETH-Pedcross2,640,480,551,./dataset/train/ETH-Pedcross2/img1/000552.jpg
2731,3,ETH-Pedcross2,640,480,552,./dataset/train/ETH-Pedcross2/img1/000553.jpg
2732,3,ETH-Pedcross2,640,480,553,./dataset/train/ETH-Pedcross2/img1/000554.jpg
2733,3,ETH-Pedcross2,640,480,554,./dataset/train/ETH-Pedcross2/img1/000555.jpg
2734,3,ETH-Pedcross2,640,480,555,./dataset/train/ETH-Pedcross2/img1/000556.jpg
2735,3,ETH-Pedcross2,640,480,556,./dataset/train/ETH-Pedcross2/img1/000557.jpg
2736,3,ETH-Pedcross2,640,480,557,./dataset/train/ETH-Pedcross2/img1/000558.jpg
2737,3,ETH-Pedcross2,640,480,558,./dataset/train/ETH-Pedcross2/img1/000559.jpg
2738,3,ETH-Pedcross2,640,480,559,./dataset/train/ETH-Pedcross2/img1/000560.jpg
2739,3,ETH-Pedcross2,640,480,560,./dataset/train/ETH-Pedcross2/img1/000561.jpg
2740,3,ETH-Pedcross2,640,480,561,./dataset/train/ETH-Pedcross2/img1/000562.jpg
2741,3,ETH-Pedcross2,640,480,562,./dataset/train/ETH-Pedcross2/img1/000563.jpg
2742,3,ETH-Pedcross2,640,480,563,./dataset/train/ETH-Pedcross2/img1/000564.jpg
2743,3,ETH-Pedcross2,640,480,564,./dataset/train/ETH-Pedcross2/img1/000565.jpg
2744,3,ETH-Pedcross2,640,480,565,./dataset/train/ETH-Pedcross2/img1/000566.jpg
2745,3,ETH-Pedcross2,640,480,566,./dataset/train/ETH-Pedcross2/img1/000567.jpg
2746,3,ETH-Pedcross2,640,480,567,./dataset/train/ETH-Pedcross2/img1/000568.jpg
2747,3,ETH-Pedcross2,640,480,568,./dataset/train/ETH-Pedcross2/img1/000569.jpg
2748,3,ETH-Pedcross2,640,480,569,./dataset/train/ETH-Pedcross2/img1/000570.jpg
2749,3,ETH-Pedcross2,640,480,570,./dataset/train/ETH-Pedcross2/img1/000571.jpg
2750,3,ETH-Pedcross2,640,480,571,./dataset/train/ETH-Pedcross2/img1/000572.jpg
2751,3,ETH-Pedcross2,640,480,572,./dataset/train/ETH-Pedcross2/img1/000573.jpg
2752,3,ETH-Pedcross2,640,480,573,./dataset/train/ETH-Pedcross2/img1/000574.jpg
2753,3,ETH-Pedcross2,640,480,574,./dataset/train/ETH-Pedcross2/img1/000575.jpg
2754,3,ETH-Pedcross2,640,480,575,./dataset/train/ETH-Pedcross2/img1/000576.jpg
2755,3,ETH-Pedcross2,640,480,576,./dataset/train/ETH-Pedcross2/img1/000577.jpg
2756,3,ETH-Pedcross2,640,480,577,./dataset/train/ETH-Pedcross2/img1/000578.jpg
2757,3,ETH-Pedcross2,640,480,578,./dataset/train/ETH-Pedcross2/img1/000579.jpg
2758,3,ETH-Pedcross2,640,480,579,./dataset/train/ETH-Pedcross2/img1/000580.jpg
2759,3,ETH-Pedcross2,640,480,580,./dataset/train/ETH-Pedcross2/img1/000581.jpg
2760,3,ETH-Pedcross2,640,480,581,./dataset/train/ETH-Pedcross2/img1/000582.jpg
2761,3,ETH-Pedcross2,640,480,582,./dataset/train/ETH-Pedcross2/img1/000583.jpg
2762,3,ETH-Pedcross2,640,480,583,./dataset/train/ETH-Pedcross2/img1/000584.jpg
2763,3,ETH-Pedcross2,640,480,584,./dataset/train/ETH-Pedcross2/img1/000585.jpg
2764,3,ETH-Pedcross2,640,480,585,./dataset/train/ETH-Pedcross2/img1/000586.jpg
2765,3,ETH-Pedcross2,640,480,586,./dataset/train/ETH-Pedcross2/img1/000587.jpg
2766,3,ETH-Pedcross2,640,480,587,./dataset/train/ETH-Pedcross2/img1/000588.jpg
2767,3,ETH-Pedcross2,640,480,588,./dataset/train/ETH-Pedcross2/img1/000589.jpg
2768,3,ETH-Pedcross2,640,480,589,./dataset/train/ETH-Pedcross2/img1/000590.jpg
2769,3,ETH-Pedcross2,640,480,590,./dataset/train/ETH-Pedcross2/img1/000591.jpg
2770,3,ETH-Pedcross2,640,480,591,./dataset/train/ETH-Pedcross2/img1/000592.jpg
2771,3,ETH-Pedcross2,640,480,592,./dataset/train/ETH-Pedcross2/img1/000593.jpg
2772,3,ETH-Pedcross2,640,480,593,./dataset/train/ETH-Pedcross2/img1/000594.jpg
2773,3,ETH-Pedcross2,640,480,594,./dataset/train/ETH-Pedcross2/img1/000595.jpg
2774,3,ETH-Pedcross2,640,480,595,./dataset/train/ETH-Pedcross2/img1/000596.jpg
2775,3,ETH-Pedcross2,640,480,596,./dataset/train/ETH-Pedcross2/img1/000597.jpg
2776,3,ETH-Pedcross2,640,480,597,./dataset/train/ETH-Pedcross2/img1/000598.jpg
2777,3,ETH-Pedcross2,640,480,598,./dataset/train/ETH-Pedcross2/img1/000599.jpg
2778,3,ETH-Pedcross2,640,480,599,./dataset/train/ETH-Pedcross2/img1/000600.jpg
2779,3,ETH-Pedcross2,640,480,600,./dataset/train/ETH-Pedcross2/img1/000601.jpg
2780,3,ETH-Pedcross2,640,480,601,./dataset/train/ETH-Pedcross2/img1/000602.jpg
2781,3,ETH-Pedcross2,640,480,602,./dataset/train/ETH-Pedcross2/img1/000603.jpg
2782,3,ETH-Pedcross2,640,480,603,./dataset/train/ETH-Pedcross2/img1/000604.jpg
2783,3,ETH-Pedcross2,640,480,604,./dataset/train/ETH-Pedcross2/img1/000605.jpg
2784,3,ETH-Pedcross2,640,480,605,./dataset/train/ETH-Pedcross2/img1/000606.jpg
2785,3,ETH-Pedcross2,640,480,606,./dataset/train/ETH-Pedcross2/img1/000607.jpg
2786,3,ETH-Pedcross2,640,480,607,./dataset/train/ETH-Pedcross2/img1/000608.jpg
2787,3,ETH-Pedcross2,640,480,608,./dataset/train/ETH-Pedcross2/img1/000609.jpg
2788,3,ETH-Pedcross2,640,480,609,./dataset/train/ETH-Pedcross2/img1/000610.jpg
2789,3,ETH-Pedcross2,640,480,610,./dataset/train/ETH-Pedcross2/img1/000611.jpg
2790,3,ETH-Pedcross2,640,480,611,./dataset/train/ETH-Pedcross2/img1/000612.jpg
2791,3,ETH-Pedcross2,640,480,612,./dataset/train/ETH-Pedcross2/img1/000613.jpg
2792,3,ETH-Pedcross2,640,480,613,./dataset/train/ETH-Pedcross2/img1/000614.jpg
2793,3,ETH-Pedcross2,640,480,614,./dataset/train/ETH-Pedcross2/img1/000615.jpg
2794,3,ETH-Pedcross2,640,480,615,./dataset/train/ETH-Pedcross2/img1/000616.jpg
2795,3,ETH-Pedcross2,640,480,616,./dataset/train/ETH-Pedcross2/img1/000617.jpg
2796,3,ETH-Pedcross2,640,480,617,./dataset/train/ETH-Pedcross2/img1/000618.jpg
2797,3,ETH-Pedcross2,640,480,618,./dataset/train/ETH-Pedcross2/img1/000619.jpg
2798,3,ETH-Pedcross2,640,480,619,./dataset/train/ETH-Pedcross2/img1/000620.jpg
2799,3,ETH-Pedcross2,640,480,620,./dataset/train/ETH-Pedcross2/img1/000621.jpg
2800,3,ETH-Pedcross2,640,480,621,./dataset/train/ETH-Pedcross2/img1/000622.jpg
2801,3,ETH-Pedcross2,640,480,622,./dataset/train/ETH-Pedcross2/img1/000623.jpg
2802,3,ETH-Pedcross2,640,480,623,./dataset/train/ETH-Pedcross2/img1/000624.jpg
2803,3,ETH-Pedcross2,640,480,624,./dataset/train/ETH-Pedcross2/img1/000625.jpg
2804,3,ETH-Pedcross2,640,480,625,./dataset/train/ETH-Pedcross2/img1/000626.jpg
2805,3,ETH-Pedcross2,640,480,626,./dataset/train/ETH-Pedcross2/img1/000627.jpg
2806,3,ETH-Pedcross2,640,480,627,./dataset/train/ETH-Pedcross2/img1/000628.jpg
2807,3,ETH-Pedcross2,640,480,628,./dataset/train/ETH-Pedcross2/img1/000629.jpg
2808,3,ETH-Pedcross2,640,480,629,./dataset/train/ETH-Pedcross2/img1/000630.jpg
2809,3,ETH-Pedcross2,640,480,630,./dataset/train/ETH-Pedcross2/img1/000631.jpg
2810,3,ETH-Pedcross2,640,480,631,./dataset/train/ETH-Pedcross2/img1/000632.jpg
2811,3,ETH-Pedcross2,640,480,632,./dataset/train/ETH-Pedcross2/img1/000633.jpg
2812,3,ETH-Pedcross2,640,480,633,./dataset/train/ETH-Pedcross2/img1/000634.jpg
2813,3,ETH-Pedcross2,640,480,634,./dataset/train/ETH-Pedcross2/img1/000635.jpg
2814,3,ETH-Pedcross2,640,480,635,./dataset/train/ETH-Pedcross2/img1/000636.jpg
2815,3,ETH-Pedcross2,640,480,636,./dataset/train/ETH-Pedcross2/img1/000637.jpg
2816,3,ETH-Pedcross2,640,480,637,./dataset/train/ETH-Pedcross2/img1/000638.jpg
2817,3,ETH-Pedcross2,640,480,638,./dataset/train/ETH-Pedcross2/img1/000639.jpg
2818,3,ETH-Pedcross2,640,480,639,./dataset/train/ETH-Pedcross2/img1/000640.jpg
2819,3,ETH-Pedcross2,640,480,640,./dataset/train/ETH-Pedcross2/img1/000641.jpg
2820,3,ETH-Pedcross2,640,480,641,./dataset/train/ETH-Pedcross2/img1/000642.jpg
2821,3,ETH-Pedcross2,640,480,642,./dataset/train/ETH-Pedcross2/img1/000643.jpg
2822,3,ETH-Pedcross2,640,480,643,./dataset/train/ETH-Pedcross2/img1/000644.jpg
2823,3,ETH-Pedcross2,640,480,644,./dataset/train/ETH-Pedcross2/img1/000645.jpg
2824,3,ETH-Pedcross2,640,480,645,./dataset/train/ETH-Pedcross2/img1/000646.jpg
2825,3,ETH-Pedcross2,640,480,646,./dataset/train/ETH-Pedcross2/img1/000647.jpg
2826,3,ETH-Pedcross2,640,480,647,./dataset/train/ETH-Pedcross2/img1/000648.jpg
2827,3,ETH-Pedcross2,640,480,648,./dataset/train/ETH-Pedcross2/img1/000649.jpg
2828,3,ETH-Pedcross2,640,480,649,./dataset/train/ETH-Pedcross2/img1/000650.jpg
2829,3,ETH-Pedcross2,640,480,650,./dataset/train/ETH-Pedcross2/img1/000651.jpg
2830,3,ETH-Pedcross2,640,480,651,./dataset/train/ETH-Pedcross2/img1/000652.jpg
2831,3,ETH-Pedcross2,640,480,652,./dataset/train/ETH-Pedcross2/img1/000653.jpg
2832,3,ETH-Pedcross2,640,480,653,./dataset/train/ETH-Pedcross2/img1/000654.jpg
2833,3,ETH-Pedcross2,640,480,654,./dataset/train/ETH-Pedcross2/img1/000655.jpg
2834,3,ETH-Pedcross2,640,480,655,./dataset/train/ETH-Pedcross2/img1/000656.jpg
2835,3,ETH-Pedcross2,640,480,656,./dataset/train/ETH-Pedcross2/img1/000657.jpg
2836,3,ETH-Pedcross2,640,480,657,./dataset/train/ETH-Pedcross2/img1/000658.jpg
2837,3,ETH-Pedcross2,640,480,658,./dataset/train/ETH-Pedcross2/img1/000659.jpg
2838,3,ETH-Pedcross2,640,480,659,./dataset/train/ETH-Pedcross2/img1/000660.jpg
2839,3,ETH-Pedcross2,640,480,660,./dataset/train/ETH-Pedcross2/img1/000661.jpg
2840,3,ETH-Pedcross2,640,480,661,./dataset/train/ETH-Pedcross2/img1/000662.jpg
2841,3,ETH-Pedcross2,640,480,662,./dataset/train/ETH-Pedcross2/img1/000663.jpg
2842,3,ETH-Pedcross2,640,480,663,./dataset/train/ETH-Pedcross2/img1/000664.jpg
2843,3,ETH-Pedcross2,640,480,664,./dataset/train/ETH-Pedcross2/img1/000665.jpg
2844,3,ETH-Pedcross2,640,480,665,./dataset/train/ETH-Pedcross2/img1/000666.jpg
2845,3,ETH-Pedcross2,640,480,666,./dataset/train/ETH-Pedcross2/img1/000667.jpg
2846,3,ETH-Pedcross2,640,480,667,./dataset/train/ETH-Pedcross2/img1/000668.jpg
2847,3,ETH-Pedcross2,640,480,668,./dataset/train/ETH-Pedcross2/img1/000669.jpg
2848,3,ETH-Pedcross2,640,480,669,./dataset/train/ETH-Pedcross2/img1/000670.jpg
2849,3,ETH-Pedcross2,640,480,670,./dataset/train/ETH-Pedcross2/img1/000671.jpg
2850,3,ETH-Pedcross2,640,480,671,./dataset/train/ETH-Pedcross2/img1/000672.jpg
2851,3,ETH-Pedcross2,640,480,672,./dataset/train/ETH-Pedcross2/img1/000673.jpg
2852,3,ETH-Pedcross2,640,480,673,./dataset/train/ETH-Pedcross2/img1/000674.jpg
2853,3,ETH-Pedcross2,640,480,674,./dataset/train/ETH-Pedcross2/img1/000675.jpg
2854,3,ETH-Pedcross2,640,480,675,./dataset/train/ETH-Pedcross2/img1/000676.jpg
2855,3,ETH-Pedcross2,640,480,676,./dataset/train/ETH-Pedcross2/img1/000677.jpg
2856,3,ETH-Pedcross2,640,480,677,./dataset/train/ETH-Pedcross2/img1/000678.jpg
2857,3,ETH-Pedcross2,640,480,678,./dataset/train/ETH-Pedcross2/img1/000679.jpg
2858,3,ETH-Pedcross2,640,480,679,./dataset/train/ETH-Pedcross2/img1/000680.jpg
2859,3,ETH-Pedcross2,640,480,680,./dataset/train/ETH-Pedcross2/img1/000681.jpg
2860,3,ETH-Pedcross2,640,480,681,./dataset/train/ETH-Pedcross2/img1/000682.jpg
2861,3,ETH-Pedcross2,640,480,682,./dataset/train/ETH-Pedcross2/img1/000683.jpg
2862,3,ETH-Pedcross2,640,480,683,./dataset/train/ETH-Pedcross2/img1/000684.jpg
2863,3,ETH-Pedcross2,640,480,684,./dataset/train/ETH-Pedcross2/img1/000685.jpg
2864,3,ETH-Pedcross2,640,480,685,./dataset/train/ETH-Pedcross2/img1/000686.jpg
2865,3,ETH-Pedcross2,640,480,686,./dataset/train/ETH-Pedcross2/img1/000687.jpg
2866,3,ETH-Pedcross2,640,480,687,./dataset/train/ETH-Pedcross2/img1/000688.jpg
2867,3,ETH-Pedcross2,640,480,688,./dataset/train/ETH-Pedcross2/img1/000689.jpg
2868,3,ETH-Pedcross2,640,480,689,./dataset/train/ETH-Pedcross2/img1/000690.jpg
2869,3,ETH-Pedcross2,640,480,690,./dataset/train/ETH-Pedcross2/img1/000691.jpg
2870,3,ETH-Pedcross2,640,480,691,./dataset/train/ETH-Pedcross2/img1/000692.jpg
2871,3,ETH-Pedcross2,640,480,692,./dataset/train/ETH-Pedcross2/img1/000693.jpg
2872,3,ETH-Pedcross2,640,480,693,./dataset/train/ETH-Pedcross2/img1/000694.jpg
2873,3,ETH-Pedcross2,640,480,694,./dataset/train/ETH-Pedcross2/img1/000695.jpg
2874,3,ETH-Pedcross2,640,480,695,./dataset/train/ETH-Pedcross2/img1/000696.jpg
2875,3,ETH-Pedcross2,640,480,696,./dataset/train/ETH-Pedcross2/img1/000697.jpg
2876,3,ETH-Pedcross2,640,480,697,./dataset/train/ETH-Pedcross2/img1/000698.jpg
2877,3,ETH-Pedcross2,640,480,698,./dataset/train/ETH-Pedcross2/img1/000699.jpg
2878,3,ETH-Pedcross2,640,480,699,./dataset/train/ETH-Pedcross2/img1/000700.jpg
2879,3,ETH-Pedcross2,640,480,700,./dataset/train/ETH-Pedcross2/img1/000701.jpg
2880,3,ETH-Pedcross2,640,480,701,./dataset/train/ETH-Pedcross2/img1/000702.jpg
2881,3,ETH-Pedcross2,640,480,702,./dataset/train/ETH-Pedcross2/img1/000703.jpg
2882,3,ETH-Pedcross2,640,480,703,./dataset/train/ETH-Pedcross2/img1/000704.jpg
2883,3,ETH-Pedcross2,640,480,704,./dataset/train/ETH-Pedcross2/img1/000705.jpg
2884,3,ETH-Pedcross2,640,480,705,./dataset/train/ETH-Pedcross2/img1/000706.jpg
2885,3,ETH-Pedcross2,640,480,706,./dataset/train/ETH-Pedcross2/img1/000707.jpg
2886,3,ETH-Pedcross2,640,480,707,./dataset/train/ETH-Pedcross2/img1/000708.jpg
2887,3,ETH-Pedcross2,640,480,708,./dataset/train/ETH-Pedcross2/img1/000709.jpg
2888,3,ETH-Pedcross2,640,480,709,./dataset/train/ETH-Pedcross2/img1/000710.jpg
2889,3,ETH-Pedcross2,640,480,710,./dataset/train/ETH-Pedcross2/img1/000711.jpg
2890,3,ETH-Pedcross2,640,480,711,./dataset/train/ETH-Pedcross2/img1/000712.jpg
2891,3,ETH-Pedcross2,640,480,712,./dataset/train/ETH-Pedcross2/img1/000713.jpg
2892,3,ETH-Pedcross2,640,480,713,./dataset/train/ETH-Pedcross2/img1/000714.jpg
2893,3,ETH-Pedcross2,640,480,714,./dataset/train/ETH-Pedcross2/img1/000715.jpg
2894,3,ETH-Pedcross2,640,480,715,./dataset/train/ETH-Pedcross2/img1/000716.jpg
2895,3,ETH-Pedcross2,640,480,716,./dataset/train/ETH-Pedcross2/img1/000717.jpg
2896,3,ETH-Pedcross2,640,480,717,./dataset/train/ETH-Pedcross2/img1/000718.jpg
2897,3,ETH-Pedcross2,640,480,718,./dataset/train/ETH-Pedcross2/img1/000719.jpg
2898,3,ETH-Pedcross2,640,480,719,./dataset/train/ETH-Pedcross2/img1/000720.jpg
2899,3,ETH-Pedcross2,640,480,720,./dataset/train/ETH-Pedcross2/img1/000721.jpg
2900,3,ETH-Pedcross2,640,480,721,./dataset/train/ETH-Pedcross2/img1/000722.jpg
2901,3,ETH-Pedcross2,640,480,722,./dataset/train/ETH-Pedcross2/img1/000723.jpg
2902,3,ETH-Pedcross2,640,480,723,./dataset/train/ETH-Pedcross2/img1/000724.jpg
2903,3,ETH-Pedcross2,640,480,724,./dataset/train/ETH-Pedcross2/img1/000725.jpg
2904,3,ETH-Pedcross2,640,480,725,./dataset/train/ETH-Pedcross2/img1/000726.jpg
2905,3,ETH-Pedcross2,640,480,726,./dataset/train/ETH-Pedcross2/img1/000727.jpg
2906,3,ETH-Pedcross2,640,480,727,./dataset/train/ETH-Pedcross2/img1/000728.jpg
2907,3,ETH-Pedcross2,640,480,728,./dataset/train/ETH-Pedcross2/img1/000729.jpg
2908,3,ETH-Pedcross2,640,480,729,./dataset/train/ETH-Pedcross2/img1/000730.jpg
2909,3,ETH-Pedcross2,640,480,730,./dataset/train/ETH-Pedcross2/img1/000731.jpg
2910,3,ETH-Pedcross2,640,480,731,./dataset/train/ETH-Pedcross2/img1/000732.jpg
2911,3,ETH-Pedcross2,640,480,732,./dataset/train/ETH-Pedcross2/img1/000733.jpg
2912,3,ETH-Pedcross2,640,480,733,./dataset/train/ETH-Pedcross2/img1/000734.jpg
2913,3,ETH-Pedcross2,640,480,734,./dataset/train/ETH-Pedcross2/img1/000735.jpg
2914,3,ETH-Pedcross2,640,480,735,./dataset/train/ETH-Pedcross2/img1/000736.jpg
2915,3,ETH-Pedcross2,640,480,736,./dataset/train/ETH-Pedcross2/img1/000737.jpg
2916,3,ETH-Pedcross2,640,480,737,./dataset/train/ETH-Pedcross2/img1/000738.jpg
2917,3,ETH-Pedcross2,640,480,738,./dataset/train/ETH-Pedcross2/img1/000739.jpg
2918,3,ETH-Pedcross2,640,480,739,./dataset/train/ETH-Pedcross2/img1/000740.jpg
2919,3,ETH-Pedcross2,640,480,740,./dataset/train/ETH-Pedcross2/img1/000741.jpg
2920,3,ETH-Pedcross2,640,480,741,./dataset/train/ETH-Pedcross2/img1/000742.jpg
2921,3,ETH-Pedcross2,640,480,742,./dataset/train/ETH-Pedcross2/img1/000743.jpg
2922,3,ETH-Pedcross2,640,480,743,./dataset/train/ETH-Pedcross2/img1/000744.jpg
2923,3,ETH-Pedcross2,640,480,744,./dataset/train/ETH-Pedcross2/img1/000745.jpg
2924,3,ETH-Pedcross2,640,480,745,./dataset/train/ETH-Pedcross2/img1/000746.jpg
2925,3,ETH-Pedcross2,640,480,746,./dataset/train/ETH-Pedcross2/img1/000747.jpg
2926,3,ETH-Pedcross2,640,480,747,./dataset/train/ETH-Pedcross2/img1/000748.jpg
2927,3,ETH-Pedcross2,640,480,748,./dataset/train/ETH-Pedcross2/img1/000749.jpg
2928,3,ETH-Pedcross2,640,480,749,./dataset/train/ETH-Pedcross2/img1/000750.jpg
2929,3,ETH-Pedcross2,640,480,750,./dataset/train/ETH-Pedcross2/img1/000751.jpg
2930,3,ETH-Pedcross2,640,480,751,./dataset/train/ETH-Pedcross2/img1/000752.jpg
2931,3,ETH-Pedcross2,640,480,752,./dataset/train/ETH-Pedcross2/img1/000753.jpg
2932,3,ETH-Pedcross2,640,480,753,./dataset/train/ETH-Pedcross2/img1/000754.jpg
2933,3,ETH-Pedcross2,640,480,754,./dataset/train/ETH-Pedcross2/img1/000755.jpg
2934,3,ETH-Pedcross2,640,480,755,./dataset/train/ETH-Pedcross2/img1/000756.jpg
2935,3,ETH-Pedcross2,640,480,756,./dataset/train/ETH-Pedcross2/img1/000757.jpg
2936,3,ETH-Pedcross2,640,480,757,./dataset/train/ETH-Pedcross2/img1/000758.jpg
2937,3,ETH-Pedcross2,640,480,758,./dataset/train/ETH-Pedcross2/img1/000759.jpg
2938,3,ETH-Pedcross2,640,480,759,./dataset/train/ETH-Pedcross2/img1/000760.jpg
2939,3,ETH-Pedcross2,640,480,760,./dataset/train/ETH-Pedcross2/img1/000761.jpg
2940,3,ETH-Pedcross2,640,480,761,./dataset/train/ETH-Pedcross2/img1/000762.jpg
2941,3,ETH-Pedcross2,640,480,762,./dataset/train/ETH-Pedcross2/img1/000763.jpg
2942,3,ETH-Pedcross2,640,480,763,./dataset/train/ETH-Pedcross2/img1/000764.jpg
2943,3,ETH-Pedcross2,640,480,764,./dataset/train/ETH-Pedcross2/img1/000765.jpg
2944,3,ETH-Pedcross2,640,480,765,./dataset/train/ETH-Pedcross2/img1/000766.jpg
2945,3,ETH-Pedcross2,640,480,766,./dataset/train/ETH-Pedcross2/img1/000767.jpg
2946,3,ETH-Pedcross2,640,480,767,./dataset/train/ETH-Pedcross2/img1/000768.jpg
2947,3,ETH-Pedcross2,640,480,768,./dataset/train/ETH-Pedcross2/img1/000769.jpg
2948,3,ETH-Pedcross2,640,480,769,./dataset/train/ETH-Pedcross2/img1/000770.jpg
2949,3,ETH-Pedcross2,640,480,770,./dataset/train/ETH-Pedcross2/img1/000771.jpg
2950,3,ETH-Pedcross2,640,480,771,./dataset/train/ETH-Pedcross2/img1/000772.jpg
2951,3,ETH-Pedcross2,640,480,772,./dataset/train/ETH-Pedcross2/img1/000773.jpg
2952,3,ETH-Pedcross2,640,480,773,./dataset/train/ETH-Pedcross2/img1/000774.jpg
2953,3,ETH-Pedcross2,640,480,774,./dataset/train/ETH-Pedcross2/img1/000775.jpg
2954,3,ETH-Pedcross2,640,480,775,./dataset/train/ETH-Pedcross2/img1/000776.jpg
2955,3,ETH-Pedcross2,640,480,776,./dataset/train/ETH-Pedcross2/img1/000777.jpg
2956,3,ETH-Pedcross2,640,480,777,./dataset/train/ETH-Pedcross2/img1/000778.jpg
2957,3,ETH-Pedcross2,640,480,778,./dataset/train/ETH-Pedcross2/img1/000779.jpg
2958,3,ETH-Pedcross2,640,480,779,./dataset/train/ETH-Pedcross2/img1/000780.jpg
2959,3,ETH-Pedcross2,640,480,780,./dataset/train/ETH-Pedcross2/img1/000781.jpg
2960,3,ETH-Pedcross2,640,480,781,./dataset/train/ETH-Pedcross2/img1/000782.jpg
2961,3,ETH-Pedcross2,640,480,782,./dataset/train/ETH-Pedcross2/img1/000783.jpg
2962,3,ETH-Pedcross2,640,480,783,./dataset/train/ETH-Pedcross2/img1/000784.jpg
2963,3,ETH-Pedcross2,640,480,784,./dataset/train/ETH-Pedcross2/img1/000785.jpg
2964,3,ETH-Pedcross2,640,480,785,./dataset/train/ETH-Pedcross2/img1/000786.jpg
2965,3,ETH-Pedcross2,640,480,786,./dataset/train/ETH-Pedcross2/img1/000787.jpg
2966,3,ETH-Pedcross2,640,480,787,./dataset/train/ETH-Pedcross2/img1/000788.jpg
2967,3,ETH-Pedcross2,640,480,788,./dataset/train/ETH-Pedcross2/img1/000789.jpg
2968,3,ETH-Pedcross2,640,480,789,./dataset/train/ETH-Pedcross2/img1/000790.jpg
2969,3,ETH-Pedcross2,640,480,790,./dataset/train/ETH-Pedcross2/img1/000791.jpg
2970,3,ETH-Pedcross2,640,480,791,./dataset/train/ETH-Pedcross2/img1/000792.jpg
2971,3,ETH-Pedcross2,640,480,792,./dataset/train/ETH-Pedcross2/img1/000793.jpg
2972,3,ETH-Pedcross2,640,480,793,./dataset/train/ETH-Pedcross2/img1/000794.jpg
2973,3,ETH-Pedcross2,640,480,794,./dataset/train/ETH-Pedcross2/img1/000795.jpg
2974,3,ETH-Pedcross2,640,480,795,./dataset/train/ETH-Pedcross2/img1/000796.jpg
2975,3,ETH-Pedcross2,640,480,796,./dataset/train/ETH-Pedcross2/img1/000797.jpg
2976,3,ETH-Pedcross2,640,480,797,./dataset/train/ETH-Pedcross2/img1/000798.jpg
2977,3,ETH-Pedcross2,640,480,798,./dataset/train/ETH-Pedcross2/img1/000799.jpg
2978,3,ETH-Pedcross2,640,480,799,./dataset/train/ETH-Pedcross2/img1/000800.jpg
2979,3,ETH-Pedcross2,640,480,800,./dataset/train/ETH-Pedcross2/img1/000801.jpg
2980,3,ETH-Pedcross2,640,480,801,./dataset/train/ETH-Pedcross2/img1/000802.jpg
2981,3,ETH-Pedcross2,640,480,802,./dataset/train/ETH-Pedcross2/img1/000803.jpg
2982,3,ETH-Pedcross2,640,480,803,./dataset/train/ETH-Pedcross2/img1/000804.jpg
2983,3,ETH-Pedcross2,640,480,804,./dataset/train/ETH-Pedcross2/img1/000805.jpg
2984,3,ETH-Pedcross2,640,480,805,./dataset/train/ETH-Pedcross2/img1/000806.jpg
2985,3,ETH-Pedcross2,640,480,806,./dataset/train/ETH-Pedcross2/img1/000807.jpg
2986,3,ETH-Pedcross2,640,480,807,./dataset/train/ETH-Pedcross2/img1/000808.jpg
2987,3,ETH-Pedcross2,640,480,808,./dataset/train/ETH-Pedcross2/img1/000809.jpg
2988,3,ETH-Pedcross2,640,480,809,./dataset/train/ETH-Pedcross2/img1/000810.jpg
2989,3,ETH-Pedcross2,640,480,810,./dataset/train/ETH-Pedcross2/img1/000811.jpg
2990,3,ETH-Pedcross2,640,480,811,./dataset/train/ETH-Pedcross2/img1/000812.jpg
2991,3,ETH-Pedcross2,640,480,812,./dataset/train/ETH-Pedcross2/img1/000813.jpg
2992,3,ETH-Pedcross2,640,480,813,./dataset/train/ETH-Pedcross2/img1/000814.jpg
2993,3,ETH-Pedcross2,640,480,814,./dataset/train/ETH-Pedcross2/img1/000815.jpg
2994,3,ETH-Pedcross2,640,480,815,./dataset/train/ETH-Pedcross2/img1/000816.jpg
2995,3,ETH-Pedcross2,640,480,816,./dataset/train/ETH-Pedcross2/img1/000817.jpg
2996,3,ETH-Pedcross2,640,480,817,./dataset/train/ETH-Pedcross2/img1/000818.jpg
2997,3,ETH-Pedcross2,640,480,818,./dataset/train/ETH-Pedcross2/img1/000819.jpg
2998,3,ETH-Pedcross2,640,480,819,./dataset/train/ETH-Pedcross2/img1/000820.jpg
2999,3,ETH-Pedcross2,640,480,820,./dataset/train/ETH-Pedcross2/img1/000821.jpg
3000,3,ETH-Pedcross2,640,480,821,./dataset/train/ETH-Pedcross2/img1/000822.jpg
3001,3,ETH-Pedcross2,640,480,822,./dataset/train/ETH-Pedcross2/img1/000823.jpg
3002,3,ETH-Pedcross2,640,480,823,./dataset/train/ETH-Pedcross2/img1/000824.jpg
3003,3,ETH-Pedcross2,640,480,824,./dataset/train/ETH-Pedcross2/img1/000825.jpg
3004,3,ETH-Pedcross2,640,480,825,./dataset/train/ETH-Pedcross2/img1/000826.jpg
3005,3,ETH-Pedcross2,640,480,826,./dataset/train/ETH-Pedcross2/img1/000827.jpg
3006,3,ETH-Pedcross2,640,480,827,./dataset/train/ETH-Pedcross2/img1/000828.jpg
3007,3,ETH-Pedcross2,640,480,828,./dataset/train/ETH-Pedcross2/img1/000829.jpg
3008,3,ETH-Pedcross2,640,480,829,./dataset/train/ETH-Pedcross2/img1/000830.jpg
3009,3,ETH-Pedcross2,640,480,830,./dataset/train/ETH-Pedcross2/img1/000831.jpg
3010,3,ETH-Pedcross2,640,480,831,./dataset/train/ETH-Pedcross2/img1/000832.jpg
3011,3,ETH-Pedcross2,640,480,832,./dataset/train/ETH-Pedcross2/img1/000833.jpg
3012,3,ETH-Pedcross2,640,480,833,./dataset/train/ETH-Pedcross2/img1/000834.jpg
3013,3,ETH-Pedcross2,640,480,834,./dataset/train/ETH-Pedcross2/img1/000835.jpg
3014,3,ETH-Pedcross2,640,480,835,./dataset/train/ETH-Pedcross2/img1/000836.jpg
3015,3,ETH-Pedcross2,640,480,836,./dataset/train/ETH-Pedcross2/img1/000837.jpg
3016,4,ETH-Sunnyday,640,480,0,./dataset/train/ETH-Sunnyday/img1/000001.jpg
3017,4,ETH-Sunnyday,640,480,1,./dataset/train/ETH-Sunnyday/img1/000002.jpg
3018,4,ETH-Sunnyday,640,480,2,./dataset/train/ETH-Sunnyday/img1/000003.jpg
3019,4,ETH-Sunnyday,640,480,3,./dataset/train/ETH-Sunnyday/img1/000004.jpg
3020,4,ETH-Sunnyday,640,480,4,./dataset/train/ETH-Sunnyday/img1/000005.jpg
3021,4,ETH-Sunnyday,640,480,5,./dataset/train/ETH-Sunnyday/img1/000006.jpg
3022,4,ETH-Sunnyday,640,480,6,./dataset/train/ETH-Sunnyday/img1/000007.jpg
3023,4,ETH-Sunnyday,640,480,7,./dataset/train/ETH-Sunnyday/img1/000008.jpg
3024,4,ETH-Sunnyday,640,480,8,./dataset/train/ETH-Sunnyday/img1/000009.jpg
3025,4,ETH-Sunnyday,640,480,9,./dataset/train/ETH-Sunnyday/img1/000010.jpg
3026,4,ETH-Sunnyday,640,480,10,./dataset/train/ETH-Sunnyday/img1/000011.jpg
3027,4,ETH-Sunnyday,640,480,11,./dataset/train/ETH-Sunnyday/img1/000012.jpg
3028,4,ETH-Sunnyday,640,480,12,./dataset/train/ETH-Sunnyday/img1/000013.jpg
3029,4,ETH-Sunnyday,640,480,13,./dataset/train/ETH-Sunnyday/img1/000014.jpg
3030,4,ETH-Sunnyday,640,480,14,./dataset/train/ETH-Sunnyday/img1/000015.jpg
3031,4,ETH-Sunnyday,640,480,15,./dataset/train/ETH-Sunnyday/img1/000016.jpg
3032,4,ETH-Sunnyday,640,480,16,./dataset/train/ETH-Sunnyday/img1/000017.jpg
3033,4,ETH-Sunnyday,640,480,17,./dataset/train/ETH-Sunnyday/img1/000018.jpg
3034,4,ETH-Sunnyday,640,480,18,./dataset/train/ETH-Sunnyday/img1/000019.jpg
3035,4,ETH-Sunnyday,640,480,19,./dataset/train/ETH-Sunnyday/img1/000020.jpg
3036,4,ETH-Sunnyday,640,480,20,./dataset/train/ETH-Sunnyday/img1/000021.jpg
3037,4,ETH-Sunnyday,640,480,21,./dataset/train/ETH-Sunnyday/img1/000022.jpg
3038,4,ETH-Sunnyday,640,480,22,./dataset/train/ETH-Sunnyday/img1/000023.jpg
3039,4,ETH-Sunnyday,640,480,23,./dataset/train/ETH-Sunnyday/img1/000024.jpg
3040,4,ETH-Sunnyday,640,480,24,./dataset/train/ETH-Sunnyday/img1/000025.jpg
3041,4,ETH-Sunnyday,640,480,25,./dataset/train/ETH-Sunnyday/img1/000026.jpg
3042,4,ETH-Sunnyday,640,480,26,./dataset/train/ETH-Sunnyday/img1/000027.jpg
3043,4,ETH-Sunnyday,640,480,27,./dataset/train/ETH-Sunnyday/img1/000028.jpg
3044,4,ETH-Sunnyday,640,480,28,./dataset/train/ETH-Sunnyday/img1/000029.jpg
3045,4,ETH-Sunnyday,640,480,29,./dataset/train/ETH-Sunnyday/img1/000030.jpg
3046,4,ETH-Sunnyday,640,480,30,./dataset/train/ETH-Sunnyday/img1/000031.jpg
3047,4,ETH-Sunnyday,640,480,31,./dataset/train/ETH-Sunnyday/img1/000032.jpg
3048,4,ETH-Sunnyday,640,480,32,./dataset/train/ETH-Sunnyday/img1/000033.jpg
3049,4,ETH-Sunnyday,640,480,33,./dataset/train/ETH-Sunnyday/img1/000034.jpg
3050,4,ETH-Sunnyday,640,480,34,./dataset/train/ETH-Sunnyday/img1/000035.jpg
3051,4,ETH-Sunnyday,640,480,35,./dataset/train/ETH-Sunnyday/img1/000036.jpg
3052,4,ETH-Sunnyday,640,480,36,./dataset/train/ETH-Sunnyday/img1/000037.jpg
3053,4,ETH-Sunnyday,640,480,37,./dataset/train/ETH-Sunnyday/img1/000038.jpg
3054,4,ETH-Sunnyday,640,480,38,./dataset/train/ETH-Sunnyday/img1/000039.jpg
3055,4,ETH-Sunnyday,640,480,39,./dataset/train/ETH-Sunnyday/img1/000040.jpg
3056,4,ETH-Sunnyday,640,480,40,./dataset/train/ETH-Sunnyday/img1/000041.jpg
3057,4,ETH-Sunnyday,640,480,41,./dataset/train/ETH-Sunnyday/img1/000042.jpg
3058,4,ETH-Sunnyday,640,480,42,./dataset/train/ETH-Sunnyday/img1/000043.jpg
3059,4,ETH-Sunnyday,640,480,43,./dataset/train/ETH-Sunnyday/img1/000044.jpg
3060,4,ETH-Sunnyday,640,480,44,./dataset/train/ETH-Sunnyday/img1/000045.jpg
3061,4,ETH-Sunnyday,640,480,45,./dataset/train/ETH-Sunnyday/img1/000046.jpg
3062,4,ETH-Sunnyday,640,480,46,./dataset/train/ETH-Sunnyday/img1/000047.jpg
3063,4,ETH-Sunnyday,640,480,47,./dataset/train/ETH-Sunnyday/img1/000048.jpg
3064,4,ETH-Sunnyday,640,480,48,./dataset/train/ETH-Sunnyday/img1/000049.jpg
3065,4,ETH-Sunnyday,640,480,49,./dataset/train/ETH-Sunnyday/img1/000050.jpg
3066,4,ETH-Sunnyday,640,480,50,./dataset/train/ETH-Sunnyday/img1/000051.jpg
3067,4,ETH-Sunnyday,640,480,51,./dataset/train/ETH-Sunnyday/img1/000052.jpg
3068,4,ETH-Sunnyday,640,480,52,./dataset/train/ETH-Sunnyday/img1/000053.jpg
3069,4,ETH-Sunnyday,640,480,53,./dataset/train/ETH-Sunnyday/img1/000054.jpg
3070,4,ETH-Sunnyday,640,480,54,./dataset/train/ETH-Sunnyday/img1/000055.jpg
3071,4,ETH-Sunnyday,640,480,55,./dataset/train/ETH-Sunnyday/img1/000056.jpg
3072,4,ETH-Sunnyday,640,480,56,./dataset/train/ETH-Sunnyday/img1/000057.jpg
3073,4,ETH-Sunnyday,640,480,57,./dataset/train/ETH-Sunnyday/img1/000058.jpg
3074,4,ETH-Sunnyday,640,480,58,./dataset/train/ETH-Sunnyday/img1/000059.jpg
3075,4,ETH-Sunnyday,640,480,59,./dataset/train/ETH-Sunnyday/img1/000060.jpg
3076,4,ETH-Sunnyday,640,480,60,./dataset/train/ETH-Sunnyday/img1/000061.jpg
3077,4,ETH-Sunnyday,640,480,61,./dataset/train/ETH-Sunnyday/img1/000062.jpg
3078,4,ETH-Sunnyday,640,480,62,./dataset/train/ETH-Sunnyday/img1/000063.jpg
3079,4,ETH-Sunnyday,640,480,63,./dataset/train/ETH-Sunnyday/img1/000064.jpg
3080,4,ETH-Sunnyday,640,480,64,./dataset/train/ETH-Sunnyday/img1/000065.jpg
3081,4,ETH-Sunnyday,640,480,65,./dataset/train/ETH-Sunnyday/img1/000066.jpg
3082,4,ETH-Sunnyday,640,480,66,./dataset/train/ETH-Sunnyday/img1/000067.jpg
3083,4,ETH-Sunnyday,640,480,67,./dataset/train/ETH-Sunnyday/img1/000068.jpg
3084,4,ETH-Sunnyday,640,480,68,./dataset/train/ETH-Sunnyday/img1/000069.jpg
3085,4,ETH-Sunnyday,640,480,69,./dataset/train/ETH-Sunnyday/img1/000070.jpg
3086,4,ETH-Sunnyday,640,480,70,./dataset/train/ETH-Sunnyday/img1/000071.jpg
3087,4,ETH-Sunnyday,640,480,71,./dataset/train/ETH-Sunnyday/img1/000072.jpg
3088,4,ETH-Sunnyday,640,480,72,./dataset/train/ETH-Sunnyday/img1/000073.jpg
3089,4,ETH-Sunnyday,640,480,73,./dataset/train/ETH-Sunnyday/img1/000074.jpg
3090,4,ETH-Sunnyday,640,480,74,./dataset/train/ETH-Sunnyday/img1/000075.jpg
3091,4,ETH-Sunnyday,640,480,75,./dataset/train/ETH-Sunnyday/img1/000076.jpg
3092,4,ETH-Sunnyday,640,480,76,./dataset/train/ETH-Sunnyday/img1/000077.jpg
3093,4,ETH-Sunnyday,640,480,77,./dataset/train/ETH-Sunnyday/img1/000078.jpg
3094,4,ETH-Sunnyday,640,480,78,./dataset/train/ETH-Sunnyday/img1/000079.jpg
3095,4,ETH-Sunnyday,640,480,79,./dataset/train/ETH-Sunnyday/img1/000080.jpg
3096,4,ETH-Sunnyday,640,480,80,./dataset/train/ETH-Sunnyday/img1/000081.jpg
3097,4,ETH-Sunnyday,640,480,81,./dataset/train/ETH-Sunnyday/img1/000082.jpg
3098,4,ETH-Sunnyday,640,480,82,./dataset/train/ETH-Sunnyday/img1/000083.jpg
3099,4,ETH-Sunnyday,640,480,83,./dataset/train/ETH-Sunnyday/img1/000084.jpg
3100,4,ETH-Sunnyday,640,480,84,./dataset/train/ETH-Sunnyday/img1/000085.jpg
3101,4,ETH-Sunnyday,640,480,85,./dataset/train/ETH-Sunnyday/img1/000086.jpg
3102,4,ETH-Sunnyday,640,480,86,./dataset/train/ETH-Sunnyday/img1/000087.jpg
3103,4,ETH-Sunnyday,640,480,87,./dataset/train/ETH-Sunnyday/img1/000088.jpg
3104,4,ETH-Sunnyday,640,480,88,./dataset/train/ETH-Sunnyday/img1/000089.jpg
3105,4,ETH-Sunnyday,640,480,89,./dataset/train/ETH-Sunnyday/img1/000090.jpg
3106,4,ETH-Sunnyday,640,480,90,./dataset/train/ETH-Sunnyday/img1/000091.jpg
3107,4,ETH-Sunnyday,640,480,91,./dataset/train/ETH-Sunnyday/img1/000092.jpg
3108,4,ETH-Sunnyday,640,480,92,./dataset/train/ETH-Sunnyday/img1/000093.jpg
3109,4,ETH-Sunnyday,640,480,93,./dataset/train/ETH-Sunnyday/img1/000094.jpg
3110,4,ETH-Sunnyday,640,480,94,./dataset/train/ETH-Sunnyday/img1/000095.jpg
3111,4,ETH-Sunnyday,640,480,95,./dataset/train/ETH-Sunnyday/img1/000096.jpg
3112,4,ETH-Sunnyday,640,480,96,./dataset/train/ETH-Sunnyday/img1/000097.jpg
3113,4,ETH-Sunnyday,640,480,97,./dataset/train/ETH-Sunnyday/img1/000098.jpg
3114,4,ETH-Sunnyday,640,480,98,./dataset/train/ETH-Sunnyday/img1/000099.jpg
3115,4,ETH-Sunnyday,640,480,99,./dataset/train/ETH-Sunnyday/img1/000100.jpg
3116,4,ETH-Sunnyday,640,480,100,./dataset/train/ETH-Sunnyday/img1/000101.jpg
3117,4,ETH-Sunnyday,640,480,101,./dataset/train/ETH-Sunnyday/img1/000102.jpg
3118,4,ETH-Sunnyday,640,480,102,./dataset/train/ETH-Sunnyday/img1/000103.jpg
3119,4,ETH-Sunnyday,640,480,103,./dataset/train/ETH-Sunnyday/img1/000104.jpg
3120,4,ETH-Sunnyday,640,480,104,./dataset/train/ETH-Sunnyday/img1/000105.jpg
3121,4,ETH-Sunnyday,640,480,105,./dataset/train/ETH-Sunnyday/img1/000106.jpg
3122,4,ETH-Sunnyday,640,480,106,./dataset/train/ETH-Sunnyday/img1/000107.jpg
3123,4,ETH-Sunnyday,640,480,107,./dataset/train/ETH-Sunnyday/img1/000108.jpg
3124,4,ETH-Sunnyday,640,480,108,./dataset/train/ETH-Sunnyday/img1/000109.jpg
3125,4,ETH-Sunnyday,640,480,109,./dataset/train/ETH-Sunnyday/img1/000110.jpg
3126,4,ETH-Sunnyday,640,480,110,./dataset/train/ETH-Sunnyday/img1/000111.jpg
3127,4,ETH-Sunnyday,640,480,111,./dataset/train/ETH-Sunnyday/img1/000112.jpg
3128,4,ETH-Sunnyday,640,480,112,./dataset/train/ETH-Sunnyday/img1/000113.jpg
3129,4,ETH-Sunnyday,640,480,113,./dataset/train/ETH-Sunnyday/img1/000114.jpg
3130,4,ETH-Sunnyday,640,480,114,./dataset/train/ETH-Sunnyday/img1/000115.jpg
3131,4,ETH-Sunnyday,640,480,115,./dataset/train/ETH-Sunnyday/img1/000116.jpg
3132,4,ETH-Sunnyday,640,480,116,./dataset/train/ETH-Sunnyday/img1/000117.jpg
3133,4,ETH-Sunnyday,640,480,117,./dataset/train/ETH-Sunnyday/img1/000118.jpg
3134,4,ETH-Sunnyday,640,480,118,./dataset/train/ETH-Sunnyday/img1/000119.jpg
3135,4,ETH-Sunnyday,640,480,119,./dataset/train/ETH-Sunnyday/img1/000120.jpg
3136,4,ETH-Sunnyday,640,480,120,./dataset/train/ETH-Sunnyday/img1/000121.jpg
3137,4,ETH-Sunnyday,640,480,121,./dataset/train/ETH-Sunnyday/img1/000122.jpg
3138,4,ETH-Sunnyday,640,480,122,./dataset/train/ETH-Sunnyday/img1/000123.jpg
3139,4,ETH-Sunnyday,640,480,123,./dataset/train/ETH-Sunnyday/img1/000124.jpg
3140,4,ETH-Sunnyday,640,480,124,./dataset/train/ETH-Sunnyday/img1/000125.jpg
3141,4,ETH-Sunnyday,640,480,125,./dataset/train/ETH-Sunnyday/img1/000126.jpg
3142,4,ETH-Sunnyday,640,480,126,./dataset/train/ETH-Sunnyday/img1/000127.jpg
3143,4,ETH-Sunnyday,640,480,127,./dataset/train/ETH-Sunnyday/img1/000128.jpg
3144,4,ETH-Sunnyday,640,480,128,./dataset/train/ETH-Sunnyday/img1/000129.jpg
3145,4,ETH-Sunnyday,640,480,129,./dataset/train/ETH-Sunnyday/img1/000130.jpg
3146,4,ETH-Sunnyday,640,480,130,./dataset/train/ETH-Sunnyday/img1/000131.jpg
3147,4,ETH-Sunnyday,640,480,131,./dataset/train/ETH-Sunnyday/img1/000132.jpg
3148,4,ETH-Sunnyday,640,480,132,./dataset/train/ETH-Sunnyday/img1/000133.jpg
3149,4,ETH-Sunnyday,640,480,133,./dataset/train/ETH-Sunnyday/img1/000134.jpg
3150,4,ETH-Sunnyday,640,480,134,./dataset/train/ETH-Sunnyday/img1/000135.jpg
3151,4,ETH-Sunnyday,640,480,135,./dataset/train/ETH-Sunnyday/img1/000136.jpg
3152,4,ETH-Sunnyday,640,480,136,./dataset/train/ETH-Sunnyday/img1/000137.jpg
3153,4,ETH-Sunnyday,640,480,137,./dataset/train/ETH-Sunnyday/img1/000138.jpg
3154,4,ETH-Sunnyday,640,480,138,./dataset/train/ETH-Sunnyday/img1/000139.jpg
3155,4,ETH-Sunnyday,640,480,139,./dataset/train/ETH-Sunnyday/img1/000140.jpg
3156,4,ETH-Sunnyday,640,480,140,./dataset/train/ETH-Sunnyday/img1/000141.jpg
3157,4,ETH-Sunnyday,640,480,141,./dataset/train/ETH-Sunnyday/img1/000142.jpg
3158,4,ETH-Sunnyday,640,480,142,./dataset/train/ETH-Sunnyday/img1/000143.jpg
3159,4,ETH-Sunnyday,640,480,143,./dataset/train/ETH-Sunnyday/img1/000144.jpg
3160,4,ETH-Sunnyday,640,480,144,./dataset/train/ETH-Sunnyday/img1/000145.jpg
3161,4,ETH-Sunnyday,640,480,145,./dataset/train/ETH-Sunnyday/img1/000146.jpg
3162,4,ETH-Sunnyday,640,480,146,./dataset/train/ETH-Sunnyday/img1/000147.jpg
3163,4,ETH-Sunnyday,640,480,147,./dataset/train/ETH-Sunnyday/img1/000148.jpg
3164,4,ETH-Sunnyday,640,480,148,./dataset/train/ETH-Sunnyday/img1/000149.jpg
3165,4,ETH-Sunnyday,640,480,149,./dataset/train/ETH-Sunnyday/img1/000150.jpg
3166,4,ETH-Sunnyday,640,480,150,./dataset/train/ETH-Sunnyday/img1/000151.jpg
3167,4,ETH-Sunnyday,640,480,151,./dataset/train/ETH-Sunnyday/img1/000152.jpg
3168,4,ETH-Sunnyday,640,480,152,./dataset/train/ETH-Sunnyday/img1/000153.jpg
3169,4,ETH-Sunnyday,640,480,153,./dataset/train/ETH-Sunnyday/img1/000154.jpg
3170,4,ETH-Sunnyday,640,480,154,./dataset/train/ETH-Sunnyday/img1/000155.jpg
3171,4,ETH-Sunnyday,640,480,155,./dataset/train/ETH-Sunnyday/img1/000156.jpg
3172,4,ETH-Sunnyday,640,480,156,./dataset/train/ETH-Sunnyday/img1/000157.jpg
3173,4,ETH-Sunnyday,640,480,157,./dataset/train/ETH-Sunnyday/img1/000158.jpg
3174,4,ETH-Sunnyday,640,480,158,./dataset/train/ETH-Sunnyday/img1/000159.jpg
3175,4,ETH-Sunnyday,640,480,159,./dataset/train/ETH-Sunnyday/img1/000160.jpg
3176,4,ETH-Sunnyday,640,480,160,./dataset/train/ETH-Sunnyday/img1/000161.jpg
3177,4,ETH-Sunnyday,640,480,161,./dataset/train/ETH-Sunnyday/img1/000162.jpg
3178,4,ETH-Sunnyday,640,480,162,./dataset/train/ETH-Sunnyday/img1/000163.jpg
3179,4,ETH-Sunnyday,640,480,163,./dataset/train/ETH-Sunnyday/img1/000164.jpg
3180,4,ETH-Sunnyday,640,480,164,./dataset/train/ETH-Sunnyday/img1/000165.jpg
3181,4,ETH-Sunnyday,640,480,165,./dataset/train/ETH-Sunnyday/img1/000166.jpg
3182,4,ETH-Sunnyday,640,480,166,./dataset/train/ETH-Sunnyday/img1/000167.jpg
3183,4,ETH-Sunnyday,640,480,167,./dataset/train/ETH-Sunnyday/img1/000168.jpg
3184,4,ETH-Sunnyday,640,480,168,./dataset/train/ETH-Sunnyday/img1/000169.jpg
3185,4,ETH-Sunnyday,640,480,169,./dataset/train/ETH-Sunnyday/img1/000170.jpg
3186,4,ETH-Sunnyday,640,480,170,./dataset/train/ETH-Sunnyday/img1/000171.jpg
3187,4,ETH-Sunnyday,640,480,171,./dataset/train/ETH-Sunnyday/img1/000172.jpg
3188,4,ETH-Sunnyday,640,480,172,./dataset/train/ETH-Sunnyday/img1/000173.jpg
3189,4,ETH-Sunnyday,640,480,173,./dataset/train/ETH-Sunnyday/img1/000174.jpg
3190,4,ETH-Sunnyday,640,480,174,./dataset/train/ETH-Sunnyday/img1/000175.jpg
3191,4,ETH-Sunnyday,640,480,175,./dataset/train/ETH-Sunnyday/img1/000176.jpg
3192,4,ETH-Sunnyday,640,480,176,./dataset/train/ETH-Sunnyday/img1/000177.jpg
3193,4,ETH-Sunnyday,640,480,177,./dataset/train/ETH-Sunnyday/img1/000178.jpg
3194,4,ETH-Sunnyday,640,480,178,./dataset/train/ETH-Sunnyday/img1/000179.jpg
3195,4,ETH-Sunnyday,640,480,179,./dataset/train/ETH-Sunnyday/img1/000180.jpg
3196,4,ETH-Sunnyday,640,480,180,./dataset/train/ETH-Sunnyday/img1/000181.jpg
3197,4,ETH-Sunnyday,640,480,181,./dataset/train/ETH-Sunnyday/img1/000182.jpg
3198,4,ETH-Sunnyday,640,480,182,./dataset/train/ETH-Sunnyday/img1/000183.jpg
3199,4,ETH-Sunnyday,640,480,183,./dataset/train/ETH-Sunnyday/img1/000184.jpg
3200,4,ETH-Sunnyday,640,480,184,./dataset/train/ETH-Sunnyday/img1/000185.jpg
3201,4,ETH-Sunnyday,640,480,185,./dataset/train/ETH-Sunnyday/img1/000186.jpg
3202,4,ETH-Sunnyday,640,480,186,./dataset/train/ETH-Sunnyday/img1/000187.jpg
3203,4,ETH-Sunnyday,640,480,187,./dataset/train/ETH-Sunnyday/img1/000188.jpg
3204,4,ETH-Sunnyday,640,480,188,./dataset/train/ETH-Sunnyday/img1/000189.jpg
3205,4,ETH-Sunnyday,640,480,189,./dataset/train/ETH-Sunnyday/img1/000190.jpg
3206,4,ETH-Sunnyday,640,480,190,./dataset/train/ETH-Sunnyday/img1/000191.jpg
3207,4,ETH-Sunnyday,640,480,191,./dataset/train/ETH-Sunnyday/img1/000192.jpg
3208,4,ETH-Sunnyday,640,480,192,./dataset/train/ETH-Sunnyday/img1/000193.jpg
3209,4,ETH-Sunnyday,640,480,193,./dataset/train/ETH-Sunnyday/img1/000194.jpg
3210,4,ETH-Sunnyday,640,480,194,./dataset/train/ETH-Sunnyday/img1/000195.jpg
3211,4,ETH-Sunnyday,640,480,195,./dataset/train/ETH-Sunnyday/img1/000196.jpg
3212,4,ETH-Sunnyday,640,480,196,./dataset/train/ETH-Sunnyday/img1/000197.jpg
3213,4,ETH-Sunnyday,640,480,197,./dataset/train/ETH-Sunnyday/img1/000198.jpg
3214,4,ETH-Sunnyday,640,480,198,./dataset/train/ETH-Sunnyday/img1/000199.jpg
3215,4,ETH-Sunnyday,640,480,199,./dataset/train/ETH-Sunnyday/img1/000200.jpg
3216,4,ETH-Sunnyday,640,480,200,./dataset/train/ETH-Sunnyday/img1/000201.jpg
3217,4,ETH-Sunnyday,640,480,201,./dataset/train/ETH-Sunnyday/img1/000202.jpg
3218,4,ETH-Sunnyday,640,480,202,./dataset/train/ETH-Sunnyday/img1/000203.jpg
3219,4,ETH-Sunnyday,640,480,203,./dataset/train/ETH-Sunnyday/img1/000204.jpg
3220,4,ETH-Sunnyday,640,480,204,./dataset/train/ETH-Sunnyday/img1/000205.jpg
3221,4,ETH-Sunnyday,640,480,205,./dataset/train/ETH-Sunnyday/img1/000206.jpg
3222,4,ETH-Sunnyday,640,480,206,./dataset/train/ETH-Sunnyday/img1/000207.jpg
3223,4,ETH-Sunnyday,640,480,207,./dataset/train/ETH-Sunnyday/img1/000208.jpg
3224,4,ETH-Sunnyday,640,480,208,./dataset/train/ETH-Sunnyday/img1/000209.jpg
3225,4,ETH-Sunnyday,640,480,209,./dataset/train/ETH-Sunnyday/img1/000210.jpg
3226,4,ETH-Sunnyday,640,480,210,./dataset/train/ETH-Sunnyday/img1/000211.jpg
3227,4,ETH-Sunnyday,640,480,211,./dataset/train/ETH-Sunnyday/img1/000212.jpg
3228,4,ETH-Sunnyday,640,480,212,./dataset/train/ETH-Sunnyday/img1/000213.jpg
3229,4,ETH-Sunnyday,640,480,213,./dataset/train/ETH-Sunnyday/img1/000214.jpg
3230,4,ETH-Sunnyday,640,480,214,./dataset/train/ETH-Sunnyday/img1/000215.jpg
3231,4,ETH-Sunnyday,640,480,215,./dataset/train/ETH-Sunnyday/img1/000216.jpg
3232,4,ETH-Sunnyday,640,480,216,./dataset/train/ETH-Sunnyday/img1/000217.jpg
3233,4,ETH-Sunnyday,640,480,217,./dataset/train/ETH-Sunnyday/img1/000218.jpg
3234,4,ETH-Sunnyday,640,480,218,./dataset/train/ETH-Sunnyday/img1/000219.jpg
3235,4,ETH-Sunnyday,640,480,219,./dataset/train/ETH-Sunnyday/img1/000220.jpg
3236,4,ETH-Sunnyday,640,480,220,./dataset/train/ETH-Sunnyday/img1/000221.jpg
3237,4,ETH-Sunnyday,640,480,221,./dataset/train/ETH-Sunnyday/img1/000222.jpg
3238,4,ETH-Sunnyday,640,480,222,./dataset/train/ETH-Sunnyday/img1/000223.jpg
3239,4,ETH-Sunnyday,640,480,223,./dataset/train/ETH-Sunnyday/img1/000224.jpg
3240,4,ETH-Sunnyday,640,480,224,./dataset/train/ETH-Sunnyday/img1/000225.jpg
3241,4,ETH-Sunnyday,640,480,225,./dataset/train/ETH-Sunnyday/img1/000226.jpg
3242,4,ETH-Sunnyday,640,480,226,./dataset/train/ETH-Sunnyday/img1/000227.jpg
3243,4,ETH-Sunnyday,640,480,227,./dataset/train/ETH-Sunnyday/img1/000228.jpg
3244,4,ETH-Sunnyday,640,480,228,./dataset/train/ETH-Sunnyday/img1/000229.jpg
3245,4,ETH-Sunnyday,640,480,229,./dataset/train/ETH-Sunnyday/img1/000230.jpg
3246,4,ETH-Sunnyday,640,480,230,./dataset/train/ETH-Sunnyday/img1/000231.jpg
3247,4,ETH-Sunnyday,640,480,231,./dataset/train/ETH-Sunnyday/img1/000232.jpg
3248,4,ETH-Sunnyday,640,480,232,./dataset/train/ETH-Sunnyday/img1/000233.jpg
3249,4,ETH-Sunnyday,640,480,233,./dataset/train/ETH-Sunnyday/img1/000234.jpg
3250,4,ETH-Sunnyday,640,480,234,./dataset/train/ETH-Sunnyday/img1/000235.jpg
3251,4,ETH-Sunnyday,640,480,235,./dataset/train/ETH-Sunnyday/img1/000236.jpg
3252,4,ETH-Sunnyday,640,480,236,./dataset/train/ETH-Sunnyday/img1/000237.jpg
3253,4,ETH-Sunnyday,640,480,237,./dataset/train/ETH-Sunnyday/img1/000238.jpg
3254,4,ETH-Sunnyday,640,480,238,./dataset/train/ETH-Sunnyday/img1/000239.jpg
3255,4,ETH-Sunnyday,640,480,239,./dataset/train/ETH-Sunnyday/img1/000240.jpg
3256,4,ETH-Sunnyday,640,480,240,./dataset/train/ETH-Sunnyday/img1/000241.jpg
3257,4,ETH-Sunnyday,640,480,241,./dataset/train/ETH-Sunnyday/img1/000242.jpg
3258,4,ETH-Sunnyday,640,480,242,./dataset/train/ETH-Sunnyday/img1/000243.jpg
3259,4,ETH-Sunnyday,640,480,243,./dataset/train/ETH-Sunnyday/img1/000244.jpg
3260,4,ETH-Sunnyday,640,480,244,./dataset/train/ETH-Sunnyday/img1/000245.jpg
3261,4,ETH-Sunnyday,640,480,245,./dataset/train/ETH-Sunnyday/img1/000246.jpg
3262,4,ETH-Sunnyday,640,480,246,./dataset/train/ETH-Sunnyday/img1/000247.jpg
3263,4,ETH-Sunnyday,640,480,247,./dataset/train/ETH-Sunnyday/img1/000248.jpg
3264,4,ETH-Sunnyday,640,480,248,./dataset/train/ETH-Sunnyday/img1/000249.jpg
3265,4,ETH-Sunnyday,640,480,249,./dataset/train/ETH-Sunnyday/img1/000250.jpg
3266,4,ETH-Sunnyday,640,480,250,./dataset/train/ETH-Sunnyday/img1/000251.jpg
3267,4,ETH-Sunnyday,640,480,251,./dataset/train/ETH-Sunnyday/img1/000252.jpg
3268,4,ETH-Sunnyday,640,480,252,./dataset/train/ETH-Sunnyday/img1/000253.jpg
3269,4,ETH-Sunnyday,640,480,253,./dataset/train/ETH-Sunnyday/img1/000254.jpg
3270,4,ETH-Sunnyday,640,480,254,./dataset/train/ETH-Sunnyday/img1/000255.jpg
3271,4,ETH-Sunnyday,640,480,255,./dataset/train/ETH-Sunnyday/img1/000256.jpg
3272,4,ETH-Sunnyday,640,480,256,./dataset/train/ETH-Sunnyday/img1/000257.jpg
3273,4,ETH-Sunnyday,640,480,257,./dataset/train/ETH-Sunnyday/img1/000258.jpg
3274,4,ETH-Sunnyday,640,480,258,./dataset/train/ETH-Sunnyday/img1/000259.jpg
3275,4,ETH-Sunnyday,640,480,259,./dataset/train/ETH-Sunnyday/img1/000260.jpg
3276,4,ETH-Sunnyday,640,480,260,./dataset/train/ETH-Sunnyday/img1/000261.jpg
3277,4,ETH-Sunnyday,640,480,261,./dataset/train/ETH-Sunnyday/img1/000262.jpg
3278,4,ETH-Sunnyday,640,480,262,./dataset/train/ETH-Sunnyday/img1/000263.jpg
3279,4,ETH-Sunnyday,640,480,263,./dataset/train/ETH-Sunnyday/img1/000264.jpg
3280,4,ETH-Sunnyday,640,480,264,./dataset/train/ETH-Sunnyday/img1/000265.jpg
3281,4,ETH-Sunnyday,640,480,265,./dataset/train/ETH-Sunnyday/img1/000266.jpg
3282,4,ETH-Sunnyday,640,480,266,./dataset/train/ETH-Sunnyday/img1/000267.jpg
3283,4,ETH-Sunnyday,640,480,267,./dataset/train/ETH-Sunnyday/img1/000268.jpg
3284,4,ETH-Sunnyday,640,480,268,./dataset/train/ETH-Sunnyday/img1/000269.jpg
3285,4,ETH-Sunnyday,640,480,269,./dataset/train/ETH-Sunnyday/img1/000270.jpg
3286,4,ETH-Sunnyday,640,480,270,./dataset/train/ETH-Sunnyday/img1/000271.jpg
3287,4,ETH-Sunnyday,640,480,271,./dataset/train/ETH-Sunnyday/img1/000272.jpg
3288,4,ETH-Sunnyday,640,480,272,./dataset/train/ETH-Sunnyday/img1/000273.jpg
3289,4,ETH-Sunnyday,640,480,273,./dataset/train/ETH-Sunnyday/img1/000274.jpg
3290,4,ETH-Sunnyday,640,480,274,./dataset/train/ETH-Sunnyday/img1/000275.jpg
3291,4,ETH-Sunnyday,640,480,275,./dataset/train/ETH-Sunnyday/img1/000276.jpg
3292,4,ETH-Sunnyday,640,480,276,./dataset/train/ETH-Sunnyday/img1/000277.jpg
3293,4,ETH-Sunnyday,640,480,277,./dataset/train/ETH-Sunnyday/img1/000278.jpg
3294,4,ETH-Sunnyday,640,480,278,./dataset/train/ETH-Sunnyday/img1/000279.jpg
3295,4,ETH-Sunnyday,640,480,279,./dataset/train/ETH-Sunnyday/img1/000280.jpg
3296,4,ETH-Sunnyday,640,480,280,./dataset/train/ETH-Sunnyday/img1/000281.jpg
3297,4,ETH-Sunnyday,640,480,281,./dataset/train/ETH-Sunnyday/img1/000282.jpg
3298,4,ETH-Sunnyday,640,480,282,./dataset/train/ETH-Sunnyday/img1/000283.jpg
3299,4,ETH-Sunnyday,640,480,283,./dataset/train/ETH-Sunnyday/img1/000284.jpg
3300,4,ETH-Sunnyday,640,480,284,./dataset/train/ETH-Sunnyday/img1/000285.jpg
3301,4,ETH-Sunnyday,640,480,285,./dataset/train/ETH-Sunnyday/img1/000286.jpg
3302,4,ETH-Sunnyday,640,480,286,./dataset/train/ETH-Sunnyday/img1/000287.jpg
3303,4,ETH-Sunnyday,640,480,287,./dataset/train/ETH-Sunnyday/img1/000288.jpg
3304,4,ETH-Sunnyday,640,480,288,./dataset/train/ETH-Sunnyday/img1/000289.jpg
3305,4,ETH-Sunnyday,640,480,289,./dataset/train/ETH-Sunnyday/img1/000290.jpg
3306,4,ETH-Sunnyday,640,480,290,./dataset/train/ETH-Sunnyday/img1/000291.jpg
3307,4,ETH-Sunnyday,640,480,291,./dataset/train/ETH-Sunnyday/img1/000292.jpg
3308,4,ETH-Sunnyday,640,480,292,./dataset/train/ETH-Sunnyday/img1/000293.jpg
3309,4,ETH-Sunnyday,640,480,293,./dataset/train/ETH-Sunnyday/img1/000294.jpg
3310,4,ETH-Sunnyday,640,480,294,./dataset/train/ETH-Sunnyday/img1/000295.jpg
3311,4,ETH-Sunnyday,640,480,295,./dataset/train/ETH-Sunnyday/img1/000296.jpg
3312,4,ETH-Sunnyday,640,480,296,./dataset/train/ETH-Sunnyday/img1/000297.jpg
3313,4,ETH-Sunnyday,640,480,297,./dataset/train/ETH-Sunnyday/img1/000298.jpg
3314,4,ETH-Sunnyday,640,480,298,./dataset/train/ETH-Sunnyday/img1/000299.jpg
3315,4,ETH-Sunnyday,640,480,299,./dataset/train/ETH-Sunnyday/img1/000300.jpg
3316,4,ETH-Sunnyday,640,480,300,./dataset/train/ETH-Sunnyday/img1/000301.jpg
3317,4,ETH-Sunnyday,640,480,301,./dataset/train/ETH-Sunnyday/img1/000302.jpg
3318,4,ETH-Sunnyday,640,480,302,./dataset/train/ETH-Sunnyday/img1/000303.jpg
3319,4,ETH-Sunnyday,640,480,303,./dataset/train/ETH-Sunnyday/img1/000304.jpg
3320,4,ETH-Sunnyday,640,480,304,./dataset/train/ETH-Sunnyday/img1/000305.jpg
3321,4,ETH-Sunnyday,640,480,305,./dataset/train/ETH-Sunnyday/img1/000306.jpg
3322,4,ETH-Sunnyday,640,480,306,./dataset/train/ETH-Sunnyday/img1/000307.jpg
3323,4,ETH-Sunnyday,640,480,307,./dataset/train/ETH-Sunnyday/img1/000308.jpg
3324,4,ETH-Sunnyday,640,480,308,./dataset/train/ETH-Sunnyday/img1/000309.jpg
3325,4,ETH-Sunnyday,640,480,309,./dataset/train/ETH-Sunnyday/img1/000310.jpg
3326,4,ETH-Sunnyday,640,480,310,./dataset/train/ETH-Sunnyday/img1/000311.jpg
3327,4,ETH-Sunnyday,640,480,311,./dataset/train/ETH-Sunnyday/img1/000312.jpg
3328,4,ETH-Sunnyday,640,480,312,./dataset/train/ETH-Sunnyday/img1/000313.jpg
3329,4,ETH-Sunnyday,640,480,313,./dataset/train/ETH-Sunnyday/img1/000314.jpg
3330,4,ETH-Sunnyday,640,480,314,./dataset/train/ETH-Sunnyday/img1/000315.jpg
3331,4,ETH-Sunnyday,640,480,315,./dataset/train/ETH-Sunnyday/img1/000316.jpg
3332,4,ETH-Sunnyday,640,480,316,./dataset/train/ETH-Sunnyday/img1/000317.jpg
3333,4,ETH-Sunnyday,640,480,317,./dataset/train/ETH-Sunnyday/img1/000318.jpg
3334,4,ETH-Sunnyday,640,480,318,./dataset/train/ETH-Sunnyday/img1/000319.jpg
3335,4,ETH-Sunnyday,640,480,319,./dataset/train/ETH-Sunnyday/img1/000320.jpg
3336,4,ETH-Sunnyday,640,480,320,./dataset/train/ETH-Sunnyday/img1/000321.jpg
3337,4,ETH-Sunnyday,640,480,321,./dataset/train/ETH-Sunnyday/img1/000322.jpg
3338,4,ETH-Sunnyday,640,480,322,./dataset/train/ETH-Sunnyday/img1/000323.jpg
3339,4,ETH-Sunnyday,640,480,323,./dataset/train/ETH-Sunnyday/img1/000324.jpg
3340,4,ETH-Sunnyday,640,480,324,./dataset/train/ETH-Sunnyday/img1/000325.jpg
3341,4,ETH-Sunnyday,640,480,325,./dataset/train/ETH-Sunnyday/img1/000326.jpg
3342,4,ETH-Sunnyday,640,480,326,./dataset/train/ETH-Sunnyday/img1/000327.jpg
3343,4,ETH-Sunnyday,640,480,327,./dataset/train/ETH-Sunnyday/img1/000328.jpg
3344,4,ETH-Sunnyday,640,480,328,./dataset/train/ETH-Sunnyday/img1/000329.jpg
3345,4,ETH-Sunnyday,640,480,329,./dataset/train/ETH-Sunnyday/img1/000330.jpg
3346,4,ETH-Sunnyday,640,480,330,./dataset/train/ETH-Sunnyday/img1/000331.jpg
3347,4,ETH-Sunnyday,640,480,331,./dataset/train/ETH-Sunnyday/img1/000332.jpg
3348,4,ETH-Sunnyday,640,480,332,./dataset/train/ETH-Sunnyday/img1/000333.jpg
3349,4,ETH-Sunnyday,640,480,333,./dataset/train/ETH-Sunnyday/img1/000334.jpg
3350,4,ETH-Sunnyday,640,480,334,./dataset/train/ETH-Sunnyday/img1/000335.jpg
3351,4,ETH-Sunnyday,640,480,335,./dataset/train/ETH-Sunnyday/img1/000336.jpg
3352,4,ETH-Sunnyday,640,480,336,./dataset/train/ETH-Sunnyday/img1/000337.jpg
3353,4,ETH-Sunnyday,640,480,337,./dataset/train/ETH-Sunnyday/img1/000338.jpg
3354,4,ETH-Sunnyday,640,480,338,./dataset/train/ETH-Sunnyday/img1/000339.jpg
3355,4,ETH-Sunnyday,640,480,339,./dataset/train/ETH-Sunnyday/img1/000340.jpg
3356,4,ETH-Sunnyday,640,480,340,./dataset/train/ETH-Sunnyday/img1/000341.jpg
3357,4,ETH-Sunnyday,640,480,341,./dataset/train/ETH-Sunnyday/img1/000342.jpg
3358,4,ETH-Sunnyday,640,480,342,./dataset/train/ETH-Sunnyday/img1/000343.jpg
3359,4,ETH-Sunnyday,640,480,343,./dataset/train/ETH-Sunnyday/img1/000344.jpg
3360,4,ETH-Sunnyday,640,480,344,./dataset/train/ETH-Sunnyday/img1/000345.jpg
3361,4,ETH-Sunnyday,640,480,345,./dataset/train/ETH-Sunnyday/img1/000346.jpg
3362,4,ETH-Sunnyday,640,480,346,./dataset/train/ETH-Sunnyday/img1/000347.jpg
3363,4,ETH-Sunnyday,640,480,347,./dataset/train/ETH-Sunnyday/img1/000348.jpg
3364,4,ETH-Sunnyday,640,480,348,./dataset/train/ETH-Sunnyday/img1/000349.jpg
3365,4,ETH-Sunnyday,640,480,349,./dataset/train/ETH-Sunnyday/img1/000350.jpg
3366,4,ETH-Sunnyday,640,480,350,./dataset/train/ETH-Sunnyday/img1/000351.jpg
3367,4,ETH-Sunnyday,640,480,351,./dataset/train/ETH-Sunnyday/img1/000352.jpg
3368,4,ETH-Sunnyday,640,480,352,./dataset/train/ETH-Sunnyday/img1/000353.jpg
3369,4,ETH-Sunnyday,640,480,353,./dataset/train/ETH-Sunnyday/img1/000354.jpg
3370,5,KITTI-13,1242,375,0,./dataset/train/KITTI-13/img1/000001.jpg
3371,5,KITTI-13,1242,375,1,./dataset/train/KITTI-13/img1/000002.jpg
3372,5,KITTI-13,1242,375,2,./dataset/train/KITTI-13/img1/000003.jpg
3373,5,KITTI-13,1242,375,3,./dataset/train/KITTI-13/img1/000004.jpg
3374,5,KITTI-13,1242,375,4,./dataset/train/KITTI-13/img1/000005.jpg
3375,5,KITTI-13,1242,375,5,./dataset/train/KITTI-13/img1/000006.jpg
3376,5,KITTI-13,1242,375,6,./dataset/train/KITTI-13/img1/000007.jpg
3377,5,KITTI-13,1242,375,7,./dataset/train/KITTI-13/img1/000008.jpg
3378,5,KITTI-13,1242,375,8,./dataset/train/KITTI-13/img1/000009.jpg
3379,5,KITTI-13,1242,375,9,./dataset/train/KITTI-13/img1/000010.jpg
3380,5,KITTI-13,1242,375,10,./dataset/train/KITTI-13/img1/000011.jpg
3381,5,KITTI-13,1242,375,11,./dataset/train/KITTI-13/img1/000012.jpg
3382,5,KITTI-13,1242,375,12,./dataset/train/KITTI-13/img1/000013.jpg
3383,5,KITTI-13,1242,375,13,./dataset/train/KITTI-13/img1/000014.jpg
3384,5,KITTI-13,1242,375,14,./dataset/train/KITTI-13/img1/000015.jpg
3385,5,KITTI-13,1242,375,15,./dataset/train/KITTI-13/img1/000016.jpg
3386,5,KITTI-13,1242,375,16,./dataset/train/KITTI-13/img1/000017.jpg
3387,5,KITTI-13,1242,375,17,./dataset/train/KITTI-13/img1/000018.jpg
3388,5,KITTI-13,1242,375,18,./dataset/train/KITTI-13/img1/000019.jpg
3389,5,KITTI-13,1242,375,19,./dataset/train/KITTI-13/img1/000020.jpg
3390,5,KITTI-13,1242,375,20,./dataset/train/KITTI-13/img1/000021.jpg
3391,5,KITTI-13,1242,375,21,./dataset/train/KITTI-13/img1/000022.jpg
3392,5,KITTI-13,1242,375,22,./dataset/train/KITTI-13/img1/000023.jpg
3393,5,KITTI-13,1242,375,23,./dataset/train/KITTI-13/img1/000024.jpg
3394,5,KITTI-13,1242,375,24,./dataset/train/KITTI-13/img1/000025.jpg
3395,5,KITTI-13,1242,375,25,./dataset/train/KITTI-13/img1/000026.jpg
3396,5,KITTI-13,1242,375,26,./dataset/train/KITTI-13/img1/000027.jpg
3397,5,KITTI-13,1242,375,27,./dataset/train/KITTI-13/img1/000028.jpg
3398,5,KITTI-13,1242,375,28,./dataset/train/KITTI-13/img1/000029.jpg
3399,5,KITTI-13,1242,375,29,./dataset/train/KITTI-13/img1/000030.jpg
3400,5,KITTI-13,1242,375,30,./dataset/train/KITTI-13/img1/000031.jpg
3401,5,KITTI-13,1242,375,31,./dataset/train/KITTI-13/img1/000032.jpg
3402,5,KITTI-13,1242,375,32,./dataset/train/KITTI-13/img1/000033.jpg
3403,5,KITTI-13,1242,375,33,./dataset/train/KITTI-13/img1/000034.jpg
3404,5,KITTI-13,1242,375,34,./dataset/train/KITTI-13/img1/000035.jpg
3405,5,KITTI-13,1242,375,35,./dataset/train/KITTI-13/img1/000036.jpg
3406,5,KITTI-13,1242,375,36,./dataset/train/KITTI-13/img1/000037.jpg
3407,5,KITTI-13,1242,375,37,./dataset/train/KITTI-13/img1/000038.jpg
3408,5,KITTI-13,1242,375,38,./dataset/train/KITTI-13/img1/000039.jpg
3409,5,KITTI-13,1242,375,39,./dataset/train/KITTI-13/img1/000040.jpg
3410,5,KITTI-13,1242,375,40,./dataset/train/KITTI-13/img1/000041.jpg
3411,5,KITTI-13,1242,375,41,./dataset/train/KITTI-13/img1/000042.jpg
3412,5,KITTI-13,1242,375,42,./dataset/train/KITTI-13/img1/000043.jpg
3413,5,KITTI-13,1242,375,43,./dataset/train/KITTI-13/img1/000044.jpg
3414,5,KITTI-13,1242,375,44,./dataset/train/KITTI-13/img1/000045.jpg
3415,5,KITTI-13,1242,375,45,./dataset/train/KITTI-13/img1/000046.jpg
3416,5,KITTI-13,1242,375,46,./dataset/train/KITTI-13/img1/000047.jpg
3417,5,KITTI-13,1242,375,47,./dataset/train/KITTI-13/img1/000048.jpg
3418,5,KITTI-13,1242,375,48,./dataset/train/KITTI-13/img1/000049.jpg
3419,5,KITTI-13,1242,375,49,./dataset/train/KITTI-13/img1/000050.jpg
3420,5,KITTI-13,1242,375,50,./dataset/train/KITTI-13/img1/000051.jpg
3421,5,KITTI-13,1242,375,51,./dataset/train/KITTI-13/img1/000052.jpg
3422,5,KITTI-13,1242,375,52,./dataset/train/KITTI-13/img1/000053.jpg
3423,5,KITTI-13,1242,375,53,./dataset/train/KITTI-13/img1/000054.jpg
3424,5,KITTI-13,1242,375,54,./dataset/train/KITTI-13/img1/000055.jpg
3425,5,KITTI-13,1242,375,55,./dataset/train/KITTI-13/img1/000056.jpg
3426,5,KITTI-13,1242,375,56,./dataset/train/KITTI-13/img1/000057.jpg
3427,5,KITTI-13,1242,375,57,./dataset/train/KITTI-13/img1/000058.jpg
3428,5,KITTI-13,1242,375,58,./dataset/train/KITTI-13/img1/000059.jpg
3429,5,KITTI-13,1242,375,59,./dataset/train/KITTI-13/img1/000060.jpg
3430,5,KITTI-13,1242,375,60,./dataset/train/KITTI-13/img1/000061.jpg
3431,5,KITTI-13,1242,375,61,./dataset/train/KITTI-13/img1/000062.jpg
3432,5,KITTI-13,1242,375,62,./dataset/train/KITTI-13/img1/000063.jpg
3433,5,KITTI-13,1242,375,63,./dataset/train/KITTI-13/img1/000064.jpg
3434,5,KITTI-13,1242,375,64,./dataset/train/KITTI-13/img1/000065.jpg
3435,5,KITTI-13,1242,375,65,./dataset/train/KITTI-13/img1/000066.jpg
3436,5,KITTI-13,1242,375,66,./dataset/train/KITTI-13/img1/000067.jpg
3437,5,KITTI-13,1242,375,67,./dataset/train/KITTI-13/img1/000068.jpg
3438,5,KITTI-13,1242,375,68,./dataset/train/KITTI-13/img1/000069.jpg
3439,5,KITTI-13,1242,375,69,./dataset/train/KITTI-13/img1/000070.jpg
3440,5,KITTI-13,1242,375,70,./dataset/train/KITTI-13/img1/000071.jpg
3441,5,KITTI-13,1242,375,71,./dataset/train/KITTI-13/img1/000072.jpg
3442,5,KITTI-13,1242,375,72,./dataset/train/KITTI-13/img1/000073.jpg
3443,5,KITTI-13,1242,375,73,./dataset/train/KITTI-13/img1/000074.jpg
3444,5,KITTI-13,1242,375,74,./dataset/train/KITTI-13/img1/000075.jpg
3445,5,KITTI-13,1242,375,75,./dataset/train/KITTI-13/img1/000076.jpg
3446,5,KITTI-13,1242,375,76,./dataset/train/KITTI-13/img1/000077.jpg
3447,5,KITTI-13,1242,375,77,./dataset/train/KITTI-13/img1/000078.jpg
3448,5,KITTI-13,1242,375,78,./dataset/train/KITTI-13/img1/000079.jpg
3449,5,KITTI-13,1242,375,79,./dataset/train/KITTI-13/img1/000080.jpg
3450,5,KITTI-13,1242,375,80,./dataset/train/KITTI-13/img1/000081.jpg
3451,5,KITTI-13,1242,375,81,./dataset/train/KITTI-13/img1/000082.jpg
3452,5,KITTI-13,1242,375,82,./dataset/train/KITTI-13/img1/000083.jpg
3453,5,KITTI-13,1242,375,83,./dataset/train/KITTI-13/img1/000084.jpg
3454,5,KITTI-13,1242,375,84,./dataset/train/KITTI-13/img1/000085.jpg
3455,5,KITTI-13,1242,375,85,./dataset/train/KITTI-13/img1/000086.jpg
3456,5,KITTI-13,1242,375,86,./dataset/train/KITTI-13/img1/000087.jpg
3457,5,KITTI-13,1242,375,87,./dataset/train/KITTI-13/img1/000088.jpg
3458,5,KITTI-13,1242,375,88,./dataset/train/KITTI-13/img1/000089.jpg
3459,5,KITTI-13,1242,375,89,./dataset/train/KITTI-13/img1/000090.jpg
3460,5,KITTI-13,1242,375,90,./dataset/train/KITTI-13/img1/000091.jpg
3461,5,KITTI-13,1242,375,91,./dataset/train/KITTI-13/img1/000092.jpg
3462,5,KITTI-13,1242,375,92,./dataset/train/KITTI-13/img1/000093.jpg
3463,5,KITTI-13,1242,375,93,./dataset/train/KITTI-13/img1/000094.jpg
3464,5,KITTI-13,1242,375,94,./dataset/train/KITTI-13/img1/000095.jpg
3465,5,KITTI-13,1242,375,95,./dataset/train/KITTI-13/img1/000096.jpg
3466,5,KITTI-13,1242,375,96,./dataset/train/KITTI-13/img1/000097.jpg
3467,5,KITTI-13,1242,375,97,./dataset/train/KITTI-13/img1/000098.jpg
3468,5,KITTI-13,1242,375,98,./dataset/train/KITTI-13/img1/000099.jpg
3469,5,KITTI-13,1242,375,99,./dataset/train/KITTI-13/img1/000100.jpg
3470,5,KITTI-13,1242,375,100,./dataset/train/KITTI-13/img1/000101.jpg
3471,5,KITTI-13,1242,375,101,./dataset/train/KITTI-13/img1/000102.jpg
3472,5,KITTI-13,1242,375,102,./dataset/train/KITTI-13/img1/000103.jpg
3473,5,KITTI-13,1242,375,103,./dataset/train/KITTI-13/img1/000104.jpg
3474,5,KITTI-13,1242,375,104,./dataset/train/KITTI-13/img1/000105.jpg
3475,5,KITTI-13,1242,375,105,./dataset/train/KITTI-13/img1/000106.jpg
3476,5,KITTI-13,1242,375,106,./dataset/train/KITTI-13/img1/000107.jpg
3477,5,KITTI-13,1242,375,107,./dataset/train/KITTI-13/img1/000108.jpg
3478,5,KITTI-13,1242,375,108,./dataset/train/KITTI-13/img1/000109.jpg
3479,5,KITTI-13,1242,375,109,./dataset/train/KITTI-13/img1/000110.jpg
3480,5,KITTI-13,1242,375,110,./dataset/train/KITTI-13/img1/000111.jpg
3481,5,KITTI-13,1242,375,111,./dataset/train/KITTI-13/img1/000112.jpg
3482,5,KITTI-13,1242,375,112,./dataset/train/KITTI-13/img1/000113.jpg
3483,5,KITTI-13,1242,375,113,./dataset/train/KITTI-13/img1/000114.jpg
3484,5,KITTI-13,1242,375,114,./dataset/train/KITTI-13/img1/000115.jpg
3485,5,KITTI-13,1242,375,115,./dataset/train/KITTI-13/img1/000116.jpg
3486,5,KITTI-13,1242,375,116,./dataset/train/KITTI-13/img1/000117.jpg
3487,5,KITTI-13,1242,375,117,./dataset/train/KITTI-13/img1/000118.jpg
3488,5,KITTI-13,1242,375,118,./dataset/train/KITTI-13/img1/000119.jpg
3489,5,KITTI-13,1242,375,119,./dataset/train/KITTI-13/img1/000120.jpg
3490,5,KITTI-13,1242,375,120,./dataset/train/KITTI-13/img1/000121.jpg
3491,5,KITTI-13,1242,375,121,./dataset/train/KITTI-13/img1/000122.jpg
3492,5,KITTI-13,1242,375,122,./dataset/train/KITTI-13/img1/000123.jpg
3493,5,KITTI-13,1242,375,123,./dataset/train/KITTI-13/img1/000124.jpg
3494,5,KITTI-13,1242,375,124,./dataset/train/KITTI-13/img1/000125.jpg
3495,5,KITTI-13,1242,375,125,./dataset/train/KITTI-13/img1/000126.jpg
3496,5,KITTI-13,1242,375,126,./dataset/train/KITTI-13/img1/000127.jpg
3497,5,KITTI-13,1242,375,127,./dataset/train/KITTI-13/img1/000128.jpg
3498,5,KITTI-13,1242,375,128,./dataset/train/KITTI-13/img1/000129.jpg
3499,5,KITTI-13,1242,375,129,./dataset/train/KITTI-13/img1/000130.jpg
3500,5,KITTI-13,1242,375,130,./dataset/train/KITTI-13/img1/000131.jpg
3501,5,KITTI-13,1242,375,131,./dataset/train/KITTI-13/img1/000132.jpg
3502,5,KITTI-13,1242,375,132,./dataset/train/KITTI-13/img1/000133.jpg
3503,5,KITTI-13,1242,375,133,./dataset/train/KITTI-13/img1/000134.jpg
3504,5,KITTI-13,1242,375,134,./dataset/train/KITTI-13/img1/000135.jpg
3505,5,KITTI-13,1242,375,135,./dataset/train/KITTI-13/img1/000136.jpg
3506,5,KITTI-13,1242,375,136,./dataset/train/KITTI-13/img1/000137.jpg
3507,5,KITTI-13,1242,375,137,./dataset/train/KITTI-13/img1/000138.jpg
3508,5,KITTI-13,1242,375,138,./dataset/train/KITTI-13/img1/000139.jpg
3509,5,KITTI-13,1242,375,139,./dataset/train/KITTI-13/img1/000140.jpg
3510,5,KITTI-13,1242,375,140,./dataset/train/KITTI-13/img1/000141.jpg
3511,5,KITTI-13,1242,375,141,./dataset/train/KITTI-13/img1/000142.jpg
3512,5,KITTI-13,1242,375,142,./dataset/train/KITTI-13/img1/000143.jpg
3513,5,KITTI-13,1242,375,143,./dataset/train/KITTI-13/img1/000144.jpg
3514,5,KITTI-13,1242,375,144,./dataset/train/KITTI-13/img1/000145.jpg
3515,5,KITTI-13,1242,375,145,./dataset/train/KITTI-13/img1/000146.jpg
3516,5,KITTI-13,1242,375,146,./dataset/train/KITTI-13/img1/000147.jpg
3517,5,KITTI-13,1242,375,147,./dataset/train/KITTI-13/img1/000148.jpg
3518,5,KITTI-13,1242,375,148,./dataset/train/KITTI-13/img1/000149.jpg
3519,5,KITTI-13,1242,375,149,./dataset/train/KITTI-13/img1/000150.jpg
3520,5,KITTI-13,1242,375,150,./dataset/train/KITTI-13/img1/000151.jpg
3521,5,KITTI-13,1242,375,151,./dataset/train/KITTI-13/img1/000152.jpg
3522,5,KITTI-13,1242,375,152,./dataset/train/KITTI-13/img1/000153.jpg
3523,5,KITTI-13,1242,375,153,./dataset/train/KITTI-13/img1/000154.jpg
3524,5,KITTI-13,1242,375,154,./dataset/train/KITTI-13/img1/000155.jpg
3525,5,KITTI-13,1242,375,155,./dataset/train/KITTI-13/img1/000156.jpg
3526,5,KITTI-13,1242,375,156,./dataset/train/KITTI-13/img1/000157.jpg
3527,5,KITTI-13,1242,375,157,./dataset/train/KITTI-13/img1/000158.jpg
3528,5,KITTI-13,1242,375,158,./dataset/train/KITTI-13/img1/000159.jpg
3529,5,KITTI-13,1242,375,159,./dataset/train/KITTI-13/img1/000160.jpg
3530,5,KITTI-13,1242,375,160,./dataset/train/KITTI-13/img1/000161.jpg
3531,5,KITTI-13,1242,375,161,./dataset/train/KITTI-13/img1/000162.jpg
3532,5,KITTI-13,1242,375,162,./dataset/train/KITTI-13/img1/000163.jpg
3533,5,KITTI-13,1242,375,163,./dataset/train/KITTI-13/img1/000164.jpg
3534,5,KITTI-13,1242,375,164,./dataset/train/KITTI-13/img1/000165.jpg
3535,5,KITTI-13,1242,375,165,./dataset/train/KITTI-13/img1/000166.jpg
3536,5,KITTI-13,1242,375,166,./dataset/train/KITTI-13/img1/000167.jpg
3537,5,KITTI-13,1242,375,167,./dataset/train/KITTI-13/img1/000168.jpg
3538,5,KITTI-13,1242,375,168,./dataset/train/KITTI-13/img1/000169.jpg
3539,5,KITTI-13,1242,375,169,./dataset/train/KITTI-13/img1/000170.jpg
3540,5,KITTI-13,1242,375,170,./dataset/train/KITTI-13/img1/000171.jpg
3541,5,KITTI-13,1242,375,171,./dataset/train/KITTI-13/img1/000172.jpg
3542,5,KITTI-13,1242,375,172,./dataset/train/KITTI-13/img1/000173.jpg
3543,5,KITTI-13,1242,375,173,./dataset/train/KITTI-13/img1/000174.jpg
3544,5,KITTI-13,1242,375,174,./dataset/train/KITTI-13/img1/000175.jpg
3545,5,KITTI-13,1242,375,175,./dataset/train/KITTI-13/img1/000176.jpg
3546,5,KITTI-13,1242,375,176,./dataset/train/KITTI-13/img1/000177.jpg
3547,5,KITTI-13,1242,375,177,./dataset/train/KITTI-13/img1/000178.jpg
3548,5,KITTI-13,1242,375,178,./dataset/train/KITTI-13/img1/000179.jpg
3549,5,KITTI-13,1242,375,179,./dataset/train/KITTI-13/img1/000180.jpg
3550,5,KITTI-13,1242,375,180,./dataset/train/KITTI-13/img1/000181.jpg
3551,5,KITTI-13,1242,375,181,./dataset/train/KITTI-13/img1/000182.jpg
3552,5,KITTI-13,1242,375,182,./dataset/train/KITTI-13/img1/000183.jpg
3553,5,KITTI-13,1242,375,183,./dataset/train/KITTI-13/img1/000184.jpg
3554,5,KITTI-13,1242,375,184,./dataset/train/KITTI-13/img1/000185.jpg
3555,5,KITTI-13,1242,375,185,./dataset/train/KITTI-13/img1/000186.jpg
3556,5,KITTI-13,1242,375,186,./dataset/train/KITTI-13/img1/000187.jpg
3557,5,KITTI-13,1242,375,187,./dataset/train/KITTI-13/img1/000188.jpg
3558,5,KITTI-13,1242,375,188,./dataset/train/KITTI-13/img1/000189.jpg
3559,5,KITTI-13,1242,375,189,./dataset/train/KITTI-13/img1/000190.jpg
3560,5,KITTI-13,1242,375,190,./dataset/train/KITTI-13/img1/000191.jpg
3561,5,KITTI-13,1242,375,191,./dataset/train/KITTI-13/img1/000192.jpg
3562,5,KITTI-13,1242,375,192,./dataset/train/KITTI-13/img1/000193.jpg
3563,5,KITTI-13,1242,375,193,./dataset/train/KITTI-13/img1/000194.jpg
3564,5,KITTI-13,1242,375,194,./dataset/train/KITTI-13/img1/000195.jpg
3565,5,KITTI-13,1242,375,195,./dataset/train/KITTI-13/img1/000196.jpg
3566,5,KITTI-13,1242,375,196,./dataset/train/KITTI-13/img1/000197.jpg
3567,5,KITTI-13,1242,375,197,./dataset/train/KITTI-13/img1/000198.jpg
3568,5,KITTI-13,1242,375,198,./dataset/train/KITTI-13/img1/000199.jpg
3569,5,KITTI-13,1242,375,199,./dataset/train/KITTI-13/img1/000200.jpg
3570,5,KITTI-13,1242,375,200,./dataset/train/KITTI-13/img1/000201.jpg
3571,5,KITTI-13,1242,375,201,./dataset/train/KITTI-13/img1/000202.jpg
3572,5,KITTI-13,1242,375,202,./dataset/train/KITTI-13/img1/000203.jpg
3573,5,KITTI-13,1242,375,203,./dataset/train/KITTI-13/img1/000204.jpg
3574,5,KITTI-13,1242,375,204,./dataset/train/KITTI-13/img1/000205.jpg
3575,5,KITTI-13,1242,375,205,./dataset/train/KITTI-13/img1/000206.jpg
3576,5,KITTI-13,1242,375,206,./dataset/train/KITTI-13/img1/000207.jpg
3577,5,KITTI-13,1242,375,207,./dataset/train/KITTI-13/img1/000208.jpg
3578,5,KITTI-13,1242,375,208,./dataset/train/KITTI-13/img1/000209.jpg
3579,5,KITTI-13,1242,375,209,./dataset/train/KITTI-13/img1/000210.jpg
3580,5,KITTI-13,1242,375,210,./dataset/train/KITTI-13/img1/000211.jpg
3581,5,KITTI-13,1242,375,211,./dataset/train/KITTI-13/img1/000212.jpg
3582,5,KITTI-13,1242,375,212,./dataset/train/KITTI-13/img1/000213.jpg
3583,5,KITTI-13,1242,375,213,./dataset/train/KITTI-13/img1/000214.jpg
3584,5,KITTI-13,1242,375,214,./dataset/train/KITTI-13/img1/000215.jpg
3585,5,KITTI-13,1242,375,215,./dataset/train/KITTI-13/img1/000216.jpg
3586,5,KITTI-13,1242,375,216,./dataset/train/KITTI-13/img1/000217.jpg
3587,5,KITTI-13,1242,375,217,./dataset/train/KITTI-13/img1/000218.jpg
3588,5,KITTI-13,1242,375,218,./dataset/train/KITTI-13/img1/000219.jpg
3589,5,KITTI-13,1242,375,219,./dataset/train/KITTI-13/img1/000220.jpg
3590,5,KITTI-13,1242,375,220,./dataset/train/KITTI-13/img1/000221.jpg
3591,5,KITTI-13,1242,375,221,./dataset/train/KITTI-13/img1/000222.jpg
3592,5,KITTI-13,1242,375,222,./dataset/train/KITTI-13/img1/000223.jpg
3593,5,KITTI-13,1242,375,223,./dataset/train/KITTI-13/img1/000224.jpg
3594,5,KITTI-13,1242,375,224,./dataset/train/KITTI-13/img1/000225.jpg
3595,5,KITTI-13,1242,375,225,./dataset/train/KITTI-13/img1/000226.jpg
3596,5,KITTI-13,1242,375,226,./dataset/train/KITTI-13/img1/000227.jpg
3597,5,KITTI-13,1242,375,227,./dataset/train/KITTI-13/img1/000228.jpg
3598,5,KITTI-13,1242,375,228,./dataset/train/KITTI-13/img1/000229.jpg
3599,5,KITTI-13,1242,375,229,./dataset/train/KITTI-13/img1/000230.jpg
3600,5,KITTI-13,1242,375,230,./dataset/train/KITTI-13/img1/000231.jpg
3601,5,KITTI-13,1242,375,231,./dataset/train/KITTI-13/img1/000232.jpg
3602,5,KITTI-13,1242,375,232,./dataset/train/KITTI-13/img1/000233.jpg
3603,5,KITTI-13,1242,375,233,./dataset/train/KITTI-13/img1/000234.jpg
3604,5,KITTI-13,1242,375,234,./dataset/train/KITTI-13/img1/000235.jpg
3605,5,KITTI-13,1242,375,235,./dataset/train/KITTI-13/img1/000236.jpg
3606,5,KITTI-13,1242,375,236,./dataset/train/KITTI-13/img1/000237.jpg
3607,5,KITTI-13,1242,375,237,./dataset/train/KITTI-13/img1/000238.jpg
3608,5,KITTI-13,1242,375,238,./dataset/train/KITTI-13/img1/000239.jpg
3609,5,KITTI-13,1242,375,239,./dataset/train/KITTI-13/img1/000240.jpg
3610,5,KITTI-13,1242,375,240,./dataset/train/KITTI-13/img1/000241.jpg
3611,5,KITTI-13,1242,375,241,./dataset/train/KITTI-13/img1/000242.jpg
3612,5,KITTI-13,1242,375,242,./dataset/train/KITTI-13/img1/000243.jpg
3613,5,KITTI-13,1242,375,243,./dataset/train/KITTI-13/img1/000244.jpg
3614,5,KITTI-13,1242,375,244,./dataset/train/KITTI-13/img1/000245.jpg
3615,5,KITTI-13,1242,375,245,./dataset/train/KITTI-13/img1/000246.jpg
3616,5,KITTI-13,1242,375,246,./dataset/train/KITTI-13/img1/000247.jpg
3617,5,KITTI-13,1242,375,247,./dataset/train/KITTI-13/img1/000248.jpg
3618,5,KITTI-13,1242,375,248,./dataset/train/KITTI-13/img1/000249.jpg
3619,5,KITTI-13,1242,375,249,./dataset/train/KITTI-13/img1/000250.jpg
3620,5,KITTI-13,1242,375,250,./dataset/train/KITTI-13/img1/000251.jpg
3621,5,KITTI-13,1242,375,251,./dataset/train/KITTI-13/img1/000252.jpg
3622,5,KITTI-13,1242,375,252,./dataset/train/KITTI-13/img1/000253.jpg
3623,5,KITTI-13,1242,375,253,./dataset/train/KITTI-13/img1/000254.jpg
3624,5,KITTI-13,1242,375,254,./dataset/train/KITTI-13/img1/000255.jpg
3625,5,KITTI-13,1242,375,255,./dataset/train/KITTI-13/img1/000256.jpg
3626,5,KITTI-13,1242,375,256,./dataset/train/KITTI-13/img1/000257.jpg
3627,5,KITTI-13,1242,375,257,./dataset/train/KITTI-13/img1/000258.jpg
3628,5,KITTI-13,1242,375,258,./dataset/train/KITTI-13/img1/000259.jpg
3629,5,KITTI-13,1242,375,259,./dataset/train/KITTI-13/img1/000260.jpg
3630,5,KITTI-13,1242,375,260,./dataset/train/KITTI-13/img1/000261.jpg
3631,5,KITTI-13,1242,375,261,./dataset/train/KITTI-13/img1/000262.jpg
3632,5,KITTI-13,1242,375,262,./dataset/train/KITTI-13/img1/000263.jpg
3633,5,KITTI-13,1242,375,263,./dataset/train/KITTI-13/img1/000264.jpg
3634,5,KITTI-13,1242,375,264,./dataset/train/KITTI-13/img1/000265.jpg
3635,5,KITTI-13,1242,375,265,./dataset/train/KITTI-13/img1/000266.jpg
3636,5,KITTI-13,1242,375,266,./dataset/train/KITTI-13/img1/000267.jpg
3637,5,KITTI-13,1242,375,267,./dataset/train/KITTI-13/img1/000268.jpg
3638,5,KITTI-13,1242,375,268,./dataset/train/KITTI-13/img1/000269.jpg
3639,5,KITTI-13,1242,375,269,./dataset/train/KITTI-13/img1/000270.jpg
3640,5,KITTI-13,1242,375,270,./dataset/train/KITTI-13/img1/000271.jpg
3641,5,KITTI-13,1242,375,271,./dataset/train/KITTI-13/img1/000272.jpg
3642,5,KITTI-13,1242,375,272,./dataset/train/KITTI-13/img1/000273.jpg
3643,5,KITTI-13,1242,375,273,./dataset/train/KITTI-13/img1/000274.jpg
3644,5,KITTI-13,1242,375,274,./dataset/train/KITTI-13/img1/000275.jpg
3645,5,KITTI-13,1242,375,275,./dataset/train/KITTI-13/img1/000276.jpg
3646,5,KITTI-13,1242,375,276,./dataset/train/KITTI-13/img1/000277.jpg
3647,5,KITTI-13,1242,375,277,./dataset/train/KITTI-13/img1/000278.jpg
3648,5,KITTI-13,1242,375,278,./dataset/train/KITTI-13/img1/000279.jpg
3649,5,KITTI-13,1242,375,279,./dataset/train/KITTI-13/img1/000280.jpg
3650,5,KITTI-13,1242,375,280,./dataset/train/KITTI-13/img1/000281.jpg
3651,5,KITTI-13,1242,375,281,./dataset/train/KITTI-13/img1/000282.jpg
3652,5,KITTI-13,1242,375,282,./dataset/train/KITTI-13/img1/000283.jpg
3653,5,KITTI-13,1242,375,283,./dataset/train/KITTI-13/img1/000284.jpg
3654,5,KITTI-13,1242,375,284,./dataset/train/KITTI-13/img1/000285.jpg
3655,5,KITTI-13,1242,375,285,./dataset/train/KITTI-13/img1/000286.jpg
3656,5,KITTI-13,1242,375,286,./dataset/train/KITTI-13/img1/000287.jpg
3657,5,KITTI-13,1242,375,287,./dataset/train/KITTI-13/img1/000288.jpg
3658,5,KITTI-13,1242,375,288,./dataset/train/KITTI-13/img1/000289.jpg
3659,5,KITTI-13,1242,375,289,./dataset/train/KITTI-13/img1/000290.jpg
3660,5,KITTI-13,1242,375,290,./dataset/train/KITTI-13/img1/000291.jpg
3661,5,KITTI-13,1242,375,291,./dataset/train/KITTI-13/img1/000292.jpg
3662,5,KITTI-13,1242,375,292,./dataset/train/KITTI-13/img1/000293.jpg
3663,5,KITTI-13,1242,375,293,./dataset/train/KITTI-13/img1/000294.jpg
3664,5,KITTI-13,1242,375,294,./dataset/train/KITTI-13/img1/000295.jpg
3665,5,KITTI-13,1242,375,295,./dataset/train/KITTI-13/img1/000296.jpg
3666,5,KITTI-13,1242,375,296,./dataset/train/KITTI-13/img1/000297.jpg
3667,5,KITTI-13,1242,375,297,./dataset/train/KITTI-13/img1/000298.jpg
3668,5,KITTI-13,1242,375,298,./dataset/train/KITTI-13/img1/000299.jpg
3669,5,KITTI-13,1242,375,299,./dataset/train/KITTI-13/img1/000300.jpg
3670,5,KITTI-13,1242,375,300,./dataset/train/KITTI-13/img1/000301.jpg
3671,5,KITTI-13,1242,375,301,./dataset/train/KITTI-13/img1/000302.jpg
3672,5,KITTI-13,1242,375,302,./dataset/train/KITTI-13/img1/000303.jpg
3673,5,KITTI-13,1242,375,303,./dataset/train/KITTI-13/img1/000304.jpg
3674,5,KITTI-13,1242,375,304,./dataset/train/KITTI-13/img1/000305.jpg
3675,5,KITTI-13,1242,375,305,./dataset/train/KITTI-13/img1/000306.jpg
3676,5,KITTI-13,1242,375,306,./dataset/train/KITTI-13/img1/000307.jpg
3677,5,KITTI-13,1242,375,307,./dataset/train/KITTI-13/img1/000308.jpg
3678,5,KITTI-13,1242,375,308,./dataset/train/KITTI-13/img1/000309.jpg
3679,5,KITTI-13,1242,375,309,./dataset/train/KITTI-13/img1/000310.jpg
3680,5,KITTI-13,1242,375,310,./dataset/train/KITTI-13/img1/000311.jpg
3681,5,KITTI-13,1242,375,311,./dataset/train/KITTI-13/img1/000312.jpg
3682,5,KITTI-13,1242,375,312,./dataset/train/KITTI-13/img1/000313.jpg
3683,5,KITTI-13,1242,375,313,./dataset/train/KITTI-13/img1/000314.jpg
3684,5,KITTI-13,1242,375,314,./dataset/train/KITTI-13/img1/000315.jpg
3685,5,KITTI-13,1242,375,315,./dataset/train/KITTI-13/img1/000316.jpg
3686,5,KITTI-13,1242,375,316,./dataset/train/KITTI-13/img1/000317.jpg
3687,5,KITTI-13,1242,375,317,./dataset/train/KITTI-13/img1/000318.jpg
3688,5,KITTI-13,1242,375,318,./dataset/train/KITTI-13/img1/000319.jpg
3689,5,KITTI-13,1242,375,319,./dataset/train/KITTI-13/img1/000320.jpg
3690,5,KITTI-13,1242,375,320,./dataset/train/KITTI-13/img1/000321.jpg
3691,5,KITTI-13,1242,375,321,./dataset/train/KITTI-13/img1/000322.jpg
3692,5,KITTI-13,1242,375,322,./dataset/train/KITTI-13/img1/000323.jpg
3693,5,KITTI-13,1242,375,323,./dataset/train/KITTI-13/img1/000324.jpg
3694,5,KITTI-13,1242,375,324,./dataset/train/KITTI-13/img1/000325.jpg
3695,5,KITTI-13,1242,375,325,./dataset/train/KITTI-13/img1/000326.jpg
3696,5,KITTI-13,1242,375,326,./dataset/train/KITTI-13/img1/000327.jpg
3697,5,KITTI-13,1242,375,327,./dataset/train/KITTI-13/img1/000328.jpg
3698,5,KITTI-13,1242,375,328,./dataset/train/KITTI-13/img1/000329.jpg
3699,5,KITTI-13,1242,375,329,./dataset/train/KITTI-13/img1/000330.jpg
3700,5,KITTI-13,1242,375,330,./dataset/train/KITTI-13/img1/000331.jpg
3701,5,KITTI-13,1242,375,331,./dataset/train/KITTI-13/img1/000332.jpg
3702,5,KITTI-13,1242,375,332,./dataset/train/KITTI-13/img1/000333.jpg
3703,5,KITTI-13,1242,375,333,./dataset/train/KITTI-13/img1/000334.jpg
3704,5,KITTI-13,1242,375,334,./dataset/train/KITTI-13/img1/000335.jpg
3705,5,KITTI-13,1242,375,335,./dataset/train/KITTI-13/img1/000336.jpg
3706,5,KITTI-13,1242,375,336,./dataset/train/KITTI-13/img1/000337.jpg
3707,5,KITTI-13,1242,375,337,./dataset/train/KITTI-13/img1/000338.jpg
3708,5,KITTI-13,1242,375,338,./dataset/train/KITTI-13/img1/000339.jpg
3709,5,KITTI-13,1242,375,339,./dataset/train/KITTI-13/img1/000340.jpg
3710,6,KITTI-17,1224,370,0,./dataset/train/KITTI-17/img1/000001.jpg
3711,6,KITTI-17,1224,370,1,./dataset/train/KITTI-17/img1/000002.jpg
3712,6,KITTI-17,1224,370,2,./dataset/train/KITTI-17/img1/000003.jpg
3713,6,KITTI-17,1224,370,3,./dataset/train/KITTI-17/img1/000004.jpg
3714,6,KITTI-17,1224,370,4,./dataset/train/KITTI-17/img1/000005.jpg
3715,6,KITTI-17,1224,370,5,./dataset/train/KITTI-17/img1/000006.jpg
3716,6,KITTI-17,1224,370,6,./dataset/train/KITTI-17/img1/000007.jpg
3717,6,KITTI-17,1224,370,7,./dataset/train/KITTI-17/img1/000008.jpg
3718,6,KITTI-17,1224,370,8,./dataset/train/KITTI-17/img1/000009.jpg
3719,6,KITTI-17,1224,370,9,./dataset/train/KITTI-17/img1/000010.jpg
3720,6,KITTI-17,1224,370,10,./dataset/train/KITTI-17/img1/000011.jpg
3721,6,KITTI-17,1224,370,11,./dataset/train/KITTI-17/img1/000012.jpg
3722,6,KITTI-17,1224,370,12,./dataset/train/KITTI-17/img1/000013.jpg
3723,6,KITTI-17,1224,370,13,./dataset/train/KITTI-17/img1/000014.jpg
3724,6,KITTI-17,1224,370,14,./dataset/train/KITTI-17/img1/000015.jpg
3725,6,KITTI-17,1224,370,15,./dataset/train/KITTI-17/img1/000016.jpg
3726,6,KITTI-17,1224,370,16,./dataset/train/KITTI-17/img1/000017.jpg
3727,6,KITTI-17,1224,370,17,./dataset/train/KITTI-17/img1/000018.jpg
3728,6,KITTI-17,1224,370,18,./dataset/train/KITTI-17/img1/000019.jpg
3729,6,KITTI-17,1224,370,19,./dataset/train/KITTI-17/img1/000020.jpg
3730,6,KITTI-17,1224,370,20,./dataset/train/KITTI-17/img1/000021.jpg
3731,6,KITTI-17,1224,370,21,./dataset/train/KITTI-17/img1/000022.jpg
3732,6,KITTI-17,1224,370,22,./dataset/train/KITTI-17/img1/000023.jpg
3733,6,KITTI-17,1224,370,23,./dataset/train/KITTI-17/img1/000024.jpg
3734,6,KITTI-17,1224,370,24,./dataset/train/KITTI-17/img1/000025.jpg
3735,6,KITTI-17,1224,370,25,./dataset/train/KITTI-17/img1/000026.jpg
3736,6,KITTI-17,1224,370,26,./dataset/train/KITTI-17/img1/000027.jpg
3737,6,KITTI-17,1224,370,27,./dataset/train/KITTI-17/img1/000028.jpg
3738,6,KITTI-17,1224,370,28,./dataset/train/KITTI-17/img1/000029.jpg
3739,6,KITTI-17,1224,370,29,./dataset/train/KITTI-17/img1/000030.jpg
3740,6,KITTI-17,1224,370,30,./dataset/train/KITTI-17/img1/000031.jpg
3741,6,KITTI-17,1224,370,31,./dataset/train/KITTI-17/img1/000032.jpg
3742,6,KITTI-17,1224,370,32,./dataset/train/KITTI-17/img1/000033.jpg
3743,6,KITTI-17,1224,370,33,./dataset/train/KITTI-17/img1/000034.jpg
3744,6,KITTI-17,1224,370,34,./dataset/train/KITTI-17/img1/000035.jpg
3745,6,KITTI-17,1224,370,35,./dataset/train/KITTI-17/img1/000036.jpg
3746,6,KITTI-17,1224,370,36,./dataset/train/KITTI-17/img1/000037.jpg
3747,6,KITTI-17,1224,370,37,./dataset/train/KITTI-17/img1/000038.jpg
3748,6,KITTI-17,1224,370,38,./dataset/train/KITTI-17/img1/000039.jpg
3749,6,KITTI-17,1224,370,39,./dataset/train/KITTI-17/img1/000040.jpg
3750,6,KITTI-17,1224,370,40,./dataset/train/KITTI-17/img1/000041.jpg
3751,6,KITTI-17,1224,370,41,./dataset/train/KITTI-17/img1/000042.jpg
3752,6,KITTI-17,1224,370,42,./dataset/train/KITTI-17/img1/000043.jpg
3753,6,KITTI-17,1224,370,43,./dataset/train/KITTI-17/img1/000044.jpg
3754,6,KITTI-17,1224,370,44,./dataset/train/KITTI-17/img1/000045.jpg
3755,6,KITTI-17,1224,370,45,./dataset/train/KITTI-17/img1/000046.jpg
3756,6,KITTI-17,1224,370,46,./dataset/train/KITTI-17/img1/000047.jpg
3757,6,KITTI-17,1224,370,47,./dataset/train/KITTI-17/img1/000048.jpg
3758,6,KITTI-17,1224,370,48,./dataset/train/KITTI-17/img1/000049.jpg
3759,6,KITTI-17,1224,370,49,./dataset/train/KITTI-17/img1/000050.jpg
3760,6,KITTI-17,1224,370,50,./dataset/train/KITTI-17/img1/000051.jpg
3761,6,KITTI-17,1224,370,51,./dataset/train/KITTI-17/img1/000052.jpg
3762,6,KITTI-17,1224,370,52,./dataset/train/KITTI-17/img1/000053.jpg
3763,6,KITTI-17,1224,370,53,./dataset/train/KITTI-17/img1/000054.jpg
3764,6,KITTI-17,1224,370,54,./dataset/train/KITTI-17/img1/000055.jpg
3765,6,KITTI-17,1224,370,55,./dataset/train/KITTI-17/img1/000056.jpg
3766,6,KITTI-17,1224,370,56,./dataset/train/KITTI-17/img1/000057.jpg
3767,6,KITTI-17,1224,370,57,./dataset/train/KITTI-17/img1/000058.jpg
3768,6,KITTI-17,1224,370,58,./dataset/train/KITTI-17/img1/000059.jpg
3769,6,KITTI-17,1224,370,59,./dataset/train/KITTI-17/img1/000060.jpg
3770,6,KITTI-17,1224,370,60,./dataset/train/KITTI-17/img1/000061.jpg
3771,6,KITTI-17,1224,370,61,./dataset/train/KITTI-17/img1/000062.jpg
3772,6,KITTI-17,1224,370,62,./dataset/train/KITTI-17/img1/000063.jpg
3773,6,KITTI-17,1224,370,63,./dataset/train/KITTI-17/img1/000064.jpg
3774,6,KITTI-17,1224,370,64,./dataset/train/KITTI-17/img1/000065.jpg
3775,6,KITTI-17,1224,370,65,./dataset/train/KITTI-17/img1/000066.jpg
3776,6,KITTI-17,1224,370,66,./dataset/train/KITTI-17/img1/000067.jpg
3777,6,KITTI-17,1224,370,67,./dataset/train/KITTI-17/img1/000068.jpg
3778,6,KITTI-17,1224,370,68,./dataset/train/KITTI-17/img1/000069.jpg
3779,6,KITTI-17,1224,370,69,./dataset/train/KITTI-17/img1/000070.jpg
3780,6,KITTI-17,1224,370,70,./dataset/train/KITTI-17/img1/000071.jpg
3781,6,KITTI-17,1224,370,71,./dataset/train/KITTI-17/img1/000072.jpg
3782,6,KITTI-17,1224,370,72,./dataset/train/KITTI-17/img1/000073.jpg
3783,6,KITTI-17,1224,370,73,./dataset/train/KITTI-17/img1/000074.jpg
3784,6,KITTI-17,1224,370,74,./dataset/train/KITTI-17/img1/000075.jpg
3785,6,KITTI-17,1224,370,75,./dataset/train/KITTI-17/img1/000076.jpg
3786,6,KITTI-17,1224,370,76,./dataset/train/KITTI-17/img1/000077.jpg
3787,6,KITTI-17,1224,370,77,./dataset/train/KITTI-17/img1/000078.jpg
3788,6,KITTI-17,1224,370,78,./dataset/train/KITTI-17/img1/000079.jpg
3789,6,KITTI-17,1224,370,79,./dataset/train/KITTI-17/img1/000080.jpg
3790,6,KITTI-17,1224,370,80,./dataset/train/KITTI-17/img1/000081.jpg
3791,6,KITTI-17,1224,370,81,./dataset/train/KITTI-17/img1/000082.jpg
3792,6,KITTI-17,1224,370,82,./dataset/train/KITTI-17/img1/000083.jpg
3793,6,KITTI-17,1224,370,83,./dataset/train/KITTI-17/img1/000084.jpg
3794,6,KITTI-17,1224,370,84,./dataset/train/KITTI-17/img1/000085.jpg
3795,6,KITTI-17,1224,370,85,./dataset/train/KITTI-17/img1/000086.jpg
3796,6,KITTI-17,1224,370,86,./dataset/train/KITTI-17/img1/000087.jpg
3797,6,KITTI-17,1224,370,87,./dataset/train/KITTI-17/img1/000088.jpg
3798,6,KITTI-17,1224,370,88,./dataset/train/KITTI-17/img1/000089.jpg
3799,6,KITTI-17,1224,370,89,./dataset/train/KITTI-17/img1/000090.jpg
3800,6,KITTI-17,1224,370,90,./dataset/train/KITTI-17/img1/000091.jpg
3801,6,KITTI-17,1224,370,91,./dataset/train/KITTI-17/img1/000092.jpg
3802,6,KITTI-17,1224,370,92,./dataset/train/KITTI-17/img1/000093.jpg
3803,6,KITTI-17,1224,370,93,./dataset/train/KITTI-17/img1/000094.jpg
3804,6,KITTI-17,1224,370,94,./dataset/train/KITTI-17/img1/000095.jpg
3805,6,KITTI-17,1224,370,95,./dataset/train/KITTI-17/img1/000096.jpg
3806,6,KITTI-17,1224,370,96,./dataset/train/KITTI-17/img1/000097.jpg
3807,6,KITTI-17,1224,370,97,./dataset/train/KITTI-17/img1/000098.jpg
3808,6,KITTI-17,1224,370,98,./dataset/train/KITTI-17/img1/000099.jpg
3809,6,KITTI-17,1224,370,99,./dataset/train/KITTI-17/img1/000100.jpg
3810,6,KITTI-17,1224,370,100,./dataset/train/KITTI-17/img1/000101.jpg
3811,6,KITTI-17,1224,370,101,./dataset/train/KITTI-17/img1/000102.jpg
3812,6,KITTI-17,1224,370,102,./dataset/train/KITTI-17/img1/000103.jpg
3813,6,KITTI-17,1224,370,103,./dataset/train/KITTI-17/img1/000104.jpg
3814,6,KITTI-17,1224,370,104,./dataset/train/KITTI-17/img1/000105.jpg
3815,6,KITTI-17,1224,370,105,./dataset/train/KITTI-17/img1/000106.jpg
3816,6,KITTI-17,1224,370,106,./dataset/train/KITTI-17/img1/000107.jpg
3817,6,KITTI-17,1224,370,107,./dataset/train/KITTI-17/img1/000108.jpg
3818,6,KITTI-17,1224,370,108,./dataset/train/KITTI-17/img1/000109.jpg
3819,6,KITTI-17,1224,370,109,./dataset/train/KITTI-17/img1/000110.jpg
3820,6,KITTI-17,1224,370,110,./dataset/train/KITTI-17/img1/000111.jpg
3821,6,KITTI-17,1224,370,111,./dataset/train/KITTI-17/img1/000112.jpg
3822,6,KITTI-17,1224,370,112,./dataset/train/KITTI-17/img1/000113.jpg
3823,6,KITTI-17,1224,370,113,./dataset/train/KITTI-17/img1/000114.jpg
3824,6,KITTI-17,1224,370,114,./dataset/train/KITTI-17/img1/000115.jpg
3825,6,KITTI-17,1224,370,115,./dataset/train/KITTI-17/img1/000116.jpg
3826,6,KITTI-17,1224,370,116,./dataset/train/KITTI-17/img1/000117.jpg
3827,6,KITTI-17,1224,370,117,./dataset/train/KITTI-17/img1/000118.jpg
3828,6,KITTI-17,1224,370,118,./dataset/train/KITTI-17/img1/000119.jpg
3829,6,KITTI-17,1224,370,119,./dataset/train/KITTI-17/img1/000120.jpg
3830,6,KITTI-17,1224,370,120,./dataset/train/KITTI-17/img1/000121.jpg
3831,6,KITTI-17,1224,370,121,./dataset/train/KITTI-17/img1/000122.jpg
3832,6,KITTI-17,1224,370,122,./dataset/train/KITTI-17/img1/000123.jpg
3833,6,KITTI-17,1224,370,123,./dataset/train/KITTI-17/img1/000124.jpg
3834,6,KITTI-17,1224,370,124,./dataset/train/KITTI-17/img1/000125.jpg
3835,6,KITTI-17,1224,370,125,./dataset/train/KITTI-17/img1/000126.jpg
3836,6,KITTI-17,1224,370,126,./dataset/train/KITTI-17/img1/000127.jpg
3837,6,KITTI-17,1224,370,127,./dataset/train/KITTI-17/img1/000128.jpg
3838,6,KITTI-17,1224,370,128,./dataset/train/KITTI-17/img1/000129.jpg
3839,6,KITTI-17,1224,370,129,./dataset/train/KITTI-17/img1/000130.jpg
3840,6,KITTI-17,1224,370,130,./dataset/train/KITTI-17/img1/000131.jpg
3841,6,KITTI-17,1224,370,131,./dataset/train/KITTI-17/img1/000132.jpg
3842,6,KITTI-17,1224,370,132,./dataset/train/KITTI-17/img1/000133.jpg
3843,6,KITTI-17,1224,370,133,./dataset/train/KITTI-17/img1/000134.jpg
3844,6,KITTI-17,1224,370,134,./dataset/train/KITTI-17/img1/000135.jpg
3845,6,KITTI-17,1224,370,135,./dataset/train/KITTI-17/img1/000136.jpg
3846,6,KITTI-17,1224,370,136,./dataset/train/KITTI-17/img1/000137.jpg
3847,6,KITTI-17,1224,370,137,./dataset/train/KITTI-17/img1/000138.jpg
3848,6,KITTI-17,1224,370,138,./dataset/train/KITTI-17/img1/000139.jpg
3849,6,KITTI-17,1224,370,139,./dataset/train/KITTI-17/img1/000140.jpg
3850,6,KITTI-17,1224,370,140,./dataset/train/KITTI-17/img1/000141.jpg
3851,6,KITTI-17,1224,370,141,./dataset/train/KITTI-17/img1/000142.jpg
3852,6,KITTI-17,1224,370,142,./dataset/train/KITTI-17/img1/000143.jpg
3853,6,KITTI-17,1224,370,143,./dataset/train/KITTI-17/img1/000144.jpg
3854,6,KITTI-17,1224,370,144,./dataset/train/KITTI-17/img1/000145.jpg
3855,7,PETS09-S2L1,768,576,0,./dataset/train/PETS09-S2L1/img1/000001.jpg
3856,7,PETS09-S2L1,768,576,1,./dataset/train/PETS09-S2L1/img1/000002.jpg
3857,7,PETS09-S2L1,768,576,2,./dataset/train/PETS09-S2L1/img1/000003.jpg
3858,7,PETS09-S2L1,768,576,3,./dataset/train/PETS09-S2L1/img1/000004.jpg
3859,7,PETS09-S2L1,768,576,4,./dataset/train/PETS09-S2L1/img1/000005.jpg
3860,7,PETS09-S2L1,768,576,5,./dataset/train/PETS09-S2L1/img1/000006.jpg
3861,7,PETS09-S2L1,768,576,6,./dataset/train/PETS09-S2L1/img1/000007.jpg
3862,7,PETS09-S2L1,768,576,7,./dataset/train/PETS09-S2L1/img1/000008.jpg
3863,7,PETS09-S2L1,768,576,8,./dataset/train/PETS09-S2L1/img1/000009.jpg
3864,7,PETS09-S2L1,768,576,9,./dataset/train/PETS09-S2L1/img1/000010.jpg
3865,7,PETS09-S2L1,768,576,10,./dataset/train/PETS09-S2L1/img1/000011.jpg
3866,7,PETS09-S2L1,768,576,11,./dataset/train/PETS09-S2L1/img1/000012.jpg
3867,7,PETS09-S2L1,768,576,12,./dataset/train/PETS09-S2L1/img1/000013.jpg
3868,7,PETS09-S2L1,768,576,13,./dataset/train/PETS09-S2L1/img1/000014.jpg
3869,7,PETS09-S2L1,768,576,14,./dataset/train/PETS09-S2L1/img1/000015.jpg
3870,7,PETS09-S2L1,768,576,15,./dataset/train/PETS09-S2L1/img1/000016.jpg
3871,7,PETS09-S2L1,768,576,16,./dataset/train/PETS09-S2L1/img1/000017.jpg
3872,7,PETS09-S2L1,768,576,17,./dataset/train/PETS09-S2L1/img1/000018.jpg
3873,7,PETS09-S2L1,768,576,18,./dataset/train/PETS09-S2L1/img1/000019.jpg
3874,7,PETS09-S2L1,768,576,19,./dataset/train/PETS09-S2L1/img1/000020.jpg
3875,7,PETS09-S2L1,768,576,20,./dataset/train/PETS09-S2L1/img1/000021.jpg
3876,7,PETS09-S2L1,768,576,21,./dataset/train/PETS09-S2L1/img1/000022.jpg
3877,7,PETS09-S2L1,768,576,22,./dataset/train/PETS09-S2L1/img1/000023.jpg
3878,7,PETS09-S2L1,768,576,23,./dataset/train/PETS09-S2L1/img1/000024.jpg
3879,7,PETS09-S2L1,768,576,24,./dataset/train/PETS09-S2L1/img1/000025.jpg
3880,7,PETS09-S2L1,768,576,25,./dataset/train/PETS09-S2L1/img1/000026.jpg
3881,7,PETS09-S2L1,768,576,26,./dataset/train/PETS09-S2L1/img1/000027.jpg
3882,7,PETS09-S2L1,768,576,27,./dataset/train/PETS09-S2L1/img1/000028.jpg
3883,7,PETS09-S2L1,768,576,28,./dataset/train/PETS09-S2L1/img1/000029.jpg
3884,7,PETS09-S2L1,768,576,29,./dataset/train/PETS09-S2L1/img1/000030.jpg
3885,7,PETS09-S2L1,768,576,30,./dataset/train/PETS09-S2L1/img1/000031.jpg
3886,7,PETS09-S2L1,768,576,31,./dataset/train/PETS09-S2L1/img1/000032.jpg
3887,7,PETS09-S2L1,768,576,32,./dataset/train/PETS09-S2L1/img1/000033.jpg
3888,7,PETS09-S2L1,768,576,33,./dataset/train/PETS09-S2L1/img1/000034.jpg
3889,7,PETS09-S2L1,768,576,34,./dataset/train/PETS09-S2L1/img1/000035.jpg
3890,7,PETS09-S2L1,768,576,35,./dataset/train/PETS09-S2L1/img1/000036.jpg
3891,7,PETS09-S2L1,768,576,36,./dataset/train/PETS09-S2L1/img1/000037.jpg
3892,7,PETS09-S2L1,768,576,37,./dataset/train/PETS09-S2L1/img1/000038.jpg
3893,7,PETS09-S2L1,768,576,38,./dataset/train/PETS09-S2L1/img1/000039.jpg
3894,7,PETS09-S2L1,768,576,39,./dataset/train/PETS09-S2L1/img1/000040.jpg
3895,7,PETS09-S2L1,768,576,40,./dataset/train/PETS09-S2L1/img1/000041.jpg
3896,7,PETS09-S2L1,768,576,41,./dataset/train/PETS09-S2L1/img1/000042.jpg
3897,7,PETS09-S2L1,768,576,42,./dataset/train/PETS09-S2L1/img1/000043.jpg
3898,7,PETS09-S2L1,768,576,43,./dataset/train/PETS09-S2L1/img1/000044.jpg
3899,7,PETS09-S2L1,768,576,44,./dataset/train/PETS09-S2L1/img1/000045.jpg
3900,7,PETS09-S2L1,768,576,45,./dataset/train/PETS09-S2L1/img1/000046.jpg
3901,7,PETS09-S2L1,768,576,46,./dataset/train/PETS09-S2L1/img1/000047.jpg
3902,7,PETS09-S2L1,768,576,47,./dataset/train/PETS09-S2L1/img1/000048.jpg
3903,7,PETS09-S2L1,768,576,48,./dataset/train/PETS09-S2L1/img1/000049.jpg
3904,7,PETS09-S2L1,768,576,49,./dataset/train/PETS09-S2L1/img1/000050.jpg
3905,7,PETS09-S2L1,768,576,50,./dataset/train/PETS09-S2L1/img1/000051.jpg
3906,7,PETS09-S2L1,768,576,51,./dataset/train/PETS09-S2L1/img1/000052.jpg
3907,7,PETS09-S2L1,768,576,52,./dataset/train/PETS09-S2L1/img1/000053.jpg
3908,7,PETS09-S2L1,768,576,53,./dataset/train/PETS09-S2L1/img1/000054.jpg
3909,7,PETS09-S2L1,768,576,54,./dataset/train/PETS09-S2L1/img1/000055.jpg
3910,7,PETS09-S2L1,768,576,55,./dataset/train/PETS09-S2L1/img1/000056.jpg
3911,7,PETS09-S2L1,768,576,56,./dataset/train/PETS09-S2L1/img1/000057.jpg
3912,7,PETS09-S2L1,768,576,57,./dataset/train/PETS09-S2L1/img1/000058.jpg
3913,7,PETS09-S2L1,768,576,58,./dataset/train/PETS09-S2L1/img1/000059.jpg
3914,7,PETS09-S2L1,768,576,59,./dataset/train/PETS09-S2L1/img1/000060.jpg
3915,7,PETS09-S2L1,768,576,60,./dataset/train/PETS09-S2L1/img1/000061.jpg
3916,7,PETS09-S2L1,768,576,61,./dataset/train/PETS09-S2L1/img1/000062.jpg
3917,7,PETS09-S2L1,768,576,62,./dataset/train/PETS09-S2L1/img1/000063.jpg
3918,7,PETS09-S2L1,768,576,63,./dataset/train/PETS09-S2L1/img1/000064.jpg
3919,7,PETS09-S2L1,768,576,64,./dataset/train/PETS09-S2L1/img1/000065.jpg
3920,7,PETS09-S2L1,768,576,65,./dataset/train/PETS09-S2L1/img1/000066.jpg
3921,7,PETS09-S2L1,768,576,66,./dataset/train/PETS09-S2L1/img1/000067.jpg
3922,7,PETS09-S2L1,768,576,67,./dataset/train/PETS09-S2L1/img1/000068.jpg
3923,7,PETS09-S2L1,768,576,68,./dataset/train/PETS09-S2L1/img1/000069.jpg
3924,7,PETS09-S2L1,768,576,69,./dataset/train/PETS09-S2L1/img1/000070.jpg
3925,7,PETS09-S2L1,768,576,70,./dataset/train/PETS09-S2L1/img1/000071.jpg
3926,7,PETS09-S2L1,768,576,71,./dataset/train/PETS09-S2L1/img1/000072.jpg
3927,7,PETS09-S2L1,768,576,72,./dataset/train/PETS09-S2L1/img1/000073.jpg
3928,7,PETS09-S2L1,768,576,73,./dataset/train/PETS09-S2L1/img1/000074.jpg
3929,7,PETS09-S2L1,768,576,74,./dataset/train/PETS09-S2L1/img1/000075.jpg
3930,7,PETS09-S2L1,768,576,75,./dataset/train/PETS09-S2L1/img1/000076.jpg
3931,7,PETS09-S2L1,768,576,76,./dataset/train/PETS09-S2L1/img1/000077.jpg
3932,7,PETS09-S2L1,768,576,77,./dataset/train/PETS09-S2L1/img1/000078.jpg
3933,7,PETS09-S2L1,768,576,78,./dataset/train/PETS09-S2L1/img1/000079.jpg
3934,7,PETS09-S2L1,768,576,79,./dataset/train/PETS09-S2L1/img1/000080.jpg
3935,7,PETS09-S2L1,768,576,80,./dataset/train/PETS09-S2L1/img1/000081.jpg
3936,7,PETS09-S2L1,768,576,81,./dataset/train/PETS09-S2L1/img1/000082.jpg
3937,7,PETS09-S2L1,768,576,82,./dataset/train/PETS09-S2L1/img1/000083.jpg
3938,7,PETS09-S2L1,768,576,83,./dataset/train/PETS09-S2L1/img1/000084.jpg
3939,7,PETS09-S2L1,768,576,84,./dataset/train/PETS09-S2L1/img1/000085.jpg
3940,7,PETS09-S2L1,768,576,85,./dataset/train/PETS09-S2L1/img1/000086.jpg
3941,7,PETS09-S2L1,768,576,86,./dataset/train/PETS09-S2L1/img1/000087.jpg
3942,7,PETS09-S2L1,768,576,87,./dataset/train/PETS09-S2L1/img1/000088.jpg
3943,7,PETS09-S2L1,768,576,88,./dataset/train/PETS09-S2L1/img1/000089.jpg
3944,7,PETS09-S2L1,768,576,89,./dataset/train/PETS09-S2L1/img1/000090.jpg
3945,7,PETS09-S2L1,768,576,90,./dataset/train/PETS09-S2L1/img1/000091.jpg
3946,7,PETS09-S2L1,768,576,91,./dataset/train/PETS09-S2L1/img1/000092.jpg
3947,7,PETS09-S2L1,768,576,92,./dataset/train/PETS09-S2L1/img1/000093.jpg
3948,7,PETS09-S2L1,768,576,93,./dataset/train/PETS09-S2L1/img1/000094.jpg
3949,7,PETS09-S2L1,768,576,94,./dataset/train/PETS09-S2L1/img1/000095.jpg
3950,7,PETS09-S2L1,768,576,95,./dataset/train/PETS09-S2L1/img1/000096.jpg
3951,7,PETS09-S2L1,768,576,96,./dataset/train/PETS09-S2L1/img1/000097.jpg
3952,7,PETS09-S2L1,768,576,97,./dataset/train/PETS09-S2L1/img1/000098.jpg
3953,7,PETS09-S2L1,768,576,98,./dataset/train/PETS09-S2L1/img1/000099.jpg
3954,7,PETS09-S2L1,768,576,99,./dataset/train/PETS09-S2L1/img1/000100.jpg
3955,7,PETS09-S2L1,768,576,100,./dataset/train/PETS09-S2L1/img1/000101.jpg
3956,7,PETS09-S2L1,768,576,101,./dataset/train/PETS09-S2L1/img1/000102.jpg
3957,7,PETS09-S2L1,768,576,102,./dataset/train/PETS09-S2L1/img1/000103.jpg
3958,7,PETS09-S2L1,768,576,103,./dataset/train/PETS09-S2L1/img1/000104.jpg
3959,7,PETS09-S2L1,768,576,104,./dataset/train/PETS09-S2L1/img1/000105.jpg
3960,7,PETS09-S2L1,768,576,105,./dataset/train/PETS09-S2L1/img1/000106.jpg
3961,7,PETS09-S2L1,768,576,106,./dataset/train/PETS09-S2L1/img1/000107.jpg
3962,7,PETS09-S2L1,768,576,107,./dataset/train/PETS09-S2L1/img1/000108.jpg
3963,7,PETS09-S2L1,768,576,108,./dataset/train/PETS09-S2L1/img1/000109.jpg
3964,7,PETS09-S2L1,768,576,109,./dataset/train/PETS09-S2L1/img1/000110.jpg
3965,7,PETS09-S2L1,768,576,110,./dataset/train/PETS09-S2L1/img1/000111.jpg
3966,7,PETS09-S2L1,768,576,111,./dataset/train/PETS09-S2L1/img1/000112.jpg
3967,7,PETS09-S2L1,768,576,112,./dataset/train/PETS09-S2L1/img1/000113.jpg
3968,7,PETS09-S2L1,768,576,113,./dataset/train/PETS09-S2L1/img1/000114.jpg
3969,7,PETS09-S2L1,768,576,114,./dataset/train/PETS09-S2L1/img1/000115.jpg
3970,7,PETS09-S2L1,768,576,115,./dataset/train/PETS09-S2L1/img1/000116.jpg
3971,7,PETS09-S2L1,768,576,116,./dataset/train/PETS09-S2L1/img1/000117.jpg
3972,7,PETS09-S2L1,768,576,117,./dataset/train/PETS09-S2L1/img1/000118.jpg
3973,7,PETS09-S2L1,768,576,118,./dataset/train/PETS09-S2L1/img1/000119.jpg
3974,7,PETS09-S2L1,768,576,119,./dataset/train/PETS09-S2L1/img1/000120.jpg
3975,7,PETS09-S2L1,768,576,120,./dataset/train/PETS09-S2L1/img1/000121.jpg
3976,7,PETS09-S2L1,768,576,121,./dataset/train/PETS09-S2L1/img1/000122.jpg
3977,7,PETS09-S2L1,768,576,122,./dataset/train/PETS09-S2L1/img1/000123.jpg
3978,7,PETS09-S2L1,768,576,123,./dataset/train/PETS09-S2L1/img1/000124.jpg
3979,7,PETS09-S2L1,768,576,124,./dataset/train/PETS09-S2L1/img1/000125.jpg
3980,7,PETS09-S2L1,768,576,125,./dataset/train/PETS09-S2L1/img1/000126.jpg
3981,7,PETS09-S2L1,768,576,126,./dataset/train/PETS09-S2L1/img1/000127.jpg
3982,7,PETS09-S2L1,768,576,127,./dataset/train/PETS09-S2L1/img1/000128.jpg
3983,7,PETS09-S2L1,768,576,128,./dataset/train/PETS09-S2L1/img1/000129.jpg
3984,7,PETS09-S2L1,768,576,129,./dataset/train/PETS09-S2L1/img1/000130.jpg
3985,7,PETS09-S2L1,768,576,130,./dataset/train/PETS09-S2L1/img1/000131.jpg
3986,7,PETS09-S2L1,768,576,131,./dataset/train/PETS09-S2L1/img1/000132.jpg
3987,7,PETS09-S2L1,768,576,132,./dataset/train/PETS09-S2L1/img1/000133.jpg
3988,7,PETS09-S2L1,768,576,133,./dataset/train/PETS09-S2L1/img1/000134.jpg
3989,7,PETS09-S2L1,768,576,134,./dataset/train/PETS09-S2L1/img1/000135.jpg
3990,7,PETS09-S2L1,768,576,135,./dataset/train/PETS09-S2L1/img1/000136.jpg
3991,7,PETS09-S2L1,768,576,136,./dataset/train/PETS09-S2L1/img1/000137.jpg
3992,7,PETS09-S2L1,768,576,137,./dataset/train/PETS09-S2L1/img1/000138.jpg
3993,7,PETS09-S2L1,768,576,138,./dataset/train/PETS09-S2L1/img1/000139.jpg
3994,7,PETS09-S2L1,768,576,139,./dataset/train/PETS09-S2L1/img1/000140.jpg
3995,7,PETS09-S2L1,768,576,140,./dataset/train/PETS09-S2L1/img1/000141.jpg
3996,7,PETS09-S2L1,768,576,141,./dataset/train/PETS09-S2L1/img1/000142.jpg
3997,7,PETS09-S2L1,768,576,142,./dataset/train/PETS09-S2L1/img1/000143.jpg
3998,7,PETS09-S2L1,768,576,143,./dataset/train/PETS09-S2L1/img1/000144.jpg
3999,7,PETS09-S2L1,768,576,144,./dataset/train/PETS09-S2L1/img1/000145.jpg
4000,7,PETS09-S2L1,768,576,145,./dataset/train/PETS09-S2L1/img1/000146.jpg
4001,7,PETS09-S2L1,768,576,146,./dataset/train/PETS09-S2L1/img1/000147.jpg
4002,7,PETS09-S2L1,768,576,147,./dataset/train/PETS09-S2L1/img1/000148.jpg
4003,7,PETS09-S2L1,768,576,148,./dataset/train/PETS09-S2L1/img1/000149.jpg
4004,7,PETS09-S2L1,768,576,149,./dataset/train/PETS09-S2L1/img1/000150.jpg
4005,7,PETS09-S2L1,768,576,150,./dataset/train/PETS09-S2L1/img1/000151.jpg
4006,7,PETS09-S2L1,768,576,151,./dataset/train/PETS09-S2L1/img1/000152.jpg
4007,7,PETS09-S2L1,768,576,152,./dataset/train/PETS09-S2L1/img1/000153.jpg
4008,7,PETS09-S2L1,768,576,153,./dataset/train/PETS09-S2L1/img1/000154.jpg
4009,7,PETS09-S2L1,768,576,154,./dataset/train/PETS09-S2L1/img1/000155.jpg
4010,7,PETS09-S2L1,768,576,155,./dataset/train/PETS09-S2L1/img1/000156.jpg
4011,7,PETS09-S2L1,768,576,156,./dataset/train/PETS09-S2L1/img1/000157.jpg
4012,7,PETS09-S2L1,768,576,157,./dataset/train/PETS09-S2L1/img1/000158.jpg
4013,7,PETS09-S2L1,768,576,158,./dataset/train/PETS09-S2L1/img1/000159.jpg
4014,7,PETS09-S2L1,768,576,159,./dataset/train/PETS09-S2L1/img1/000160.jpg
4015,7,PETS09-S2L1,768,576,160,./dataset/train/PETS09-S2L1/img1/000161.jpg
4016,7,PETS09-S2L1,768,576,161,./dataset/train/PETS09-S2L1/img1/000162.jpg
4017,7,PETS09-S2L1,768,576,162,./dataset/train/PETS09-S2L1/img1/000163.jpg
4018,7,PETS09-S2L1,768,576,163,./dataset/train/PETS09-S2L1/img1/000164.jpg
4019,7,PETS09-S2L1,768,576,164,./dataset/train/PETS09-S2L1/img1/000165.jpg
4020,7,PETS09-S2L1,768,576,165,./dataset/train/PETS09-S2L1/img1/000166.jpg
4021,7,PETS09-S2L1,768,576,166,./dataset/train/PETS09-S2L1/img1/000167.jpg
4022,7,PETS09-S2L1,768,576,167,./dataset/train/PETS09-S2L1/img1/000168.jpg
4023,7,PETS09-S2L1,768,576,168,./dataset/train/PETS09-S2L1/img1/000169.jpg
4024,7,PETS09-S2L1,768,576,169,./dataset/train/PETS09-S2L1/img1/000170.jpg
4025,7,PETS09-S2L1,768,576,170,./dataset/train/PETS09-S2L1/img1/000171.jpg
4026,7,PETS09-S2L1,768,576,171,./dataset/train/PETS09-S2L1/img1/000172.jpg
4027,7,PETS09-S2L1,768,576,172,./dataset/train/PETS09-S2L1/img1/000173.jpg
4028,7,PETS09-S2L1,768,576,173,./dataset/train/PETS09-S2L1/img1/000174.jpg
4029,7,PETS09-S2L1,768,576,174,./dataset/train/PETS09-S2L1/img1/000175.jpg
4030,7,PETS09-S2L1,768,576,175,./dataset/train/PETS09-S2L1/img1/000176.jpg
4031,7,PETS09-S2L1,768,576,176,./dataset/train/PETS09-S2L1/img1/000177.jpg
4032,7,PETS09-S2L1,768,576,177,./dataset/train/PETS09-S2L1/img1/000178.jpg
4033,7,PETS09-S2L1,768,576,178,./dataset/train/PETS09-S2L1/img1/000179.jpg
4034,7,PETS09-S2L1,768,576,179,./dataset/train/PETS09-S2L1/img1/000180.jpg
4035,7,PETS09-S2L1,768,576,180,./dataset/train/PETS09-S2L1/img1/000181.jpg
4036,7,PETS09-S2L1,768,576,181,./dataset/train/PETS09-S2L1/img1/000182.jpg
4037,7,PETS09-S2L1,768,576,182,./dataset/train/PETS09-S2L1/img1/000183.jpg
4038,7,PETS09-S2L1,768,576,183,./dataset/train/PETS09-S2L1/img1/000184.jpg
4039,7,PETS09-S2L1,768,576,184,./dataset/train/PETS09-S2L1/img1/000185.jpg
4040,7,PETS09-S2L1,768,576,185,./dataset/train/PETS09-S2L1/img1/000186.jpg
4041,7,PETS09-S2L1,768,576,186,./dataset/train/PETS09-S2L1/img1/000187.jpg
4042,7,PETS09-S2L1,768,576,187,./dataset/train/PETS09-S2L1/img1/000188.jpg
4043,7,PETS09-S2L1,768,576,188,./dataset/train/PETS09-S2L1/img1/000189.jpg
4044,7,PETS09-S2L1,768,576,189,./dataset/train/PETS09-S2L1/img1/000190.jpg
4045,7,PETS09-S2L1,768,576,190,./dataset/train/PETS09-S2L1/img1/000191.jpg
4046,7,PETS09-S2L1,768,576,191,./dataset/train/PETS09-S2L1/img1/000192.jpg
4047,7,PETS09-S2L1,768,576,192,./dataset/train/PETS09-S2L1/img1/000193.jpg
4048,7,PETS09-S2L1,768,576,193,./dataset/train/PETS09-S2L1/img1/000194.jpg
4049,7,PETS09-S2L1,768,576,194,./dataset/train/PETS09-S2L1/img1/000195.jpg
4050,7,PETS09-S2L1,768,576,195,./dataset/train/PETS09-S2L1/img1/000196.jpg
4051,7,PETS09-S2L1,768,576,196,./dataset/train/PETS09-S2L1/img1/000197.jpg
4052,7,PETS09-S2L1,768,576,197,./dataset/train/PETS09-S2L1/img1/000198.jpg
4053,7,PETS09-S2L1,768,576,198,./dataset/train/PETS09-S2L1/img1/000199.jpg
4054,7,PETS09-S2L1,768,576,199,./dataset/train/PETS09-S2L1/img1/000200.jpg
4055,7,PETS09-S2L1,768,576,200,./dataset/train/PETS09-S2L1/img1/000201.jpg
4056,7,PETS09-S2L1,768,576,201,./dataset/train/PETS09-S2L1/img1/000202.jpg
4057,7,PETS09-S2L1,768,576,202,./dataset/train/PETS09-S2L1/img1/000203.jpg
4058,7,PETS09-S2L1,768,576,203,./dataset/train/PETS09-S2L1/img1/000204.jpg
4059,7,PETS09-S2L1,768,576,204,./dataset/train/PETS09-S2L1/img1/000205.jpg
4060,7,PETS09-S2L1,768,576,205,./dataset/train/PETS09-S2L1/img1/000206.jpg
4061,7,PETS09-S2L1,768,576,206,./dataset/train/PETS09-S2L1/img1/000207.jpg
4062,7,PETS09-S2L1,768,576,207,./dataset/train/PETS09-S2L1/img1/000208.jpg
4063,7,PETS09-S2L1,768,576,208,./dataset/train/PETS09-S2L1/img1/000209.jpg
4064,7,PETS09-S2L1,768,576,209,./dataset/train/PETS09-S2L1/img1/000210.jpg
4065,7,PETS09-S2L1,768,576,210,./dataset/train/PETS09-S2L1/img1/000211.jpg
4066,7,PETS09-S2L1,768,576,211,./dataset/train/PETS09-S2L1/img1/000212.jpg
4067,7,PETS09-S2L1,768,576,212,./dataset/train/PETS09-S2L1/img1/000213.jpg
4068,7,PETS09-S2L1,768,576,213,./dataset/train/PETS09-S2L1/img1/000214.jpg
4069,7,PETS09-S2L1,768,576,214,./dataset/train/PETS09-S2L1/img1/000215.jpg
4070,7,PETS09-S2L1,768,576,215,./dataset/train/PETS09-S2L1/img1/000216.jpg
4071,7,PETS09-S2L1,768,576,216,./dataset/train/PETS09-S2L1/img1/000217.jpg
4072,7,PETS09-S2L1,768,576,217,./dataset/train/PETS09-S2L1/img1/000218.jpg
4073,7,PETS09-S2L1,768,576,218,./dataset/train/PETS09-S2L1/img1/000219.jpg
4074,7,PETS09-S2L1,768,576,219,./dataset/train/PETS09-S2L1/img1/000220.jpg
4075,7,PETS09-S2L1,768,576,220,./dataset/train/PETS09-S2L1/img1/000221.jpg
4076,7,PETS09-S2L1,768,576,221,./dataset/train/PETS09-S2L1/img1/000222.jpg
4077,7,PETS09-S2L1,768,576,222,./dataset/train/PETS09-S2L1/img1/000223.jpg
4078,7,PETS09-S2L1,768,576,223,./dataset/train/PETS09-S2L1/img1/000224.jpg
4079,7,PETS09-S2L1,768,576,224,./dataset/train/PETS09-S2L1/img1/000225.jpg
4080,7,PETS09-S2L1,768,576,225,./dataset/train/PETS09-S2L1/img1/000226.jpg
4081,7,PETS09-S2L1,768,576,226,./dataset/train/PETS09-S2L1/img1/000227.jpg
4082,7,PETS09-S2L1,768,576,227,./dataset/train/PETS09-S2L1/img1/000228.jpg
4083,7,PETS09-S2L1,768,576,228,./dataset/train/PETS09-S2L1/img1/000229.jpg
4084,7,PETS09-S2L1,768,576,229,./dataset/train/PETS09-S2L1/img1/000230.jpg
4085,7,PETS09-S2L1,768,576,230,./dataset/train/PETS09-S2L1/img1/000231.jpg
4086,7,PETS09-S2L1,768,576,231,./dataset/train/PETS09-S2L1/img1/000232.jpg
4087,7,PETS09-S2L1,768,576,232,./dataset/train/PETS09-S2L1/img1/000233.jpg
4088,7,PETS09-S2L1,768,576,233,./dataset/train/PETS09-S2L1/img1/000234.jpg
4089,7,PETS09-S2L1,768,576,234,./dataset/train/PETS09-S2L1/img1/000235.jpg
4090,7,PETS09-S2L1,768,576,235,./dataset/train/PETS09-S2L1/img1/000236.jpg
4091,7,PETS09-S2L1,768,576,236,./dataset/train/PETS09-S2L1/img1/000237.jpg
4092,7,PETS09-S2L1,768,576,237,./dataset/train/PETS09-S2L1/img1/000238.jpg
4093,7,PETS09-S2L1,768,576,238,./dataset/train/PETS09-S2L1/img1/000239.jpg
4094,7,PETS09-S2L1,768,576,239,./dataset/train/PETS09-S2L1/img1/000240.jpg
4095,7,PETS09-S2L1,768,576,240,./dataset/train/PETS09-S2L1/img1/000241.jpg
4096,7,PETS09-S2L1,768,576,241,./dataset/train/PETS09-S2L1/img1/000242.jpg
4097,7,PETS09-S2L1,768,576,242,./dataset/train/PETS09-S2L1/img1/000243.jpg
4098,7,PETS09-S2L1,768,576,243,./dataset/train/PETS09-S2L1/img1/000244.jpg
4099,7,PETS09-S2L1,768,576,244,./dataset/train/PETS09-S2L1/img1/000245.jpg
4100,7,PETS09-S2L1,768,576,245,./dataset/train/PETS09-S2L1/img1/000246.jpg
4101,7,PETS09-S2L1,768,576,246,./dataset/train/PETS09-S2L1/img1/000247.jpg
4102,7,PETS09-S2L1,768,576,247,./dataset/train/PETS09-S2L1/img1/000248.jpg
4103,7,PETS09-S2L1,768,576,248,./dataset/train/PETS09-S2L1/img1/000249.jpg
4104,7,PETS09-S2L1,768,576,249,./dataset/train/PETS09-S2L1/img1/000250.jpg
4105,7,PETS09-S2L1,768,576,250,./dataset/train/PETS09-S2L1/img1/000251.jpg
4106,7,PETS09-S2L1,768,576,251,./dataset/train/PETS09-S2L1/img1/000252.jpg
4107,7,PETS09-S2L1,768,576,252,./dataset/train/PETS09-S2L1/img1/000253.jpg
4108,7,PETS09-S2L1,768,576,253,./dataset/train/PETS09-S2L1/img1/000254.jpg
4109,7,PETS09-S2L1,768,576,254,./dataset/train/PETS09-S2L1/img1/000255.jpg
4110,7,PETS09-S2L1,768,576,255,./dataset/train/PETS09-S2L1/img1/000256.jpg
4111,7,PETS09-S2L1,768,576,256,./dataset/train/PETS09-S2L1/img1/000257.jpg
4112,7,PETS09-S2L1,768,576,257,./dataset/train/PETS09-S2L1/img1/000258.jpg
4113,7,PETS09-S2L1,768,576,258,./dataset/train/PETS09-S2L1/img1/000259.jpg
4114,7,PETS09-S2L1,768,576,259,./dataset/train/PETS09-S2L1/img1/000260.jpg
4115,7,PETS09-S2L1,768,576,260,./dataset/train/PETS09-S2L1/img1/000261.jpg
4116,7,PETS09-S2L1,768,576,261,./dataset/train/PETS09-S2L1/img1/000262.jpg
4117,7,PETS09-S2L1,768,576,262,./dataset/train/PETS09-S2L1/img1/000263.jpg
4118,7,PETS09-S2L1,768,576,263,./dataset/train/PETS09-S2L1/img1/000264.jpg
4119,7,PETS09-S2L1,768,576,264,./dataset/train/PETS09-S2L1/img1/000265.jpg
4120,7,PETS09-S2L1,768,576,265,./dataset/train/PETS09-S2L1/img1/000266.jpg
4121,7,PETS09-S2L1,768,576,266,./dataset/train/PETS09-S2L1/img1/000267.jpg
4122,7,PETS09-S2L1,768,576,267,./dataset/train/PETS09-S2L1/img1/000268.jpg
4123,7,PETS09-S2L1,768,576,268,./dataset/train/PETS09-S2L1/img1/000269.jpg
4124,7,PETS09-S2L1,768,576,269,./dataset/train/PETS09-S2L1/img1/000270.jpg
4125,7,PETS09-S2L1,768,576,270,./dataset/train/PETS09-S2L1/img1/000271.jpg
4126,7,PETS09-S2L1,768,576,271,./dataset/train/PETS09-S2L1/img1/000272.jpg
4127,7,PETS09-S2L1,768,576,272,./dataset/train/PETS09-S2L1/img1/000273.jpg
4128,7,PETS09-S2L1,768,576,273,./dataset/train/PETS09-S2L1/img1/000274.jpg
4129,7,PETS09-S2L1,768,576,274,./dataset/train/PETS09-S2L1/img1/000275.jpg
4130,7,PETS09-S2L1,768,576,275,./dataset/train/PETS09-S2L1/img1/000276.jpg
4131,7,PETS09-S2L1,768,576,276,./dataset/train/PETS09-S2L1/img1/000277.jpg
4132,7,PETS09-S2L1,768,576,277,./dataset/train/PETS09-S2L1/img1/000278.jpg
4133,7,PETS09-S2L1,768,576,278,./dataset/train/PETS09-S2L1/img1/000279.jpg
4134,7,PETS09-S2L1,768,576,279,./dataset/train/PETS09-S2L1/img1/000280.jpg
4135,7,PETS09-S2L1,768,576,280,./dataset/train/PETS09-S2L1/img1/000281.jpg
4136,7,PETS09-S2L1,768,576,281,./dataset/train/PETS09-S2L1/img1/000282.jpg
4137,7,PETS09-S2L1,768,576,282,./dataset/train/PETS09-S2L1/img1/000283.jpg
4138,7,PETS09-S2L1,768,576,283,./dataset/train/PETS09-S2L1/img1/000284.jpg
4139,7,PETS09-S2L1,768,576,284,./dataset/train/PETS09-S2L1/img1/000285.jpg
4140,7,PETS09-S2L1,768,576,285,./dataset/train/PETS09-S2L1/img1/000286.jpg
4141,7,PETS09-S2L1,768,576,286,./dataset/train/PETS09-S2L1/img1/000287.jpg
4142,7,PETS09-S2L1,768,576,287,./dataset/train/PETS09-S2L1/img1/000288.jpg
4143,7,PETS09-S2L1,768,576,288,./dataset/train/PETS09-S2L1/img1/000289.jpg
4144,7,PETS09-S2L1,768,576,289,./dataset/train/PETS09-S2L1/img1/000290.jpg
4145,7,PETS09-S2L1,768,576,290,./dataset/train/PETS09-S2L1/img1/000291.jpg
4146,7,PETS09-S2L1,768,576,291,./dataset/train/PETS09-S2L1/img1/000292.jpg
4147,7,PETS09-S2L1,768,576,292,./dataset/train/PETS09-S2L1/img1/000293.jpg
4148,7,PETS09-S2L1,768,576,293,./dataset/train/PETS09-S2L1/img1/000294.jpg
4149,7,PETS09-S2L1,768,576,294,./dataset/train/PETS09-S2L1/img1/000295.jpg
4150,7,PETS09-S2L1,768,576,295,./dataset/train/PETS09-S2L1/img1/000296.jpg
4151,7,PETS09-S2L1,768,576,296,./dataset/train/PETS09-S2L1/img1/000297.jpg
4152,7,PETS09-S2L1,768,576,297,./dataset/train/PETS09-S2L1/img1/000298.jpg
4153,7,PETS09-S2L1,768,576,298,./dataset/train/PETS09-S2L1/img1/000299.jpg
4154,7,PETS09-S2L1,768,576,299,./dataset/train/PETS09-S2L1/img1/000300.jpg
4155,7,PETS09-S2L1,768,576,300,./dataset/train/PETS09-S2L1/img1/000301.jpg
4156,7,PETS09-S2L1,768,576,301,./dataset/train/PETS09-S2L1/img1/000302.jpg
4157,7,PETS09-S2L1,768,576,302,./dataset/train/PETS09-S2L1/img1/000303.jpg
4158,7,PETS09-S2L1,768,576,303,./dataset/train/PETS09-S2L1/img1/000304.jpg
4159,7,PETS09-S2L1,768,576,304,./dataset/train/PETS09-S2L1/img1/000305.jpg
4160,7,PETS09-S2L1,768,576,305,./dataset/train/PETS09-S2L1/img1/000306.jpg
4161,7,PETS09-S2L1,768,576,306,./dataset/train/PETS09-S2L1/img1/000307.jpg
4162,7,PETS09-S2L1,768,576,307,./dataset/train/PETS09-S2L1/img1/000308.jpg
4163,7,PETS09-S2L1,768,576,308,./dataset/train/PETS09-S2L1/img1/000309.jpg
4164,7,PETS09-S2L1,768,576,309,./dataset/train/PETS09-S2L1/img1/000310.jpg
4165,7,PETS09-S2L1,768,576,310,./dataset/train/PETS09-S2L1/img1/000311.jpg
4166,7,PETS09-S2L1,768,576,311,./dataset/train/PETS09-S2L1/img1/000312.jpg
4167,7,PETS09-S2L1,768,576,312,./dataset/train/PETS09-S2L1/img1/000313.jpg
4168,7,PETS09-S2L1,768,576,313,./dataset/train/PETS09-S2L1/img1/000314.jpg
4169,7,PETS09-S2L1,768,576,314,./dataset/train/PETS09-S2L1/img1/000315.jpg
4170,7,PETS09-S2L1,768,576,315,./dataset/train/PETS09-S2L1/img1/000316.jpg
4171,7,PETS09-S2L1,768,576,316,./dataset/train/PETS09-S2L1/img1/000317.jpg
4172,7,PETS09-S2L1,768,576,317,./dataset/train/PETS09-S2L1/img1/000318.jpg
4173,7,PETS09-S2L1,768,576,318,./dataset/train/PETS09-S2L1/img1/000319.jpg
4174,7,PETS09-S2L1,768,576,319,./dataset/train/PETS09-S2L1/img1/000320.jpg
4175,7,PETS09-S2L1,768,576,320,./dataset/train/PETS09-S2L1/img1/000321.jpg
4176,7,PETS09-S2L1,768,576,321,./dataset/train/PETS09-S2L1/img1/000322.jpg
4177,7,PETS09-S2L1,768,576,322,./dataset/train/PETS09-S2L1/img1/000323.jpg
4178,7,PETS09-S2L1,768,576,323,./dataset/train/PETS09-S2L1/img1/000324.jpg
4179,7,PETS09-S2L1,768,576,324,./dataset/train/PETS09-S2L1/img1/000325.jpg
4180,7,PETS09-S2L1,768,576,325,./dataset/train/PETS09-S2L1/img1/000326.jpg
4181,7,PETS09-S2L1,768,576,326,./dataset/train/PETS09-S2L1/img1/000327.jpg
4182,7,PETS09-S2L1,768,576,327,./dataset/train/PETS09-S2L1/img1/000328.jpg
4183,7,PETS09-S2L1,768,576,328,./dataset/train/PETS09-S2L1/img1/000329.jpg
4184,7,PETS09-S2L1,768,576,329,./dataset/train/PETS09-S2L1/img1/000330.jpg
4185,7,PETS09-S2L1,768,576,330,./dataset/train/PETS09-S2L1/img1/000331.jpg
4186,7,PETS09-S2L1,768,576,331,./dataset/train/PETS09-S2L1/img1/000332.jpg
4187,7,PETS09-S2L1,768,576,332,./dataset/train/PETS09-S2L1/img1/000333.jpg
4188,7,PETS09-S2L1,768,576,333,./dataset/train/PETS09-S2L1/img1/000334.jpg
4189,7,PETS09-S2L1,768,576,334,./dataset/train/PETS09-S2L1/img1/000335.jpg
4190,7,PETS09-S2L1,768,576,335,./dataset/train/PETS09-S2L1/img1/000336.jpg
4191,7,PETS09-S2L1,768,576,336,./dataset/train/PETS09-S2L1/img1/000337.jpg
4192,7,PETS09-S2L1,768,576,337,./dataset/train/PETS09-S2L1/img1/000338.jpg
4193,7,PETS09-S2L1,768,576,338,./dataset/train/PETS09-S2L1/img1/000339.jpg
4194,7,PETS09-S2L1,768,576,339,./dataset/train/PETS09-S2L1/img1/000340.jpg
4195,7,PETS09-S2L1,768,576,340,./dataset/train/PETS09-S2L1/img1/000341.jpg
4196,7,PETS09-S2L1,768,576,341,./dataset/train/PETS09-S2L1/img1/000342.jpg
4197,7,PETS09-S2L1,768,576,342,./dataset/train/PETS09-S2L1/img1/000343.jpg
4198,7,PETS09-S2L1,768,576,343,./dataset/train/PETS09-S2L1/img1/000344.jpg
4199,7,PETS09-S2L1,768,576,344,./dataset/train/PETS09-S2L1/img1/000345.jpg
4200,7,PETS09-S2L1,768,576,345,./dataset/train/PETS09-S2L1/img1/000346.jpg
4201,7,PETS09-S2L1,768,576,346,./dataset/train/PETS09-S2L1/img1/000347.jpg
4202,7,PETS09-S2L1,768,576,347,./dataset/train/PETS09-S2L1/img1/000348.jpg
4203,7,PETS09-S2L1,768,576,348,./dataset/train/PETS09-S2L1/img1/000349.jpg
4204,7,PETS09-S2L1,768,576,349,./dataset/train/PETS09-S2L1/img1/000350.jpg
4205,7,PETS09-S2L1,768,576,350,./dataset/train/PETS09-S2L1/img1/000351.jpg
4206,7,PETS09-S2L1,768,576,351,./dataset/train/PETS09-S2L1/img1/000352.jpg
4207,7,PETS09-S2L1,768,576,352,./dataset/train/PETS09-S2L1/img1/000353.jpg
4208,7,PETS09-S2L1,768,576,353,./dataset/train/PETS09-S2L1/img1/000354.jpg
4209,7,PETS09-S2L1,768,576,354,./dataset/train/PETS09-S2L1/img1/000355.jpg
4210,7,PETS09-S2L1,768,576,355,./dataset/train/PETS09-S2L1/img1/000356.jpg
4211,7,PETS09-S2L1,768,576,356,./dataset/train/PETS09-S2L1/img1/000357.jpg
4212,7,PETS09-S2L1,768,576,357,./dataset/train/PETS09-S2L1/img1/000358.jpg
4213,7,PETS09-S2L1,768,576,358,./dataset/train/PETS09-S2L1/img1/000359.jpg
4214,7,PETS09-S2L1,768,576,359,./dataset/train/PETS09-S2L1/img1/000360.jpg
4215,7,PETS09-S2L1,768,576,360,./dataset/train/PETS09-S2L1/img1/000361.jpg
4216,7,PETS09-S2L1,768,576,361,./dataset/train/PETS09-S2L1/img1/000362.jpg
4217,7,PETS09-S2L1,768,576,362,./dataset/train/PETS09-S2L1/img1/000363.jpg
4218,7,PETS09-S2L1,768,576,363,./dataset/train/PETS09-S2L1/img1/000364.jpg
4219,7,PETS09-S2L1,768,576,364,./dataset/train/PETS09-S2L1/img1/000365.jpg
4220,7,PETS09-S2L1,768,576,365,./dataset/train/PETS09-S2L1/img1/000366.jpg
4221,7,PETS09-S2L1,768,576,366,./dataset/train/PETS09-S2L1/img1/000367.jpg
4222,7,PETS09-S2L1,768,576,367,./dataset/train/PETS09-S2L1/img1/000368.jpg
4223,7,PETS09-S2L1,768,576,368,./dataset/train/PETS09-S2L1/img1/000369.jpg
4224,7,PETS09-S2L1,768,576,369,./dataset/train/PETS09-S2L1/img1/000370.jpg
4225,7,PETS09-S2L1,768,576,370,./dataset/train/PETS09-S2L1/img1/000371.jpg
4226,7,PETS09-S2L1,768,576,371,./dataset/train/PETS09-S2L1/img1/000372.jpg
4227,7,PETS09-S2L1,768,576,372,./dataset/train/PETS09-S2L1/img1/000373.jpg
4228,7,PETS09-S2L1,768,576,373,./dataset/train/PETS09-S2L1/img1/000374.jpg
4229,7,PETS09-S2L1,768,576,374,./dataset/train/PETS09-S2L1/img1/000375.jpg
4230,7,PETS09-S2L1,768,576,375,./dataset/train/PETS09-S2L1/img1/000376.jpg
4231,7,PETS09-S2L1,768,576,376,./dataset/train/PETS09-S2L1/img1/000377.jpg
4232,7,PETS09-S2L1,768,576,377,./dataset/train/PETS09-S2L1/img1/000378.jpg
4233,7,PETS09-S2L1,768,576,378,./dataset/train/PETS09-S2L1/img1/000379.jpg
4234,7,PETS09-S2L1,768,576,379,./dataset/train/PETS09-S2L1/img1/000380.jpg
4235,7,PETS09-S2L1,768,576,380,./dataset/train/PETS09-S2L1/img1/000381.jpg
4236,7,PETS09-S2L1,768,576,381,./dataset/train/PETS09-S2L1/img1/000382.jpg
4237,7,PETS09-S2L1,768,576,382,./dataset/train/PETS09-S2L1/img1/000383.jpg
4238,7,PETS09-S2L1,768,576,383,./dataset/train/PETS09-S2L1/img1/000384.jpg
4239,7,PETS09-S2L1,768,576,384,./dataset/train/PETS09-S2L1/img1/000385.jpg
4240,7,PETS09-S2L1,768,576,385,./dataset/train/PETS09-S2L1/img1/000386.jpg
4241,7,PETS09-S2L1,768,576,386,./dataset/train/PETS09-S2L1/img1/000387.jpg
4242,7,PETS09-S2L1,768,576,387,./dataset/train/PETS09-S2L1/img1/000388.jpg
4243,7,PETS09-S2L1,768,576,388,./dataset/train/PETS09-S2L1/img1/000389.jpg
4244,7,PETS09-S2L1,768,576,389,./dataset/train/PETS09-S2L1/img1/000390.jpg
4245,7,PETS09-S2L1,768,576,390,./dataset/train/PETS09-S2L1/img1/000391.jpg
4246,7,PETS09-S2L1,768,576,391,./dataset/train/PETS09-S2L1/img1/000392.jpg
4247,7,PETS09-S2L1,768,576,392,./dataset/train/PETS09-S2L1/img1/000393.jpg
4248,7,PETS09-S2L1,768,576,393,./dataset/train/PETS09-S2L1/img1/000394.jpg
4249,7,PETS09-S2L1,768,576,394,./dataset/train/PETS09-S2L1/img1/000395.jpg
4250,7,PETS09-S2L1,768,576,395,./dataset/train/PETS09-S2L1/img1/000396.jpg
4251,7,PETS09-S2L1,768,576,396,./dataset/train/PETS09-S2L1/img1/000397.jpg
4252,7,PETS09-S2L1,768,576,397,./dataset/train/PETS09-S2L1/img1/000398.jpg
4253,7,PETS09-S2L1,768,576,398,./dataset/train/PETS09-S2L1/img1/000399.jpg
4254,7,PETS09-S2L1,768,576,399,./dataset/train/PETS09-S2L1/img1/000400.jpg
4255,7,PETS09-S2L1,768,576,400,./dataset/train/PETS09-S2L1/img1/000401.jpg
4256,7,PETS09-S2L1,768,576,401,./dataset/train/PETS09-S2L1/img1/000402.jpg
4257,7,PETS09-S2L1,768,576,402,./dataset/train/PETS09-S2L1/img1/000403.jpg
4258,7,PETS09-S2L1,768,576,403,./dataset/train/PETS09-S2L1/img1/000404.jpg
4259,7,PETS09-S2L1,768,576,404,./dataset/train/PETS09-S2L1/img1/000405.jpg
4260,7,PETS09-S2L1,768,576,405,./dataset/train/PETS09-S2L1/img1/000406.jpg
4261,7,PETS09-S2L1,768,576,406,./dataset/train/PETS09-S2L1/img1/000407.jpg
4262,7,PETS09-S2L1,768,576,407,./dataset/train/PETS09-S2L1/img1/000408.jpg
4263,7,PETS09-S2L1,768,576,408,./dataset/train/PETS09-S2L1/img1/000409.jpg
4264,7,PETS09-S2L1,768,576,409,./dataset/train/PETS09-S2L1/img1/000410.jpg
4265,7,PETS09-S2L1,768,576,410,./dataset/train/PETS09-S2L1/img1/000411.jpg
4266,7,PETS09-S2L1,768,576,411,./dataset/train/PETS09-S2L1/img1/000412.jpg
4267,7,PETS09-S2L1,768,576,412,./dataset/train/PETS09-S2L1/img1/000413.jpg
4268,7,PETS09-S2L1,768,576,413,./dataset/train/PETS09-S2L1/img1/000414.jpg
4269,7,PETS09-S2L1,768,576,414,./dataset/train/PETS09-S2L1/img1/000415.jpg
4270,7,PETS09-S2L1,768,576,415,./dataset/train/PETS09-S2L1/img1/000416.jpg
4271,7,PETS09-S2L1,768,576,416,./dataset/train/PETS09-S2L1/img1/000417.jpg
4272,7,PETS09-S2L1,768,576,417,./dataset/train/PETS09-S2L1/img1/000418.jpg
4273,7,PETS09-S2L1,768,576,418,./dataset/train/PETS09-S2L1/img1/000419.jpg
4274,7,PETS09-S2L1,768,576,419,./dataset/train/PETS09-S2L1/img1/000420.jpg
4275,7,PETS09-S2L1,768,576,420,./dataset/train/PETS09-S2L1/img1/000421.jpg
4276,7,PETS09-S2L1,768,576,421,./dataset/train/PETS09-S2L1/img1/000422.jpg
4277,7,PETS09-S2L1,768,576,422,./dataset/train/PETS09-S2L1/img1/000423.jpg
4278,7,PETS09-S2L1,768,576,423,./dataset/train/PETS09-S2L1/img1/000424.jpg
4279,7,PETS09-S2L1,768,576,424,./dataset/train/PETS09-S2L1/img1/000425.jpg
4280,7,PETS09-S2L1,768,576,425,./dataset/train/PETS09-S2L1/img1/000426.jpg
4281,7,PETS09-S2L1,768,576,426,./dataset/train/PETS09-S2L1/img1/000427.jpg
4282,7,PETS09-S2L1,768,576,427,./dataset/train/PETS09-S2L1/img1/000428.jpg
4283,7,PETS09-S2L1,768,576,428,./dataset/train/PETS09-S2L1/img1/000429.jpg
4284,7,PETS09-S2L1,768,576,429,./dataset/train/PETS09-S2L1/img1/000430.jpg
4285,7,PETS09-S2L1,768,576,430,./dataset/train/PETS09-S2L1/img1/000431.jpg
4286,7,PETS09-S2L1,768,576,431,./dataset/train/PETS09-S2L1/img1/000432.jpg
4287,7,PETS09-S2L1,768,576,432,./dataset/train/PETS09-S2L1/img1/000433.jpg
4288,7,PETS09-S2L1,768,576,433,./dataset/train/PETS09-S2L1/img1/000434.jpg
4289,7,PETS09-S2L1,768,576,434,./dataset/train/PETS09-S2L1/img1/000435.jpg
4290,7,PETS09-S2L1,768,576,435,./dataset/train/PETS09-S2L1/img1/000436.jpg
4291,7,PETS09-S2L1,768,576,436,./dataset/train/PETS09-S2L1/img1/000437.jpg
4292,7,PETS09-S2L1,768,576,437,./dataset/train/PETS09-S2L1/img1/000438.jpg
4293,7,PETS09-S2L1,768,576,438,./dataset/train/PETS09-S2L1/img1/000439.jpg
4294,7,PETS09-S2L1,768,576,439,./dataset/train/PETS09-S2L1/img1/000440.jpg
4295,7,PETS09-S2L1,768,576,440,./dataset/train/PETS09-S2L1/img1/000441.jpg
4296,7,PETS09-S2L1,768,576,441,./dataset/train/PETS09-S2L1/img1/000442.jpg
4297,7,PETS09-S2L1,768,576,442,./dataset/train/PETS09-S2L1/img1/000443.jpg
4298,7,PETS09-S2L1,768,576,443,./dataset/train/PETS09-S2L1/img1/000444.jpg
4299,7,PETS09-S2L1,768,576,444,./dataset/train/PETS09-S2L1/img1/000445.jpg
4300,7,PETS09-S2L1,768,576,445,./dataset/train/PETS09-S2L1/img1/000446.jpg
4301,7,PETS09-S2L1,768,576,446,./dataset/train/PETS09-S2L1/img1/000447.jpg
4302,7,PETS09-S2L1,768,576,447,./dataset/train/PETS09-S2L1/img1/000448.jpg
4303,7,PETS09-S2L1,768,576,448,./dataset/train/PETS09-S2L1/img1/000449.jpg
4304,7,PETS09-S2L1,768,576,449,./dataset/train/PETS09-S2L1/img1/000450.jpg
4305,7,PETS09-S2L1,768,576,450,./dataset/train/PETS09-S2L1/img1/000451.jpg
4306,7,PETS09-S2L1,768,576,451,./dataset/train/PETS09-S2L1/img1/000452.jpg
4307,7,PETS09-S2L1,768,576,452,./dataset/train/PETS09-S2L1/img1/000453.jpg
4308,7,PETS09-S2L1,768,576,453,./dataset/train/PETS09-S2L1/img1/000454.jpg
4309,7,PETS09-S2L1,768,576,454,./dataset/train/PETS09-S2L1/img1/000455.jpg
4310,7,PETS09-S2L1,768,576,455,./dataset/train/PETS09-S2L1/img1/000456.jpg
4311,7,PETS09-S2L1,768,576,456,./dataset/train/PETS09-S2L1/img1/000457.jpg
4312,7,PETS09-S2L1,768,576,457,./dataset/train/PETS09-S2L1/img1/000458.jpg
4313,7,PETS09-S2L1,768,576,458,./dataset/train/PETS09-S2L1/img1/000459.jpg
4314,7,PETS09-S2L1,768,576,459,./dataset/train/PETS09-S2L1/img1/000460.jpg
4315,7,PETS09-S2L1,768,576,460,./dataset/train/PETS09-S2L1/img1/000461.jpg
4316,7,PETS09-S2L1,768,576,461,./dataset/train/PETS09-S2L1/img1/000462.jpg
4317,7,PETS09-S2L1,768,576,462,./dataset/train/PETS09-S2L1/img1/000463.jpg
4318,7,PETS09-S2L1,768,576,463,./dataset/train/PETS09-S2L1/img1/000464.jpg
4319,7,PETS09-S2L1,768,576,464,./dataset/train/PETS09-S2L1/img1/000465.jpg
4320,7,PETS09-S2L1,768,576,465,./dataset/train/PETS09-S2L1/img1/000466.jpg
4321,7,PETS09-S2L1,768,576,466,./dataset/train/PETS09-S2L1/img1/000467.jpg
4322,7,PETS09-S2L1,768,576,467,./dataset/train/PETS09-S2L1/img1/000468.jpg
4323,7,PETS09-S2L1,768,576,468,./dataset/train/PETS09-S2L1/img1/000469.jpg
4324,7,PETS09-S2L1,768,576,469,./dataset/train/PETS09-S2L1/img1/000470.jpg
4325,7,PETS09-S2L1,768,576,470,./dataset/train/PETS09-S2L1/img1/000471.jpg
4326,7,PETS09-S2L1,768,576,471,./dataset/train/PETS09-S2L1/img1/000472.jpg
4327,7,PETS09-S2L1,768,576,472,./dataset/train/PETS09-S2L1/img1/000473.jpg
4328,7,PETS09-S2L1,768,576,473,./dataset/train/PETS09-S2L1/img1/000474.jpg
4329,7,PETS09-S2L1,768,576,474,./dataset/train/PETS09-S2L1/img1/000475.jpg
4330,7,PETS09-S2L1,768,576,475,./dataset/train/PETS09-S2L1/img1/000476.jpg
4331,7,PETS09-S2L1,768,576,476,./dataset/train/PETS09-S2L1/img1/000477.jpg
4332,7,PETS09-S2L1,768,576,477,./dataset/train/PETS09-S2L1/img1/000478.jpg
4333,7,PETS09-S2L1,768,576,478,./dataset/train/PETS09-S2L1/img1/000479.jpg
4334,7,PETS09-S2L1,768,576,479,./dataset/train/PETS09-S2L1/img1/000480.jpg
4335,7,PETS09-S2L1,768,576,480,./dataset/train/PETS09-S2L1/img1/000481.jpg
4336,7,PETS09-S2L1,768,576,481,./dataset/train/PETS09-S2L1/img1/000482.jpg
4337,7,PETS09-S2L1,768,576,482,./dataset/train/PETS09-S2L1/img1/000483.jpg
4338,7,PETS09-S2L1,768,576,483,./dataset/train/PETS09-S2L1/img1/000484.jpg
4339,7,PETS09-S2L1,768,576,484,./dataset/train/PETS09-S2L1/img1/000485.jpg
4340,7,PETS09-S2L1,768,576,485,./dataset/train/PETS09-S2L1/img1/000486.jpg
4341,7,PETS09-S2L1,768,576,486,./dataset/train/PETS09-S2L1/img1/000487.jpg
4342,7,PETS09-S2L1,768,576,487,./dataset/train/PETS09-S2L1/img1/000488.jpg
4343,7,PETS09-S2L1,768,576,488,./dataset/train/PETS09-S2L1/img1/000489.jpg
4344,7,PETS09-S2L1,768,576,489,./dataset/train/PETS09-S2L1/img1/000490.jpg
4345,7,PETS09-S2L1,768,576,490,./dataset/train/PETS09-S2L1/img1/000491.jpg
4346,7,PETS09-S2L1,768,576,491,./dataset/train/PETS09-S2L1/img1/000492.jpg
4347,7,PETS09-S2L1,768,576,492,./dataset/train/PETS09-S2L1/img1/000493.jpg
4348,7,PETS09-S2L1,768,576,493,./dataset/train/PETS09-S2L1/img1/000494.jpg
4349,7,PETS09-S2L1,768,576,494,./dataset/train/PETS09-S2L1/img1/000495.jpg
4350,7,PETS09-S2L1,768,576,495,./dataset/train/PETS09-S2L1/img1/000496.jpg
4351,7,PETS09-S2L1,768,576,496,./dataset/train/PETS09-S2L1/img1/000497.jpg
4352,7,PETS09-S2L1,768,576,497,./dataset/train/PETS09-S2L1/img1/000498.jpg
4353,7,PETS09-S2L1,768,576,498,./dataset/train/PETS09-S2L1/img1/000499.jpg
4354,7,PETS09-S2L1,768,576,499,./dataset/train/PETS09-S2L1/img1/000500.jpg
4355,7,PETS09-S2L1,768,576,500,./dataset/train/PETS09-S2L1/img1/000501.jpg
4356,7,PETS09-S2L1,768,576,501,./dataset/train/PETS09-S2L1/img1/000502.jpg
4357,7,PETS09-S2L1,768,576,502,./dataset/train/PETS09-S2L1/img1/000503.jpg
4358,7,PETS09-S2L1,768,576,503,./dataset/train/PETS09-S2L1/img1/000504.jpg
4359,7,PETS09-S2L1,768,576,504,./dataset/train/PETS09-S2L1/img1/000505.jpg
4360,7,PETS09-S2L1,768,576,505,./dataset/train/PETS09-S2L1/img1/000506.jpg
4361,7,PETS09-S2L1,768,576,506,./dataset/train/PETS09-S2L1/img1/000507.jpg
4362,7,PETS09-S2L1,768,576,507,./dataset/train/PETS09-S2L1/img1/000508.jpg
4363,7,PETS09-S2L1,768,576,508,./dataset/train/PETS09-S2L1/img1/000509.jpg
4364,7,PETS09-S2L1,768,576,509,./dataset/train/PETS09-S2L1/img1/000510.jpg
4365,7,PETS09-S2L1,768,576,510,./dataset/train/PETS09-S2L1/img1/000511.jpg
4366,7,PETS09-S2L1,768,576,511,./dataset/train/PETS09-S2L1/img1/000512.jpg
4367,7,PETS09-S2L1,768,576,512,./dataset/train/PETS09-S2L1/img1/000513.jpg
4368,7,PETS09-S2L1,768,576,513,./dataset/train/PETS09-S2L1/img1/000514.jpg
4369,7,PETS09-S2L1,768,576,514,./dataset/train/PETS09-S2L1/img1/000515.jpg
4370,7,PETS09-S2L1,768,576,515,./dataset/train/PETS09-S2L1/img1/000516.jpg
4371,7,PETS09-S2L1,768,576,516,./dataset/train/PETS09-S2L1/img1/000517.jpg
4372,7,PETS09-S2L1,768,576,517,./dataset/train/PETS09-S2L1/img1/000518.jpg
4373,7,PETS09-S2L1,768,576,518,./dataset/train/PETS09-S2L1/img1/000519.jpg
4374,7,PETS09-S2L1,768,576,519,./dataset/train/PETS09-S2L1/img1/000520.jpg
4375,7,PETS09-S2L1,768,576,520,./dataset/train/PETS09-S2L1/img1/000521.jpg
4376,7,PETS09-S2L1,768,576,521,./dataset/train/PETS09-S2L1/img1/000522.jpg
4377,7,PETS09-S2L1,768,576,522,./dataset/train/PETS09-S2L1/img1/000523.jpg
4378,7,PETS09-S2L1,768,576,523,./dataset/train/PETS09-S2L1/img1/000524.jpg
4379,7,PETS09-S2L1,768,576,524,./dataset/train/PETS09-S2L1/img1/000525.jpg
4380,7,PETS09-S2L1,768,576,525,./dataset/train/PETS09-S2L1/img1/000526.jpg
4381,7,PETS09-S2L1,768,576,526,./dataset/train/PETS09-S2L1/img1/000527.jpg
4382,7,PETS09-S2L1,768,576,527,./dataset/train/PETS09-S2L1/img1/000528.jpg
4383,7,PETS09-S2L1,768,576,528,./dataset/train/PETS09-S2L1/img1/000529.jpg
4384,7,PETS09-S2L1,768,576,529,./dataset/train/PETS09-S2L1/img1/000530.jpg
4385,7,PETS09-S2L1,768,576,530,./dataset/train/PETS09-S2L1/img1/000531.jpg
4386,7,PETS09-S2L1,768,576,531,./dataset/train/PETS09-S2L1/img1/000532.jpg
4387,7,PETS09-S2L1,768,576,532,./dataset/train/PETS09-S2L1/img1/000533.jpg
4388,7,PETS09-S2L1,768,576,533,./dataset/train/PETS09-S2L1/img1/000534.jpg
4389,7,PETS09-S2L1,768,576,534,./dataset/train/PETS09-S2L1/img1/000535.jpg
4390,7,PETS09-S2L1,768,576,535,./dataset/train/PETS09-S2L1/img1/000536.jpg
4391,7,PETS09-S2L1,768,576,536,./dataset/train/PETS09-S2L1/img1/000537.jpg
4392,7,PETS09-S2L1,768,576,537,./dataset/train/PETS09-S2L1/img1/000538.jpg
4393,7,PETS09-S2L1,768,576,538,./dataset/train/PETS09-S2L1/img1/000539.jpg
4394,7,PETS09-S2L1,768,576,539,./dataset/train/PETS09-S2L1/img1/000540.jpg
4395,7,PETS09-S2L1,768,576,540,./dataset/train/PETS09-S2L1/img1/000541.jpg
4396,7,PETS09-S2L1,768,576,541,./dataset/train/PETS09-S2L1/img1/000542.jpg
4397,7,PETS09-S2L1,768,576,542,./dataset/train/PETS09-S2L1/img1/000543.jpg
4398,7,PETS09-S2L1,768,576,543,./dataset/train/PETS09-S2L1/img1/000544.jpg
4399,7,PETS09-S2L1,768,576,544,./dataset/train/PETS09-S2L1/img1/000545.jpg
4400,7,PETS09-S2L1,768,576,545,./dataset/train/PETS09-S2L1/img1/000546.jpg
4401,7,PETS09-S2L1,768,576,546,./dataset/train/PETS09-S2L1/img1/000547.jpg
4402,7,PETS09-S2L1,768,576,547,./dataset/train/PETS09-S2L1/img1/000548.jpg
4403,7,PETS09-S2L1,768,576,548,./dataset/train/PETS09-S2L1/img1/000549.jpg
4404,7,PETS09-S2L1,768,576,549,./dataset/train/PETS09-S2L1/img1/000550.jpg
4405,7,PETS09-S2L1,768,576,550,./dataset/train/PETS09-S2L1/img1/000551.jpg
4406,7,PETS09-S2L1,768,576,551,./dataset/train/PETS09-S2L1/img1/000552.jpg
4407,7,PETS09-S2L1,768,576,552,./dataset/train/PETS09-S2L1/img1/000553.jpg
4408,7,PETS09-S2L1,768,576,553,./dataset/train/PETS09-S2L1/img1/000554.jpg
4409,7,PETS09-S2L1,768,576,554,./dataset/train/PETS09-S2L1/img1/000555.jpg
4410,7,PETS09-S2L1,768,576,555,./dataset/train/PETS09-S2L1/img1/000556.jpg
4411,7,PETS09-S2L1,768,576,556,./dataset/train/PETS09-S2L1/img1/000557.jpg
4412,7,PETS09-S2L1,768,576,557,./dataset/train/PETS09-S2L1/img1/000558.jpg
4413,7,PETS09-S2L1,768,576,558,./dataset/train/PETS09-S2L1/img1/000559.jpg
4414,7,PETS09-S2L1,768,576,559,./dataset/train/PETS09-S2L1/img1/000560.jpg
4415,7,PETS09-S2L1,768,576,560,./dataset/train/PETS09-S2L1/img1/000561.jpg
4416,7,PETS09-S2L1,768,576,561,./dataset/train/PETS09-S2L1/img1/000562.jpg
4417,7,PETS09-S2L1,768,576,562,./dataset/train/PETS09-S2L1/img1/000563.jpg
4418,7,PETS09-S2L1,768,576,563,./dataset/train/PETS09-S2L1/img1/000564.jpg
4419,7,PETS09-S2L1,768,576,564,./dataset/train/PETS09-S2L1/img1/000565.jpg
4420,7,PETS09-S2L1,768,576,565,./dataset/train/PETS09-S2L1/img1/000566.jpg
4421,7,PETS09-S2L1,768,576,566,./dataset/train/PETS09-S2L1/img1/000567.jpg
4422,7,PETS09-S2L1,768,576,567,./dataset/train/PETS09-S2L1/img1/000568.jpg
4423,7,PETS09-S2L1,768,576,568,./dataset/train/PETS09-S2L1/img1/000569.jpg
4424,7,PETS09-S2L1,768,576,569,./dataset/train/PETS09-S2L1/img1/000570.jpg
4425,7,PETS09-S2L1,768,576,570,./dataset/train/PETS09-S2L1/img1/000571.jpg
4426,7,PETS09-S2L1,768,576,571,./dataset/train/PETS09-S2L1/img1/000572.jpg
4427,7,PETS09-S2L1,768,576,572,./dataset/train/PETS09-S2L1/img1/000573.jpg
4428,7,PETS09-S2L1,768,576,573,./dataset/train/PETS09-S2L1/img1/000574.jpg
4429,7,PETS09-S2L1,768,576,574,./dataset/train/PETS09-S2L1/img1/000575.jpg
4430,7,PETS09-S2L1,768,576,575,./dataset/train/PETS09-S2L1/img1/000576.jpg
4431,7,PETS09-S2L1,768,576,576,./dataset/train/PETS09-S2L1/img1/000577.jpg
4432,7,PETS09-S2L1,768,576,577,./dataset/train/PETS09-S2L1/img1/000578.jpg
4433,7,PETS09-S2L1,768,576,578,./dataset/train/PETS09-S2L1/img1/000579.jpg
4434,7,PETS09-S2L1,768,576,579,./dataset/train/PETS09-S2L1/img1/000580.jpg
4435,7,PETS09-S2L1,768,576,580,./dataset/train/PETS09-S2L1/img1/000581.jpg
4436,7,PETS09-S2L1,768,576,581,./dataset/train/PETS09-S2L1/img1/000582.jpg
4437,7,PETS09-S2L1,768,576,582,./dataset/train/PETS09-S2L1/img1/000583.jpg
4438,7,PETS09-S2L1,768,576,583,./dataset/train/PETS09-S2L1/img1/000584.jpg
4439,7,PETS09-S2L1,768,576,584,./dataset/train/PETS09-S2L1/img1/000585.jpg
4440,7,PETS09-S2L1,768,576,585,./dataset/train/PETS09-S2L1/img1/000586.jpg
4441,7,PETS09-S2L1,768,576,586,./dataset/train/PETS09-S2L1/img1/000587.jpg
4442,7,PETS09-S2L1,768,576,587,./dataset/train/PETS09-S2L1/img1/000588.jpg
4443,7,PETS09-S2L1,768,576,588,./dataset/train/PETS09-S2L1/img1/000589.jpg
4444,7,PETS09-S2L1,768,576,589,./dataset/train/PETS09-S2L1/img1/000590.jpg
4445,7,PETS09-S2L1,768,576,590,./dataset/train/PETS09-S2L1/img1/000591.jpg
4446,7,PETS09-S2L1,768,576,591,./dataset/train/PETS09-S2L1/img1/000592.jpg
4447,7,PETS09-S2L1,768,576,592,./dataset/train/PETS09-S2L1/img1/000593.jpg
4448,7,PETS09-S2L1,768,576,593,./dataset/train/PETS09-S2L1/img1/000594.jpg
4449,7,PETS09-S2L1,768,576,594,./dataset/train/PETS09-S2L1/img1/000595.jpg
4450,7,PETS09-S2L1,768,576,595,./dataset/train/PETS09-S2L1/img1/000596.jpg
4451,7,PETS09-S2L1,768,576,596,./dataset/train/PETS09-S2L1/img1/000597.jpg
4452,7,PETS09-S2L1,768,576,597,./dataset/train/PETS09-S2L1/img1/000598.jpg
4453,7,PETS09-S2L1,768,576,598,./dataset/train/PETS09-S2L1/img1/000599.jpg
4454,7,PETS09-S2L1,768,576,599,./dataset/train/PETS09-S2L1/img1/000600.jpg
4455,7,PETS09-S2L1,768,576,600,./dataset/train/PETS09-S2L1/img1/000601.jpg
4456,7,PETS09-S2L1,768,576,601,./dataset/train/PETS09-S2L1/img1/000602.jpg
4457,7,PETS09-S2L1,768,576,602,./dataset/train/PETS09-S2L1/img1/000603.jpg
4458,7,PETS09-S2L1,768,576,603,./dataset/train/PETS09-S2L1/img1/000604.jpg
4459,7,PETS09-S2L1,768,576,604,./dataset/train/PETS09-S2L1/img1/000605.jpg
4460,7,PETS09-S2L1,768,576,605,./dataset/train/PETS09-S2L1/img1/000606.jpg
4461,7,PETS09-S2L1,768,576,606,./dataset/train/PETS09-S2L1/img1/000607.jpg
4462,7,PETS09-S2L1,768,576,607,./dataset/train/PETS09-S2L1/img1/000608.jpg
4463,7,PETS09-S2L1,768,576,608,./dataset/train/PETS09-S2L1/img1/000609.jpg
4464,7,PETS09-S2L1,768,576,609,./dataset/train/PETS09-S2L1/img1/000610.jpg
4465,7,PETS09-S2L1,768,576,610,./dataset/train/PETS09-S2L1/img1/000611.jpg
4466,7,PETS09-S2L1,768,576,611,./dataset/train/PETS09-S2L1/img1/000612.jpg
4467,7,PETS09-S2L1,768,576,612,./dataset/train/PETS09-S2L1/img1/000613.jpg
4468,7,PETS09-S2L1,768,576,613,./dataset/train/PETS09-S2L1/img1/000614.jpg
4469,7,PETS09-S2L1,768,576,614,./dataset/train/PETS09-S2L1/img1/000615.jpg
4470,7,PETS09-S2L1,768,576,615,./dataset/train/PETS09-S2L1/img1/000616.jpg
4471,7,PETS09-S2L1,768,576,616,./dataset/train/PETS09-S2L1/img1/000617.jpg
4472,7,PETS09-S2L1,768,576,617,./dataset/train/PETS09-S2L1/img1/000618.jpg
4473,7,PETS09-S2L1,768,576,618,./dataset/train/PETS09-S2L1/img1/000619.jpg
4474,7,PETS09-S2L1,768,576,619,./dataset/train/PETS09-S2L1/img1/000620.jpg
4475,7,PETS09-S2L1,768,576,620,./dataset/train/PETS09-S2L1/img1/000621.jpg
4476,7,PETS09-S2L1,768,576,621,./dataset/train/PETS09-S2L1/img1/000622.jpg
4477,7,PETS09-S2L1,768,576,622,./dataset/train/PETS09-S2L1/img1/000623.jpg
4478,7,PETS09-S2L1,768,576,623,./dataset/train/PETS09-S2L1/img1/000624.jpg
4479,7,PETS09-S2L1,768,576,624,./dataset/train/PETS09-S2L1/img1/000625.jpg
4480,7,PETS09-S2L1,768,576,625,./dataset/train/PETS09-S2L1/img1/000626.jpg
4481,7,PETS09-S2L1,768,576,626,./dataset/train/PETS09-S2L1/img1/000627.jpg
4482,7,PETS09-S2L1,768,576,627,./dataset/train/PETS09-S2L1/img1/000628.jpg
4483,7,PETS09-S2L1,768,576,628,./dataset/train/PETS09-S2L1/img1/000629.jpg
4484,7,PETS09-S2L1,768,576,629,./dataset/train/PETS09-S2L1/img1/000630.jpg
4485,7,PETS09-S2L1,768,576,630,./dataset/train/PETS09-S2L1/img1/000631.jpg
4486,7,PETS09-S2L1,768,576,631,./dataset/train/PETS09-S2L1/img1/000632.jpg
4487,7,PETS09-S2L1,768,576,632,./dataset/train/PETS09-S2L1/img1/000633.jpg
4488,7,PETS09-S2L1,768,576,633,./dataset/train/PETS09-S2L1/img1/000634.jpg
4489,7,PETS09-S2L1,768,576,634,./dataset/train/PETS09-S2L1/img1/000635.jpg
4490,7,PETS09-S2L1,768,576,635,./dataset/train/PETS09-S2L1/img1/000636.jpg
4491,7,PETS09-S2L1,768,576,636,./dataset/train/PETS09-S2L1/img1/000637.jpg
4492,7,PETS09-S2L1,768,576,637,./dataset/train/PETS09-S2L1/img1/000638.jpg
4493,7,PETS09-S2L1,768,576,638,./dataset/train/PETS09-S2L1/img1/000639.jpg
4494,7,PETS09-S2L1,768,576,639,./dataset/train/PETS09-S2L1/img1/000640.jpg
4495,7,PETS09-S2L1,768,576,640,./dataset/train/PETS09-S2L1/img1/000641.jpg
4496,7,PETS09-S2L1,768,576,641,./dataset/train/PETS09-S2L1/img1/000642.jpg
4497,7,PETS09-S2L1,768,576,642,./dataset/train/PETS09-S2L1/img1/000643.jpg
4498,7,PETS09-S2L1,768,576,643,./dataset/train/PETS09-S2L1/img1/000644.jpg
4499,7,PETS09-S2L1,768,576,644,./dataset/train/PETS09-S2L1/img1/000645.jpg
4500,7,PETS09-S2L1,768,576,645,./dataset/train/PETS09-S2L1/img1/000646.jpg
4501,7,PETS09-S2L1,768,576,646,./dataset/train/PETS09-S2L1/img1/000647.jpg
4502,7,PETS09-S2L1,768,576,647,./dataset/train/PETS09-S2L1/img1/000648.jpg
4503,7,PETS09-S2L1,768,576,648,./dataset/train/PETS09-S2L1/img1/000649.jpg
4504,7,PETS09-S2L1,768,576,649,./dataset/train/PETS09-S2L1/img1/000650.jpg
4505,7,PETS09-S2L1,768,576,650,./dataset/train/PETS09-S2L1/img1/000651.jpg
4506,7,PETS09-S2L1,768,576,651,./dataset/train/PETS09-S2L1/img1/000652.jpg
4507,7,PETS09-S2L1,768,576,652,./dataset/train/PETS09-S2L1/img1/000653.jpg
4508,7,PETS09-S2L1,768,576,653,./dataset/train/PETS09-S2L1/img1/000654.jpg
4509,7,PETS09-S2L1,768,576,654,./dataset/train/PETS09-S2L1/img1/000655.jpg
4510,7,PETS09-S2L1,768,576,655,./dataset/train/PETS09-S2L1/img1/000656.jpg
4511,7,PETS09-S2L1,768,576,656,./dataset/train/PETS09-S2L1/img1/000657.jpg
4512,7,PETS09-S2L1,768,576,657,./dataset/train/PETS09-S2L1/img1/000658.jpg
4513,7,PETS09-S2L1,768,576,658,./dataset/train/PETS09-S2L1/img1/000659.jpg
4514,7,PETS09-S2L1,768,576,659,./dataset/train/PETS09-S2L1/img1/000660.jpg
4515,7,PETS09-S2L1,768,576,660,./dataset/train/PETS09-S2L1/img1/000661.jpg
4516,7,PETS09-S2L1,768,576,661,./dataset/train/PETS09-S2L1/img1/000662.jpg
4517,7,PETS09-S2L1,768,576,662,./dataset/train/PETS09-S2L1/img1/000663.jpg
4518,7,PETS09-S2L1,768,576,663,./dataset/train/PETS09-S2L1/img1/000664.jpg
4519,7,PETS09-S2L1,768,576,664,./dataset/train/PETS09-S2L1/img1/000665.jpg
4520,7,PETS09-S2L1,768,576,665,./dataset/train/PETS09-S2L1/img1/000666.jpg
4521,7,PETS09-S2L1,768,576,666,./dataset/train/PETS09-S2L1/img1/000667.jpg
4522,7,PETS09-S2L1,768,576,667,./dataset/train/PETS09-S2L1/img1/000668.jpg
4523,7,PETS09-S2L1,768,576,668,./dataset/train/PETS09-S2L1/img1/000669.jpg
4524,7,PETS09-S2L1,768,576,669,./dataset/train/PETS09-S2L1/img1/000670.jpg
4525,7,PETS09-S2L1,768,576,670,./dataset/train/PETS09-S2L1/img1/000671.jpg
4526,7,PETS09-S2L1,768,576,671,./dataset/train/PETS09-S2L1/img1/000672.jpg
4527,7,PETS09-S2L1,768,576,672,./dataset/train/PETS09-S2L1/img1/000673.jpg
4528,7,PETS09-S2L1,768,576,673,./dataset/train/PETS09-S2L1/img1/000674.jpg
4529,7,PETS09-S2L1,768,576,674,./dataset/train/PETS09-S2L1/img1/000675.jpg
4530,7,PETS09-S2L1,768,576,675,./dataset/train/PETS09-S2L1/img1/000676.jpg
4531,7,PETS09-S2L1,768,576,676,./dataset/train/PETS09-S2L1/img1/000677.jpg
4532,7,PETS09-S2L1,768,576,677,./dataset/train/PETS09-S2L1/img1/000678.jpg
4533,7,PETS09-S2L1,768,576,678,./dataset/train/PETS09-S2L1/img1/000679.jpg
4534,7,PETS09-S2L1,768,576,679,./dataset/train/PETS09-S2L1/img1/000680.jpg
4535,7,PETS09-S2L1,768,576,680,./dataset/train/PETS09-S2L1/img1/000681.jpg
4536,7,PETS09-S2L1,768,576,681,./dataset/train/PETS09-S2L1/img1/000682.jpg
4537,7,PETS09-S2L1,768,576,682,./dataset/train/PETS09-S2L1/img1/000683.jpg
4538,7,PETS09-S2L1,768,576,683,./dataset/train/PETS09-S2L1/img1/000684.jpg
4539,7,PETS09-S2L1,768,576,684,./dataset/train/PETS09-S2L1/img1/000685.jpg
4540,7,PETS09-S2L1,768,576,685,./dataset/train/PETS09-S2L1/img1/000686.jpg
4541,7,PETS09-S2L1,768,576,686,./dataset/train/PETS09-S2L1/img1/000687.jpg
4542,7,PETS09-S2L1,768,576,687,./dataset/train/PETS09-S2L1/img1/000688.jpg
4543,7,PETS09-S2L1,768,576,688,./dataset/train/PETS09-S2L1/img1/000689.jpg
4544,7,PETS09-S2L1,768,576,689,./dataset/train/PETS09-S2L1/img1/000690.jpg
4545,7,PETS09-S2L1,768,576,690,./dataset/train/PETS09-S2L1/img1/000691.jpg
4546,7,PETS09-S2L1,768,576,691,./dataset/train/PETS09-S2L1/img1/000692.jpg
4547,7,PETS09-S2L1,768,576,692,./dataset/train/PETS09-S2L1/img1/000693.jpg
4548,7,PETS09-S2L1,768,576,693,./dataset/train/PETS09-S2L1/img1/000694.jpg
4549,7,PETS09-S2L1,768,576,694,./dataset/train/PETS09-S2L1/img1/000695.jpg
4550,7,PETS09-S2L1,768,576,695,./dataset/train/PETS09-S2L1/img1/000696.jpg
4551,7,PETS09-S2L1,768,576,696,./dataset/train/PETS09-S2L1/img1/000697.jpg
4552,7,PETS09-S2L1,768,576,697,./dataset/train/PETS09-S2L1/img1/000698.jpg
4553,7,PETS09-S2L1,768,576,698,./dataset/train/PETS09-S2L1/img1/000699.jpg
4554,7,PETS09-S2L1,768,576,699,./dataset/train/PETS09-S2L1/img1/000700.jpg
4555,7,PETS09-S2L1,768,576,700,./dataset/train/PETS09-S2L1/img1/000701.jpg
4556,7,PETS09-S2L1,768,576,701,./dataset/train/PETS09-S2L1/img1/000702.jpg
4557,7,PETS09-S2L1,768,576,702,./dataset/train/PETS09-S2L1/img1/000703.jpg
4558,7,PETS09-S2L1,768,576,703,./dataset/train/PETS09-S2L1/img1/000704.jpg
4559,7,PETS09-S2L1,768,576,704,./dataset/train/PETS09-S2L1/img1/000705.jpg
4560,7,PETS09-S2L1,768,576,705,./dataset/train/PETS09-S2L1/img1/000706.jpg
4561,7,PETS09-S2L1,768,576,706,./dataset/train/PETS09-S2L1/img1/000707.jpg
4562,7,PETS09-S2L1,768,576,707,./dataset/train/PETS09-S2L1/img1/000708.jpg
4563,7,PETS09-S2L1,768,576,708,./dataset/train/PETS09-S2L1/img1/000709.jpg
4564,7,PETS09-S2L1,768,576,709,./dataset/train/PETS09-S2L1/img1/000710.jpg
4565,7,PETS09-S2L1,768,576,710,./dataset/train/PETS09-S2L1/img1/000711.jpg
4566,7,PETS09-S2L1,768,576,711,./dataset/train/PETS09-S2L1/img1/000712.jpg
4567,7,PETS09-S2L1,768,576,712,./dataset/train/PETS09-S2L1/img1/000713.jpg
4568,7,PETS09-S2L1,768,576,713,./dataset/train/PETS09-S2L1/img1/000714.jpg
4569,7,PETS09-S2L1,768,576,714,./dataset/train/PETS09-S2L1/img1/000715.jpg
4570,7,PETS09-S2L1,768,576,715,./dataset/train/PETS09-S2L1/img1/000716.jpg
4571,7,PETS09-S2L1,768,576,716,./dataset/train/PETS09-S2L1/img1/000717.jpg
4572,7,PETS09-S2L1,768,576,717,./dataset/train/PETS09-S2L1/img1/000718.jpg
4573,7,PETS09-S2L1,768,576,718,./dataset/train/PETS09-S2L1/img1/000719.jpg
4574,7,PETS09-S2L1,768,576,719,./dataset/train/PETS09-S2L1/img1/000720.jpg
4575,7,PETS09-S2L1,768,576,720,./dataset/train/PETS09-S2L1/img1/000721.jpg
4576,7,PETS09-S2L1,768,576,721,./dataset/train/PETS09-S2L1/img1/000722.jpg
4577,7,PETS09-S2L1,768,576,722,./dataset/train/PETS09-S2L1/img1/000723.jpg
4578,7,PETS09-S2L1,768,576,723,./dataset/train/PETS09-S2L1/img1/000724.jpg
4579,7,PETS09-S2L1,768,576,724,./dataset/train/PETS09-S2L1/img1/000725.jpg
4580,7,PETS09-S2L1,768,576,725,./dataset/train/PETS09-S2L1/img1/000726.jpg
4581,7,PETS09-S2L1,768,576,726,./dataset/train/PETS09-S2L1/img1/000727.jpg
4582,7,PETS09-S2L1,768,576,727,./dataset/train/PETS09-S2L1/img1/000728.jpg
4583,7,PETS09-S2L1,768,576,728,./dataset/train/PETS09-S2L1/img1/000729.jpg
4584,7,PETS09-S2L1,768,576,729,./dataset/train/PETS09-S2L1/img1/000730.jpg
4585,7,PETS09-S2L1,768,576,730,./dataset/train/PETS09-S2L1/img1/000731.jpg
4586,7,PETS09-S2L1,768,576,731,./dataset/train/PETS09-S2L1/img1/000732.jpg
4587,7,PETS09-S2L1,768,576,732,./dataset/train/PETS09-S2L1/img1/000733.jpg
4588,7,PETS09-S2L1,768,576,733,./dataset/train/PETS09-S2L1/img1/000734.jpg
4589,7,PETS09-S2L1,768,576,734,./dataset/train/PETS09-S2L1/img1/000735.jpg
4590,7,PETS09-S2L1,768,576,735,./dataset/train/PETS09-S2L1/img1/000736.jpg
4591,7,PETS09-S2L1,768,576,736,./dataset/train/PETS09-S2L1/img1/000737.jpg
4592,7,PETS09-S2L1,768,576,737,./dataset/train/PETS09-S2L1/img1/000738.jpg
4593,7,PETS09-S2L1,768,576,738,./dataset/train/PETS09-S2L1/img1/000739.jpg
4594,7,PETS09-S2L1,768,576,739,./dataset/train/PETS09-S2L1/img1/000740.jpg
4595,7,PETS09-S2L1,768,576,740,./dataset/train/PETS09-S2L1/img1/000741.jpg
4596,7,PETS09-S2L1,768,576,741,./dataset/train/PETS09-S2L1/img1/000742.jpg
4597,7,PETS09-S2L1,768,576,742,./dataset/train/PETS09-S2L1/img1/000743.jpg
4598,7,PETS09-S2L1,768,576,743,./dataset/train/PETS09-S2L1/img1/000744.jpg
4599,7,PETS09-S2L1,768,576,744,./dataset/train/PETS09-S2L1/img1/000745.jpg
4600,7,PETS09-S2L1,768,576,745,./dataset/train/PETS09-S2L1/img1/000746.jpg
4601,7,PETS09-S2L1,768,576,746,./dataset/train/PETS09-S2L1/img1/000747.jpg
4602,7,PETS09-S2L1,768,576,747,./dataset/train/PETS09-S2L1/img1/000748.jpg
4603,7,PETS09-S2L1,768,576,748,./dataset/train/PETS09-S2L1/img1/000749.jpg
4604,7,PETS09-S2L1,768,576,749,./dataset/train/PETS09-S2L1/img1/000750.jpg
4605,7,PETS09-S2L1,768,576,750,./dataset/train/PETS09-S2L1/img1/000751.jpg
4606,7,PETS09-S2L1,768,576,751,./dataset/train/PETS09-S2L1/img1/000752.jpg
4607,7,PETS09-S2L1,768,576,752,./dataset/train/PETS09-S2L1/img1/000753.jpg
4608,7,PETS09-S2L1,768,576,753,./dataset/train/PETS09-S2L1/img1/000754.jpg
4609,7,PETS09-S2L1,768,576,754,./dataset/train/PETS09-S2L1/img1/000755.jpg
4610,7,PETS09-S2L1,768,576,755,./dataset/train/PETS09-S2L1/img1/000756.jpg
4611,7,PETS09-S2L1,768,576,756,./dataset/train/PETS09-S2L1/img1/000757.jpg
4612,7,PETS09-S2L1,768,576,757,./dataset/train/PETS09-S2L1/img1/000758.jpg
4613,7,PETS09-S2L1,768,576,758,./dataset/train/PETS09-S2L1/img1/000759.jpg
4614,7,PETS09-S2L1,768,576,759,./dataset/train/PETS09-S2L1/img1/000760.jpg
4615,7,PETS09-S2L1,768,576,760,./dataset/train/PETS09-S2L1/img1/000761.jpg
4616,7,PETS09-S2L1,768,576,761,./dataset/train/PETS09-S2L1/img1/000762.jpg
4617,7,PETS09-S2L1,768,576,762,./dataset/train/PETS09-S2L1/img1/000763.jpg
4618,7,PETS09-S2L1,768,576,763,./dataset/train/PETS09-S2L1/img1/000764.jpg
4619,7,PETS09-S2L1,768,576,764,./dataset/train/PETS09-S2L1/img1/000765.jpg
4620,7,PETS09-S2L1,768,576,765,./dataset/train/PETS09-S2L1/img1/000766.jpg
4621,7,PETS09-S2L1,768,576,766,./dataset/train/PETS09-S2L1/img1/000767.jpg
4622,7,PETS09-S2L1,768,576,767,./dataset/train/PETS09-S2L1/img1/000768.jpg
4623,7,PETS09-S2L1,768,576,768,./dataset/train/PETS09-S2L1/img1/000769.jpg
4624,7,PETS09-S2L1,768,576,769,./dataset/train/PETS09-S2L1/img1/000770.jpg
4625,7,PETS09-S2L1,768,576,770,./dataset/train/PETS09-S2L1/img1/000771.jpg
4626,7,PETS09-S2L1,768,576,771,./dataset/train/PETS09-S2L1/img1/000772.jpg
4627,7,PETS09-S2L1,768,576,772,./dataset/train/PETS09-S2L1/img1/000773.jpg
4628,7,PETS09-S2L1,768,576,773,./dataset/train/PETS09-S2L1/img1/000774.jpg
4629,7,PETS09-S2L1,768,576,774,./dataset/train/PETS09-S2L1/img1/000775.jpg
4630,7,PETS09-S2L1,768,576,775,./dataset/train/PETS09-S2L1/img1/000776.jpg
4631,7,PETS09-S2L1,768,576,776,./dataset/train/PETS09-S2L1/img1/000777.jpg
4632,7,PETS09-S2L1,768,576,777,./dataset/train/PETS09-S2L1/img1/000778.jpg
4633,7,PETS09-S2L1,768,576,778,./dataset/train/PETS09-S2L1/img1/000779.jpg
4634,7,PETS09-S2L1,768,576,779,./dataset/train/PETS09-S2L1/img1/000780.jpg
4635,7,PETS09-S2L1,768,576,780,./dataset/train/PETS09-S2L1/img1/000781.jpg
4636,7,PETS09-S2L1,768,576,781,./dataset/train/PETS09-S2L1/img1/000782.jpg
4637,7,PETS09-S2L1,768,576,782,./dataset/train/PETS09-S2L1/img1/000783.jpg
4638,7,PETS09-S2L1,768,576,783,./dataset/train/PETS09-S2L1/img1/000784.jpg
4639,7,PETS09-S2L1,768,576,784,./dataset/train/PETS09-S2L1/img1/000785.jpg
4640,7,PETS09-S2L1,768,576,785,./dataset/train/PETS09-S2L1/img1/000786.jpg
4641,7,PETS09-S2L1,768,576,786,./dataset/train/PETS09-S2L1/img1/000787.jpg
4642,7,PETS09-S2L1,768,576,787,./dataset/train/PETS09-S2L1/img1/000788.jpg
4643,7,PETS09-S2L1,768,576,788,./dataset/train/PETS09-S2L1/img1/000789.jpg
4644,7,PETS09-S2L1,768,576,789,./dataset/train/PETS09-S2L1/img1/000790.jpg
4645,7,PETS09-S2L1,768,576,790,./dataset/train/PETS09-S2L1/img1/000791.jpg
4646,7,PETS09-S2L1,768,576,791,./dataset/train/PETS09-S2L1/img1/000792.jpg
4647,7,PETS09-S2L1,768,576,792,./dataset/train/PETS09-S2L1/img1/000793.jpg
4648,7,PETS09-S2L1,768,576,793,./dataset/train/PETS09-S2L1/img1/000794.jpg
4649,7,PETS09-S2L1,768,576,794,./dataset/train/PETS09-S2L1/img1/000795.jpg
4650,8,TUD-Campus,640,480,0,./dataset/train/TUD-Campus/img1/000001.jpg
4651,8,TUD-Campus,640,480,1,./dataset/train/TUD-Campus/img1/000002.jpg
4652,8,TUD-Campus,640,480,2,./dataset/train/TUD-Campus/img1/000003.jpg
4653,8,TUD-Campus,640,480,3,./dataset/train/TUD-Campus/img1/000004.jpg
4654,8,TUD-Campus,640,480,4,./dataset/train/TUD-Campus/img1/000005.jpg
4655,8,TUD-Campus,640,480,5,./dataset/train/TUD-Campus/img1/000006.jpg
4656,8,TUD-Campus,640,480,6,./dataset/train/TUD-Campus/img1/000007.jpg
4657,8,TUD-Campus,640,480,7,./dataset/train/TUD-Campus/img1/000008.jpg
4658,8,TUD-Campus,640,480,8,./dataset/train/TUD-Campus/img1/000009.jpg
4659,8,TUD-Campus,640,480,9,./dataset/train/TUD-Campus/img1/000010.jpg
4660,8,TUD-Campus,640,480,10,./dataset/train/TUD-Campus/img1/000011.jpg
4661,8,TUD-Campus,640,480,11,./dataset/train/TUD-Campus/img1/000012.jpg
4662,8,TUD-Campus,640,480,12,./dataset/train/TUD-Campus/img1/000013.jpg
4663,8,TUD-Campus,640,480,13,./dataset/train/TUD-Campus/img1/000014.jpg
4664,8,TUD-Campus,640,480,14,./dataset/train/TUD-Campus/img1/000015.jpg
4665,8,TUD-Campus,640,480,15,./dataset/train/TUD-Campus/img1/000016.jpg
4666,8,TUD-Campus,640,480,16,./dataset/train/TUD-Campus/img1/000017.jpg
4667,8,TUD-Campus,640,480,17,./dataset/train/TUD-Campus/img1/000018.jpg
4668,8,TUD-Campus,640,480,18,./dataset/train/TUD-Campus/img1/000019.jpg
4669,8,TUD-Campus,640,480,19,./dataset/train/TUD-Campus/img1/000020.jpg
4670,8,TUD-Campus,640,480,20,./dataset/train/TUD-Campus/img1/000021.jpg
4671,8,TUD-Campus,640,480,21,./dataset/train/TUD-Campus/img1/000022.jpg
4672,8,TUD-Campus,640,480,22,./dataset/train/TUD-Campus/img1/000023.jpg
4673,8,TUD-Campus,640,480,23,./dataset/train/TUD-Campus/img1/000024.jpg
4674,8,TUD-Campus,640,480,24,./dataset/train/TUD-Campus/img1/000025.jpg
4675,8,TUD-Campus,640,480,25,./dataset/train/TUD-Campus/img1/000026.jpg
4676,8,TUD-Campus,640,480,26,./dataset/train/TUD-Campus/img1/000027.jpg
4677,8,TUD-Campus,640,480,27,./dataset/train/TUD-Campus/img1/000028.jpg
4678,8,TUD-Campus,640,480,28,./dataset/train/TUD-Campus/img1/000029.jpg
4679,8,TUD-Campus,640,480,29,./dataset/train/TUD-Campus/img1/000030.jpg
4680,8,TUD-Campus,640,480,30,./dataset/train/TUD-Campus/img1/000031.jpg
4681,8,TUD-Campus,640,480,31,./dataset/train/TUD-Campus/img1/000032.jpg
4682,8,TUD-Campus,640,480,32,./dataset/train/TUD-Campus/img1/000033.jpg
4683,8,TUD-Campus,640,480,33,./dataset/train/TUD-Campus/img1/000034.jpg
4684,8,TUD-Campus,640,480,34,./dataset/train/TUD-Campus/img1/000035.jpg
4685,8,TUD-Campus,640,480,35,./dataset/train/TUD-Campus/img1/000036.jpg
4686,8,TUD-Campus,640,480,36,./dataset/train/TUD-Campus/img1/000037.jpg
4687,8,TUD-Campus,640,480,37,./dataset/train/TUD-Campus/img1/000038.jpg
4688,8,TUD-Campus,640,480,38,./dataset/train/TUD-Campus/img1/000039.jpg
4689,8,TUD-Campus,640,480,39,./dataset/train/TUD-Campus/img1/000040.jpg
4690,8,TUD-Campus,640,480,40,./dataset/train/TUD-Campus/img1/000041.jpg
4691,8,TUD-Campus,640,480,41,./dataset/train/TUD-Campus/img1/000042.jpg
4692,8,TUD-Campus,640,480,42,./dataset/train/TUD-Campus/img1/000043.jpg
4693,8,TUD-Campus,640,480,43,./dataset/train/TUD-Campus/img1/000044.jpg
4694,8,TUD-Campus,640,480,44,./dataset/train/TUD-Campus/img1/000045.jpg
4695,8,TUD-Campus,640,480,45,./dataset/train/TUD-Campus/img1/000046.jpg
4696,8,TUD-Campus,640,480,46,./dataset/train/TUD-Campus/img1/000047.jpg
4697,8,TUD-Campus,640,480,47,./dataset/train/TUD-Campus/img1/000048.jpg
4698,8,TUD-Campus,640,480,48,./dataset/train/TUD-Campus/img1/000049.jpg
4699,8,TUD-Campus,640,480,49,./dataset/train/TUD-Campus/img1/000050.jpg
4700,8,TUD-Campus,640,480,50,./dataset/train/TUD-Campus/img1/000051.jpg
4701,8,TUD-Campus,640,480,51,./dataset/train/TUD-Campus/img1/000052.jpg
4702,8,TUD-Campus,640,480,52,./dataset/train/TUD-Campus/img1/000053.jpg
4703,8,TUD-Campus,640,480,53,./dataset/train/TUD-Campus/img1/000054.jpg
4704,8,TUD-Campus,640,480,54,./dataset/train/TUD-Campus/img1/000055.jpg
4705,8,TUD-Campus,640,480,55,./dataset/train/TUD-Campus/img1/000056.jpg
4706,8,TUD-Campus,640,480,56,./dataset/train/TUD-Campus/img1/000057.jpg
4707,8,TUD-Campus,640,480,57,./dataset/train/TUD-Campus/img1/000058.jpg
4708,8,TUD-Campus,640,480,58,./dataset/train/TUD-Campus/img1/000059.jpg
4709,8,TUD-Campus,640,480,59,./dataset/train/TUD-Campus/img1/000060.jpg
4710,8,TUD-Campus,640,480,60,./dataset/train/TUD-Campus/img1/000061.jpg
4711,8,TUD-Campus,640,480,61,./dataset/train/TUD-Campus/img1/000062.jpg
4712,8,TUD-Campus,640,480,62,./dataset/train/TUD-Campus/img1/000063.jpg
4713,8,TUD-Campus,640,480,63,./dataset/train/TUD-Campus/img1/000064.jpg
4714,8,TUD-Campus,640,480,64,./dataset/train/TUD-Campus/img1/000065.jpg
4715,8,TUD-Campus,640,480,65,./dataset/train/TUD-Campus/img1/000066.jpg
4716,8,TUD-Campus,640,480,66,./dataset/train/TUD-Campus/img1/000067.jpg
4717,8,TUD-Campus,640,480,67,./dataset/train/TUD-Campus/img1/000068.jpg
4718,8,TUD-Campus,640,480,68,./dataset/train/TUD-Campus/img1/000069.jpg
4719,8,TUD-Campus,640,480,69,./dataset/train/TUD-Campus/img1/000070.jpg
4720,8,TUD-Campus,640,480,70,./dataset/train/TUD-Campus/img1/000071.jpg
4721,9,TUD-Stadtmitte,640,480,0,./dataset/train/TUD-Stadtmitte/img1/000001.jpg
4722,9,TUD-Stadtmitte,640,480,1,./dataset/train/TUD-Stadtmitte/img1/000002.jpg
4723,9,TUD-Stadtmitte,640,480,2,./dataset/train/TUD-Stadtmitte/img1/000003.jpg
4724,9,TUD-Stadtmitte,640,480,3,./dataset/train/TUD-Stadtmitte/img1/000004.jpg
4725,9,TUD-Stadtmitte,640,480,4,./dataset/train/TUD-Stadtmitte/img1/000005.jpg
4726,9,TUD-Stadtmitte,640,480,5,./dataset/train/TUD-Stadtmitte/img1/000006.jpg
4727,9,TUD-Stadtmitte,640,480,6,./dataset/train/TUD-Stadtmitte/img1/000007.jpg
4728,9,TUD-Stadtmitte,640,480,7,./dataset/train/TUD-Stadtmitte/img1/000008.jpg
4729,9,TUD-Stadtmitte,640,480,8,./dataset/train/TUD-Stadtmitte/img1/000009.jpg
4730,9,TUD-Stadtmitte,640,480,9,./dataset/train/TUD-Stadtmitte/img1/000010.jpg
4731,9,TUD-Stadtmitte,640,480,10,./dataset/train/TUD-Stadtmitte/img1/000011.jpg
4732,9,TUD-Stadtmitte,640,480,11,./dataset/train/TUD-Stadtmitte/img1/000012.jpg
4733,9,TUD-Stadtmitte,640,480,12,./dataset/train/TUD-Stadtmitte/img1/000013.jpg
4734,9,TUD-Stadtmitte,640,480,13,./dataset/train/TUD-Stadtmitte/img1/000014.jpg
4735,9,TUD-Stadtmitte,640,480,14,./dataset/train/TUD-Stadtmitte/img1/000015.jpg
4736,9,TUD-Stadtmitte,640,480,15,./dataset/train/TUD-Stadtmitte/img1/000016.jpg
4737,9,TUD-Stadtmitte,640,480,16,./dataset/train/TUD-Stadtmitte/img1/000017.jpg
4738,9,TUD-Stadtmitte,640,480,17,./dataset/train/TUD-Stadtmitte/img1/000018.jpg
4739,9,TUD-Stadtmitte,640,480,18,./dataset/train/TUD-Stadtmitte/img1/000019.jpg
4740,9,TUD-Stadtmitte,640,480,19,./dataset/train/TUD-Stadtmitte/img1/000020.jpg
4741,9,TUD-Stadtmitte,640,480,20,./dataset/train/TUD-Stadtmitte/img1/000021.jpg
4742,9,TUD-Stadtmitte,640,480,21,./dataset/train/TUD-Stadtmitte/img1/000022.jpg
4743,9,TUD-Stadtmitte,640,480,22,./dataset/train/TUD-Stadtmitte/img1/000023.jpg
4744,9,TUD-Stadtmitte,640,480,23,./dataset/train/TUD-Stadtmitte/img1/000024.jpg
4745,9,TUD-Stadtmitte,640,480,24,./dataset/train/TUD-Stadtmitte/img1/000025.jpg
4746,9,TUD-Stadtmitte,640,480,25,./dataset/train/TUD-Stadtmitte/img1/000026.jpg
4747,9,TUD-Stadtmitte,640,480,26,./dataset/train/TUD-Stadtmitte/img1/000027.jpg
4748,9,TUD-Stadtmitte,640,480,27,./dataset/train/TUD-Stadtmitte/img1/000028.jpg
4749,9,TUD-Stadtmitte,640,480,28,./dataset/train/TUD-Stadtmitte/img1/000029.jpg
4750,9,TUD-Stadtmitte,640,480,29,./dataset/train/TUD-Stadtmitte/img1/000030.jpg
4751,9,TUD-Stadtmitte,640,480,30,./dataset/train/TUD-Stadtmitte/img1/000031.jpg
4752,9,TUD-Stadtmitte,640,480,31,./dataset/train/TUD-Stadtmitte/img1/000032.jpg
4753,9,TUD-Stadtmitte,640,480,32,./dataset/train/TUD-Stadtmitte/img1/000033.jpg
4754,9,TUD-Stadtmitte,640,480,33,./dataset/train/TUD-Stadtmitte/img1/000034.jpg
4755,9,TUD-Stadtmitte,640,480,34,./dataset/train/TUD-Stadtmitte/img1/000035.jpg
4756,9,TUD-Stadtmitte,640,480,35,./dataset/train/TUD-Stadtmitte/img1/000036.jpg
4757,9,TUD-Stadtmitte,640,480,36,./dataset/train/TUD-Stadtmitte/img1/000037.jpg
4758,9,TUD-Stadtmitte,640,480,37,./dataset/train/TUD-Stadtmitte/img1/000038.jpg
4759,9,TUD-Stadtmitte,640,480,38,./dataset/train/TUD-Stadtmitte/img1/000039.jpg
4760,9,TUD-Stadtmitte,640,480,39,./dataset/train/TUD-Stadtmitte/img1/000040.jpg
4761,9,TUD-Stadtmitte,640,480,40,./dataset/train/TUD-Stadtmitte/img1/000041.jpg
4762,9,TUD-Stadtmitte,640,480,41,./dataset/train/TUD-Stadtmitte/img1/000042.jpg
4763,9,TUD-Stadtmitte,640,480,42,./dataset/train/TUD-Stadtmitte/img1/000043.jpg
4764,9,TUD-Stadtmitte,640,480,43,./dataset/train/TUD-Stadtmitte/img1/000044.jpg
4765,9,TUD-Stadtmitte,640,480,44,./dataset/train/TUD-Stadtmitte/img1/000045.jpg
4766,9,TUD-Stadtmitte,640,480,45,./dataset/train/TUD-Stadtmitte/img1/000046.jpg
4767,9,TUD-Stadtmitte,640,480,46,./dataset/train/TUD-Stadtmitte/img1/000047.jpg
4768,9,TUD-Stadtmitte,640,480,47,./dataset/train/TUD-Stadtmitte/img1/000048.jpg
4769,9,TUD-Stadtmitte,640,480,48,./dataset/train/TUD-Stadtmitte/img1/000049.jpg
4770,9,TUD-Stadtmitte,640,480,49,./dataset/train/TUD-Stadtmitte/img1/000050.jpg
4771,9,TUD-Stadtmitte,640,480,50,./dataset/train/TUD-Stadtmitte/img1/000051.jpg
4772,9,TUD-Stadtmitte,640,480,51,./dataset/train/TUD-Stadtmitte/img1/000052.jpg
4773,9,TUD-Stadtmitte,640,480,52,./dataset/train/TUD-Stadtmitte/img1/000053.jpg
4774,9,TUD-Stadtmitte,640,480,53,./dataset/train/TUD-Stadtmitte/img1/000054.jpg
4775,9,TUD-Stadtmitte,640,480,54,./dataset/train/TUD-Stadtmitte/img1/000055.jpg
4776,9,TUD-Stadtmitte,640,480,55,./dataset/train/TUD-Stadtmitte/img1/000056.jpg
4777,9,TUD-Stadtmitte,640,480,56,./dataset/train/TUD-Stadtmitte/img1/000057.jpg
4778,9,TUD-Stadtmitte,640,480,57,./dataset/train/TUD-Stadtmitte/img1/000058.jpg
4779,9,TUD-Stadtmitte,640,480,58,./dataset/train/TUD-Stadtmitte/img1/000059.jpg
4780,9,TUD-Stadtmitte,640,480,59,./dataset/train/TUD-Stadtmitte/img1/000060.jpg
4781,9,TUD-Stadtmitte,640,480,60,./dataset/train/TUD-Stadtmitte/img1/000061.jpg
4782,9,TUD-Stadtmitte,640,480,61,./dataset/train/TUD-Stadtmitte/img1/000062.jpg
4783,9,TUD-Stadtmitte,640,480,62,./dataset/train/TUD-Stadtmitte/img1/000063.jpg
4784,9,TUD-Stadtmitte,640,480,63,./dataset/train/TUD-Stadtmitte/img1/000064.jpg
4785,9,TUD-Stadtmitte,640,480,64,./dataset/train/TUD-Stadtmitte/img1/000065.jpg
4786,9,TUD-Stadtmitte,640,480,65,./dataset/train/TUD-Stadtmitte/img1/000066.jpg
4787,9,TUD-Stadtmitte,640,480,66,./dataset/train/TUD-Stadtmitte/img1/000067.jpg
4788,9,TUD-Stadtmitte,640,480,67,./dataset/train/TUD-Stadtmitte/img1/000068.jpg
4789,9,TUD-Stadtmitte,640,480,68,./dataset/train/TUD-Stadtmitte/img1/000069.jpg
4790,9,TUD-Stadtmitte,640,480,69,./dataset/train/TUD-Stadtmitte/img1/000070.jpg
4791,9,TUD-Stadtmitte,640,480,70,./dataset/train/TUD-Stadtmitte/img1/000071.jpg
4792,9,TUD-Stadtmitte,640,480,71,./dataset/train/TUD-Stadtmitte/img1/000072.jpg
4793,9,TUD-Stadtmitte,640,480,72,./dataset/train/TUD-Stadtmitte/img1/000073.jpg
4794,9,TUD-Stadtmitte,640,480,73,./dataset/train/TUD-Stadtmitte/img1/000074.jpg
4795,9,TUD-Stadtmitte,640,480,74,./dataset/train/TUD-Stadtmitte/img1/000075.jpg
4796,9,TUD-Stadtmitte,640,480,75,./dataset/train/TUD-Stadtmitte/img1/000076.jpg
4797,9,TUD-Stadtmitte,640,480,76,./dataset/train/TUD-Stadtmitte/img1/000077.jpg
4798,9,TUD-Stadtmitte,640,480,77,./dataset/train/TUD-Stadtmitte/img1/000078.jpg
4799,9,TUD-Stadtmitte,640,480,78,./dataset/train/TUD-Stadtmitte/img1/000079.jpg
4800,9,TUD-Stadtmitte,640,480,79,./dataset/train/TUD-Stadtmitte/img1/000080.jpg
4801,9,TUD-Stadtmitte,640,480,80,./dataset/train/TUD-Stadtmitte/img1/000081.jpg
4802,9,TUD-Stadtmitte,640,480,81,./dataset/train/TUD-Stadtmitte/img1/000082.jpg
4803,9,TUD-Stadtmitte,640,480,82,./dataset/train/TUD-Stadtmitte/img1/000083.jpg
4804,9,TUD-Stadtmitte,640,480,83,./dataset/train/TUD-Stadtmitte/img1/000084.jpg
4805,9,TUD-Stadtmitte,640,480,84,./dataset/train/TUD-Stadtmitte/img1/000085.jpg
4806,9,TUD-Stadtmitte,640,480,85,./dataset/train/TUD-Stadtmitte/img1/000086.jpg
4807,9,TUD-Stadtmitte,640,480,86,./dataset/train/TUD-Stadtmitte/img1/000087.jpg
4808,9,TUD-Stadtmitte,640,480,87,./dataset/train/TUD-Stadtmitte/img1/000088.jpg
4809,9,TUD-Stadtmitte,640,480,88,./dataset/train/TUD-Stadtmitte/img1/000089.jpg
4810,9,TUD-Stadtmitte,640,480,89,./dataset/train/TUD-Stadtmitte/img1/000090.jpg
4811,9,TUD-Stadtmitte,640,480,90,./dataset/train/TUD-Stadtmitte/img1/000091.jpg
4812,9,TUD-Stadtmitte,640,480,91,./dataset/train/TUD-Stadtmitte/img1/000092.jpg
4813,9,TUD-Stadtmitte,640,480,92,./dataset/train/TUD-Stadtmitte/img1/000093.jpg
4814,9,TUD-Stadtmitte,640,480,93,./dataset/train/TUD-Stadtmitte/img1/000094.jpg
4815,9,TUD-Stadtmitte,640,480,94,./dataset/train/TUD-Stadtmitte/img1/000095.jpg
4816,9,TUD-Stadtmitte,640,480,95,./dataset/train/TUD-Stadtmitte/img1/000096.jpg
4817,9,TUD-Stadtmitte,640,480,96,./dataset/train/TUD-Stadtmitte/img1/000097.jpg
4818,9,TUD-Stadtmitte,640,480,97,./dataset/train/TUD-Stadtmitte/img1/000098.jpg
4819,9,TUD-Stadtmitte,640,480,98,./dataset/train/TUD-Stadtmitte/img1/000099.jpg
4820,9,TUD-Stadtmitte,640,480,99,./dataset/train/TUD-Stadtmitte/img1/000100.jpg
4821,9,TUD-Stadtmitte,640,480,100,./dataset/train/TUD-Stadtmitte/img1/000101.jpg
4822,9,TUD-Stadtmitte,640,480,101,./dataset/train/TUD-Stadtmitte/img1/000102.jpg
4823,9,TUD-Stadtmitte,640,480,102,./dataset/train/TUD-Stadtmitte/img1/000103.jpg
4824,9,TUD-Stadtmitte,640,480,103,./dataset/train/TUD-Stadtmitte/img1/000104.jpg
4825,9,TUD-Stadtmitte,640,480,104,./dataset/train/TUD-Stadtmitte/img1/000105.jpg
4826,9,TUD-Stadtmitte,640,480,105,./dataset/train/TUD-Stadtmitte/img1/000106.jpg
4827,9,TUD-Stadtmitte,640,480,106,./dataset/train/TUD-Stadtmitte/img1/000107.jpg
4828,9,TUD-Stadtmitte,640,480,107,./dataset/train/TUD-Stadtmitte/img1/000108.jpg
4829,9,TUD-Stadtmitte,640,480,108,./dataset/train/TUD-Stadtmitte/img1/000109.jpg
4830,9,TUD-Stadtmitte,640,480,109,./dataset/train/TUD-Stadtmitte/img1/000110.jpg
4831,9,TUD-Stadtmitte,640,480,110,./dataset/train/TUD-Stadtmitte/img1/000111.jpg
4832,9,TUD-Stadtmitte,640,480,111,./dataset/train/TUD-Stadtmitte/img1/000112.jpg
4833,9,TUD-Stadtmitte,640,480,112,./dataset/train/TUD-Stadtmitte/img1/000113.jpg
4834,9,TUD-Stadtmitte,640,480,113,./dataset/train/TUD-Stadtmitte/img1/000114.jpg
4835,9,TUD-Stadtmitte,640,480,114,./dataset/train/TUD-Stadtmitte/img1/000115.jpg
4836,9,TUD-Stadtmitte,640,480,115,./dataset/train/TUD-Stadtmitte/img1/000116.jpg
4837,9,TUD-Stadtmitte,640,480,116,./dataset/train/TUD-Stadtmitte/img1/000117.jpg
4838,9,TUD-Stadtmitte,640,480,117,./dataset/train/TUD-Stadtmitte/img1/000118.jpg
4839,9,TUD-Stadtmitte,640,480,118,./dataset/train/TUD-Stadtmitte/img1/000119.jpg
4840,9,TUD-Stadtmitte,640,480,119,./dataset/train/TUD-Stadtmitte/img1/000120.jpg
4841,9,TUD-Stadtmitte,640,480,120,./dataset/train/TUD-Stadtmitte/img1/000121.jpg
4842,9,TUD-Stadtmitte,640,480,121,./dataset/train/TUD-Stadtmitte/img1/000122.jpg
4843,9,TUD-Stadtmitte,640,480,122,./dataset/train/TUD-Stadtmitte/img1/000123.jpg
4844,9,TUD-Stadtmitte,640,480,123,./dataset/train/TUD-Stadtmitte/img1/000124.jpg
4845,9,TUD-Stadtmitte,640,480,124,./dataset/train/TUD-Stadtmitte/img1/000125.jpg
4846,9,TUD-Stadtmitte,640,480,125,./dataset/train/TUD-Stadtmitte/img1/000126.jpg
4847,9,TUD-Stadtmitte,640,480,126,./dataset/train/TUD-Stadtmitte/img1/000127.jpg
4848,9,TUD-Stadtmitte,640,480,127,./dataset/train/TUD-Stadtmitte/img1/000128.jpg
4849,9,TUD-Stadtmitte,640,480,128,./dataset/train/TUD-Stadtmitte/img1/000129.jpg
4850,9,TUD-Stadtmitte,640,480,129,./dataset/train/TUD-Stadtmitte/img1/000130.jpg
4851,9,TUD-Stadtmitte,640,480,130,./dataset/train/TUD-Stadtmitte/img1/000131.jpg
4852,9,TUD-Stadtmitte,640,480,131,./dataset/train/TUD-Stadtmitte/img1/000132.jpg
4853,9,TUD-Stadtmitte,640,480,132,./dataset/train/TUD-Stadtmitte/img1/000133.jpg
4854,9,TUD-Stadtmitte,640,480,133,./dataset/train/TUD-Stadtmitte/img1/000134.jpg
4855,9,TUD-Stadtmitte,640,480,134,./dataset/train/TUD-Stadtmitte/img1/000135.jpg
4856,9,TUD-Stadtmitte,640,480,135,./dataset/train/TUD-Stadtmitte/img1/000136.jpg
4857,9,TUD-Stadtmitte,640,480,136,./dataset/train/TUD-Stadtmitte/img1/000137.jpg
4858,9,TUD-Stadtmitte,640,480,137,./dataset/train/TUD-Stadtmitte/img1/000138.jpg
4859,9,TUD-Stadtmitte,640,480,138,./dataset/train/TUD-Stadtmitte/img1/000139.jpg
4860,9,TUD-Stadtmitte,640,480,139,./dataset/train/TUD-Stadtmitte/img1/000140.jpg
4861,9,TUD-Stadtmitte,640,480,140,./dataset/train/TUD-Stadtmitte/img1/000141.jpg
4862,9,TUD-Stadtmitte,640,480,141,./dataset/train/TUD-Stadtmitte/img1/000142.jpg
4863,9,TUD-Stadtmitte,640,480,142,./dataset/train/TUD-Stadtmitte/img1/000143.jpg
4864,9,TUD-Stadtmitte,640,480,143,./dataset/train/TUD-Stadtmitte/img1/000144.jpg
4865,9,TUD-Stadtmitte,640,480,144,./dataset/train/TUD-Stadtmitte/img1/000145.jpg
4866,9,TUD-Stadtmitte,640,480,145,./dataset/train/TUD-Stadtmitte/img1/000146.jpg
4867,9,TUD-Stadtmitte,640,480,146,./dataset/train/TUD-Stadtmitte/img1/000147.jpg
4868,9,TUD-Stadtmitte,640,480,147,./dataset/train/TUD-Stadtmitte/img1/000148.jpg
4869,9,TUD-Stadtmitte,640,480,148,./dataset/train/TUD-Stadtmitte/img1/000149.jpg
4870,9,TUD-Stadtmitte,640,480,149,./dataset/train/TUD-Stadtmitte/img1/000150.jpg
4871,9,TUD-Stadtmitte,640,480,150,./dataset/train/TUD-Stadtmitte/img1/000151.jpg
4872,9,TUD-Stadtmitte,640,480,151,./dataset/train/TUD-Stadtmitte/img1/000152.jpg
4873,9,TUD-Stadtmitte,640,480,152,./dataset/train/TUD-Stadtmitte/img1/000153.jpg
4874,9,TUD-Stadtmitte,640,480,153,./dataset/train/TUD-Stadtmitte/img1/000154.jpg
4875,9,TUD-Stadtmitte,640,480,154,./dataset/train/TUD-Stadtmitte/img1/000155.jpg
4876,9,TUD-Stadtmitte,640,480,155,./dataset/train/TUD-Stadtmitte/img1/000156.jpg
4877,9,TUD-Stadtmitte,640,480,156,./dataset/train/TUD-Stadtmitte/img1/000157.jpg
4878,9,TUD-Stadtmitte,640,480,157,./dataset/train/TUD-Stadtmitte/img1/000158.jpg
4879,9,TUD-Stadtmitte,640,480,158,./dataset/train/TUD-Stadtmitte/img1/000159.jpg
4880,9,TUD-Stadtmitte,640,480,159,./dataset/train/TUD-Stadtmitte/img1/000160.jpg
4881,9,TUD-Stadtmitte,640,480,160,./dataset/train/TUD-Stadtmitte/img1/000161.jpg
4882,9,TUD-Stadtmitte,640,480,161,./dataset/train/TUD-Stadtmitte/img1/000162.jpg
4883,9,TUD-Stadtmitte,640,480,162,./dataset/train/TUD-Stadtmitte/img1/000163.jpg
4884,9,TUD-Stadtmitte,640,480,163,./dataset/train/TUD-Stadtmitte/img1/000164.jpg
4885,9,TUD-Stadtmitte,640,480,164,./dataset/train/TUD-Stadtmitte/img1/000165.jpg
4886,9,TUD-Stadtmitte,640,480,165,./dataset/train/TUD-Stadtmitte/img1/000166.jpg
4887,9,TUD-Stadtmitte,640,480,166,./dataset/train/TUD-Stadtmitte/img1/000167.jpg
4888,9,TUD-Stadtmitte,640,480,167,./dataset/train/TUD-Stadtmitte/img1/000168.jpg
4889,9,TUD-Stadtmitte,640,480,168,./dataset/train/TUD-Stadtmitte/img1/000169.jpg
4890,9,TUD-Stadtmitte,640,480,169,./dataset/train/TUD-Stadtmitte/img1/000170.jpg
4891,9,TUD-Stadtmitte,640,480,170,./dataset/train/TUD-Stadtmitte/img1/000171.jpg
4892,9,TUD-Stadtmitte,640,480,171,./dataset/train/TUD-Stadtmitte/img1/000172.jpg
4893,9,TUD-Stadtmitte,640,480,172,./dataset/train/TUD-Stadtmitte/img1/000173.jpg
4894,9,TUD-Stadtmitte,640,480,173,./dataset/train/TUD-Stadtmitte/img1/000174.jpg
4895,9,TUD-Stadtmitte,640,480,174,./dataset/train/TUD-Stadtmitte/img1/000175.jpg
4896,9,TUD-Stadtmitte,640,480,175,./dataset/train/TUD-Stadtmitte/img1/000176.jpg
4897,9,TUD-Stadtmitte,640,480,176,./dataset/train/TUD-Stadtmitte/img1/000177.jpg
4898,9,TUD-Stadtmitte,640,480,177,./dataset/train/TUD-Stadtmitte/img1/000178.jpg
4899,9,TUD-Stadtmitte,640,480,178,./dataset/train/TUD-Stadtmitte/img1/000179.jpg
4900,10,Venice-2,1920,1080,0,./dataset/train/Venice-2/img1/000001.jpg
4901,10,Venice-2,1920,1080,1,./dataset/train/Venice-2/img1/000002.jpg
4902,10,Venice-2,1920,1080,2,./dataset/train/Venice-2/img1/000003.jpg
4903,10,Venice-2,1920,1080,3,./dataset/train/Venice-2/img1/000004.jpg
4904,10,Venice-2,1920,1080,4,./dataset/train/Venice-2/img1/000005.jpg
4905,10,Venice-2,1920,1080,5,./dataset/train/Venice-2/img1/000006.jpg
4906,10,Venice-2,1920,1080,6,./dataset/train/Venice-2/img1/000007.jpg
4907,10,Venice-2,1920,1080,7,./dataset/train/Venice-2/img1/000008.jpg
4908,10,Venice-2,1920,1080,8,./dataset/train/Venice-2/img1/000009.jpg
4909,10,Venice-2,1920,1080,9,./dataset/train/Venice-2/img1/000010.jpg
4910,10,Venice-2,1920,1080,10,./dataset/train/Venice-2/img1/000011.jpg
4911,10,Venice-2,1920,1080,11,./dataset/train/Venice-2/img1/000012.jpg
4912,10,Venice-2,1920,1080,12,./dataset/train/Venice-2/img1/000013.jpg
4913,10,Venice-2,1920,1080,13,./dataset/train/Venice-2/img1/000014.jpg
4914,10,Venice-2,1920,1080,14,./dataset/train/Venice-2/img1/000015.jpg
4915,10,Venice-2,1920,1080,15,./dataset/train/Venice-2/img1/000016.jpg
4916,10,Venice-2,1920,1080,16,./dataset/train/Venice-2/img1/000017.jpg
4917,10,Venice-2,1920,1080,17,./dataset/train/Venice-2/img1/000018.jpg
4918,10,Venice-2,1920,1080,18,./dataset/train/Venice-2/img1/000019.jpg
4919,10,Venice-2,1920,1080,19,./dataset/train/Venice-2/img1/000020.jpg
4920,10,Venice-2,1920,1080,20,./dataset/train/Venice-2/img1/000021.jpg
4921,10,Venice-2,1920,1080,21,./dataset/train/Venice-2/img1/000022.jpg
4922,10,Venice-2,1920,1080,22,./dataset/train/Venice-2/img1/000023.jpg
4923,10,Venice-2,1920,1080,23,./dataset/train/Venice-2/img1/000024.jpg
4924,10,Venice-2,1920,1080,24,./dataset/train/Venice-2/img1/000025.jpg
4925,10,Venice-2,1920,1080,25,./dataset/train/Venice-2/img1/000026.jpg
4926,10,Venice-2,1920,1080,26,./dataset/train/Venice-2/img1/000027.jpg
4927,10,Venice-2,1920,1080,27,./dataset/train/Venice-2/img1/000028.jpg
4928,10,Venice-2,1920,1080,28,./dataset/train/Venice-2/img1/000029.jpg
4929,10,Venice-2,1920,1080,29,./dataset/train/Venice-2/img1/000030.jpg
4930,10,Venice-2,1920,1080,30,./dataset/train/Venice-2/img1/000031.jpg
4931,10,Venice-2,1920,1080,31,./dataset/train/Venice-2/img1/000032.jpg
4932,10,Venice-2,1920,1080,32,./dataset/train/Venice-2/img1/000033.jpg
4933,10,Venice-2,1920,1080,33,./dataset/train/Venice-2/img1/000034.jpg
4934,10,Venice-2,1920,1080,34,./dataset/train/Venice-2/img1/000035.jpg
4935,10,Venice-2,1920,1080,35,./dataset/train/Venice-2/img1/000036.jpg
4936,10,Venice-2,1920,1080,36,./dataset/train/Venice-2/img1/000037.jpg
4937,10,Venice-2,1920,1080,37,./dataset/train/Venice-2/img1/000038.jpg
4938,10,Venice-2,1920,1080,38,./dataset/train/Venice-2/img1/000039.jpg
4939,10,Venice-2,1920,1080,39,./dataset/train/Venice-2/img1/000040.jpg
4940,10,Venice-2,1920,1080,40,./dataset/train/Venice-2/img1/000041.jpg
4941,10,Venice-2,1920,1080,41,./dataset/train/Venice-2/img1/000042.jpg
4942,10,Venice-2,1920,1080,42,./dataset/train/Venice-2/img1/000043.jpg
4943,10,Venice-2,1920,1080,43,./dataset/train/Venice-2/img1/000044.jpg
4944,10,Venice-2,1920,1080,44,./dataset/train/Venice-2/img1/000045.jpg
4945,10,Venice-2,1920,1080,45,./dataset/train/Venice-2/img1/000046.jpg
4946,10,Venice-2,1920,1080,46,./dataset/train/Venice-2/img1/000047.jpg
4947,10,Venice-2,1920,1080,47,./dataset/train/Venice-2/img1/000048.jpg
4948,10,Venice-2,1920,1080,48,./dataset/train/Venice-2/img1/000049.jpg
4949,10,Venice-2,1920,1080,49,./dataset/train/Venice-2/img1/000050.jpg
4950,10,Venice-2,1920,1080,50,./dataset/train/Venice-2/img1/000051.jpg
4951,10,Venice-2,1920,1080,51,./dataset/train/Venice-2/img1/000052.jpg
4952,10,Venice-2,1920,1080,52,./dataset/train/Venice-2/img1/000053.jpg
4953,10,Venice-2,1920,1080,53,./dataset/train/Venice-2/img1/000054.jpg
4954,10,Venice-2,1920,1080,54,./dataset/train/Venice-2/img1/000055.jpg
4955,10,Venice-2,1920,1080,55,./dataset/train/Venice-2/img1/000056.jpg
4956,10,Venice-2,1920,1080,56,./dataset/train/Venice-2/img1/000057.jpg
4957,10,Venice-2,1920,1080,57,./dataset/train/Venice-2/img1/000058.jpg
4958,10,Venice-2,1920,1080,58,./dataset/train/Venice-2/img1/000059.jpg
4959,10,Venice-2,1920,1080,59,./dataset/train/Venice-2/img1/000060.jpg
4960,10,Venice-2,1920,1080,60,./dataset/train/Venice-2/img1/000061.jpg
4961,10,Venice-2,1920,1080,61,./dataset/train/Venice-2/img1/000062.jpg
4962,10,Venice-2,1920,1080,62,./dataset/train/Venice-2/img1/000063.jpg
4963,10,Venice-2,1920,1080,63,./dataset/train/Venice-2/img1/000064.jpg
4964,10,Venice-2,1920,1080,64,./dataset/train/Venice-2/img1/000065.jpg
4965,10,Venice-2,1920,1080,65,./dataset/train/Venice-2/img1/000066.jpg
4966,10,Venice-2,1920,1080,66,./dataset/train/Venice-2/img1/000067.jpg
4967,10,Venice-2,1920,1080,67,./dataset/train/Venice-2/img1/000068.jpg
4968,10,Venice-2,1920,1080,68,./dataset/train/Venice-2/img1/000069.jpg
4969,10,Venice-2,1920,1080,69,./dataset/train/Venice-2/img1/000070.jpg
4970,10,Venice-2,1920,1080,70,./dataset/train/Venice-2/img1/000071.jpg
4971,10,Venice-2,1920,1080,71,./dataset/train/Venice-2/img1/000072.jpg
4972,10,Venice-2,1920,1080,72,./dataset/train/Venice-2/img1/000073.jpg
4973,10,Venice-2,1920,1080,73,./dataset/train/Venice-2/img1/000074.jpg
4974,10,Venice-2,1920,1080,74,./dataset/train/Venice-2/img1/000075.jpg
4975,10,Venice-2,1920,1080,75,./dataset/train/Venice-2/img1/000076.jpg
4976,10,Venice-2,1920,1080,76,./dataset/train/Venice-2/img1/000077.jpg
4977,10,Venice-2,1920,1080,77,./dataset/train/Venice-2/img1/000078.jpg
4978,10,Venice-2,1920,1080,78,./dataset/train/Venice-2/img1/000079.jpg
4979,10,Venice-2,1920,1080,79,./dataset/train/Venice-2/img1/000080.jpg
4980,10,Venice-2,1920,1080,80,./dataset/train/Venice-2/img1/000081.jpg
4981,10,Venice-2,1920,1080,81,./dataset/train/Venice-2/img1/000082.jpg
4982,10,Venice-2,1920,1080,82,./dataset/train/Venice-2/img1/000083.jpg
4983,10,Venice-2,1920,1080,83,./dataset/train/Venice-2/img1/000084.jpg
4984,10,Venice-2,1920,1080,84,./dataset/train/Venice-2/img1/000085.jpg
4985,10,Venice-2,1920,1080,85,./dataset/train/Venice-2/img1/000086.jpg
4986,10,Venice-2,1920,1080,86,./dataset/train/Venice-2/img1/000087.jpg
4987,10,Venice-2,1920,1080,87,./dataset/train/Venice-2/img1/000088.jpg
4988,10,Venice-2,1920,1080,88,./dataset/train/Venice-2/img1/000089.jpg
4989,10,Venice-2,1920,1080,89,./dataset/train/Venice-2/img1/000090.jpg
4990,10,Venice-2,1920,1080,90,./dataset/train/Venice-2/img1/000091.jpg
4991,10,Venice-2,1920,1080,91,./dataset/train/Venice-2/img1/000092.jpg
4992,10,Venice-2,1920,1080,92,./dataset/train/Venice-2/img1/000093.jpg
4993,10,Venice-2,1920,1080,93,./dataset/train/Venice-2/img1/000094.jpg
4994,10,Venice-2,1920,1080,94,./dataset/train/Venice-2/img1/000095.jpg
4995,10,Venice-2,1920,1080,95,./dataset/train/Venice-2/img1/000096.jpg
4996,10,Venice-2,1920,1080,96,./dataset/train/Venice-2/img1/000097.jpg
4997,10,Venice-2,1920,1080,97,./dataset/train/Venice-2/img1/000098.jpg
4998,10,Venice-2,1920,1080,98,./dataset/train/Venice-2/img1/000099.jpg
4999,10,Venice-2,1920,1080,99,./dataset/train/Venice-2/img1/000100.jpg
5000,10,Venice-2,1920,1080,100,./dataset/train/Venice-2/img1/000101.jpg
5001,10,Venice-2,1920,1080,101,./dataset/train/Venice-2/img1/000102.jpg
5002,10,Venice-2,1920,1080,102,./dataset/train/Venice-2/img1/000103.jpg
5003,10,Venice-2,1920,1080,103,./dataset/train/Venice-2/img1/000104.jpg
5004,10,Venice-2,1920,1080,104,./dataset/train/Venice-2/img1/000105.jpg
5005,10,Venice-2,1920,1080,105,./dataset/train/Venice-2/img1/000106.jpg
5006,10,Venice-2,1920,1080,106,./dataset/train/Venice-2/img1/000107.jpg
5007,10,Venice-2,1920,1080,107,./dataset/train/Venice-2/img1/000108.jpg
5008,10,Venice-2,1920,1080,108,./dataset/train/Venice-2/img1/000109.jpg
5009,10,Venice-2,1920,1080,109,./dataset/train/Venice-2/img1/000110.jpg
5010,10,Venice-2,1920,1080,110,./dataset/train/Venice-2/img1/000111.jpg
5011,10,Venice-2,1920,1080,111,./dataset/train/Venice-2/img1/000112.jpg
5012,10,Venice-2,1920,1080,112,./dataset/train/Venice-2/img1/000113.jpg
5013,10,Venice-2,1920,1080,113,./dataset/train/Venice-2/img1/000114.jpg
5014,10,Venice-2,1920,1080,114,./dataset/train/Venice-2/img1/000115.jpg
5015,10,Venice-2,1920,1080,115,./dataset/train/Venice-2/img1/000116.jpg
5016,10,Venice-2,1920,1080,116,./dataset/train/Venice-2/img1/000117.jpg
5017,10,Venice-2,1920,1080,117,./dataset/train/Venice-2/img1/000118.jpg
5018,10,Venice-2,1920,1080,118,./dataset/train/Venice-2/img1/000119.jpg
5019,10,Venice-2,1920,1080,119,./dataset/train/Venice-2/img1/000120.jpg
5020,10,Venice-2,1920,1080,120,./dataset/train/Venice-2/img1/000121.jpg
5021,10,Venice-2,1920,1080,121,./dataset/train/Venice-2/img1/000122.jpg
5022,10,Venice-2,1920,1080,122,./dataset/train/Venice-2/img1/000123.jpg
5023,10,Venice-2,1920,1080,123,./dataset/train/Venice-2/img1/000124.jpg
5024,10,Venice-2,1920,1080,124,./dataset/train/Venice-2/img1/000125.jpg
5025,10,Venice-2,1920,1080,125,./dataset/train/Venice-2/img1/000126.jpg
5026,10,Venice-2,1920,1080,126,./dataset/train/Venice-2/img1/000127.jpg
5027,10,Venice-2,1920,1080,127,./dataset/train/Venice-2/img1/000128.jpg
5028,10,Venice-2,1920,1080,128,./dataset/train/Venice-2/img1/000129.jpg
5029,10,Venice-2,1920,1080,129,./dataset/train/Venice-2/img1/000130.jpg
5030,10,Venice-2,1920,1080,130,./dataset/train/Venice-2/img1/000131.jpg
5031,10,Venice-2,1920,1080,131,./dataset/train/Venice-2/img1/000132.jpg
5032,10,Venice-2,1920,1080,132,./dataset/train/Venice-2/img1/000133.jpg
5033,10,Venice-2,1920,1080,133,./dataset/train/Venice-2/img1/000134.jpg
5034,10,Venice-2,1920,1080,134,./dataset/train/Venice-2/img1/000135.jpg
5035,10,Venice-2,1920,1080,135,./dataset/train/Venice-2/img1/000136.jpg
5036,10,Venice-2,1920,1080,136,./dataset/train/Venice-2/img1/000137.jpg
5037,10,Venice-2,1920,1080,137,./dataset/train/Venice-2/img1/000138.jpg
5038,10,Venice-2,1920,1080,138,./dataset/train/Venice-2/img1/000139.jpg
5039,10,Venice-2,1920,1080,139,./dataset/train/Venice-2/img1/000140.jpg
5040,10,Venice-2,1920,1080,140,./dataset/train/Venice-2/img1/000141.jpg
5041,10,Venice-2,1920,1080,141,./dataset/train/Venice-2/img1/000142.jpg
5042,10,Venice-2,1920,1080,142,./dataset/train/Venice-2/img1/000143.jpg
5043,10,Venice-2,1920,1080,143,./dataset/train/Venice-2/img1/000144.jpg
5044,10,Venice-2,1920,1080,144,./dataset/train/Venice-2/img1/000145.jpg
5045,10,Venice-2,1920,1080,145,./dataset/train/Venice-2/img1/000146.jpg
5046,10,Venice-2,1920,1080,146,./dataset/train/Venice-2/img1/000147.jpg
5047,10,Venice-2,1920,1080,147,./dataset/train/Venice-2/img1/000148.jpg
5048,10,Venice-2,1920,1080,148,./dataset/train/Venice-2/img1/000149.jpg
5049,10,Venice-2,1920,1080,149,./dataset/train/Venice-2/img1/000150.jpg
5050,10,Venice-2,1920,1080,150,./dataset/train/Venice-2/img1/000151.jpg
5051,10,Venice-2,1920,1080,151,./dataset/train/Venice-2/img1/000152.jpg
5052,10,Venice-2,1920,1080,152,./dataset/train/Venice-2/img1/000153.jpg
5053,10,Venice-2,1920,1080,153,./dataset/train/Venice-2/img1/000154.jpg
5054,10,Venice-2,1920,1080,154,./dataset/train/Venice-2/img1/000155.jpg
5055,10,Venice-2,1920,1080,155,./dataset/train/Venice-2/img1/000156.jpg
5056,10,Venice-2,1920,1080,156,./dataset/train/Venice-2/img1/000157.jpg
5057,10,Venice-2,1920,1080,157,./dataset/train/Venice-2/img1/000158.jpg
5058,10,Venice-2,1920,1080,158,./dataset/train/Venice-2/img1/000159.jpg
5059,10,Venice-2,1920,1080,159,./dataset/train/Venice-2/img1/000160.jpg
5060,10,Venice-2,1920,1080,160,./dataset/train/Venice-2/img1/000161.jpg
5061,10,Venice-2,1920,1080,161,./dataset/train/Venice-2/img1/000162.jpg
5062,10,Venice-2,1920,1080,162,./dataset/train/Venice-2/img1/000163.jpg
5063,10,Venice-2,1920,1080,163,./dataset/train/Venice-2/img1/000164.jpg
5064,10,Venice-2,1920,1080,164,./dataset/train/Venice-2/img1/000165.jpg
5065,10,Venice-2,1920,1080,165,./dataset/train/Venice-2/img1/000166.jpg
5066,10,Venice-2,1920,1080,166,./dataset/train/Venice-2/img1/000167.jpg
5067,10,Venice-2,1920,1080,167,./dataset/train/Venice-2/img1/000168.jpg
5068,10,Venice-2,1920,1080,168,./dataset/train/Venice-2/img1/000169.jpg
5069,10,Venice-2,1920,1080,169,./dataset/train/Venice-2/img1/000170.jpg
5070,10,Venice-2,1920,1080,170,./dataset/train/Venice-2/img1/000171.jpg
5071,10,Venice-2,1920,1080,171,./dataset/train/Venice-2/img1/000172.jpg
5072,10,Venice-2,1920,1080,172,./dataset/train/Venice-2/img1/000173.jpg
5073,10,Venice-2,1920,1080,173,./dataset/train/Venice-2/img1/000174.jpg
5074,10,Venice-2,1920,1080,174,./dataset/train/Venice-2/img1/000175.jpg
5075,10,Venice-2,1920,1080,175,./dataset/train/Venice-2/img1/000176.jpg
5076,10,Venice-2,1920,1080,176,./dataset/train/Venice-2/img1/000177.jpg
5077,10,Venice-2,1920,1080,177,./dataset/train/Venice-2/img1/000178.jpg
5078,10,Venice-2,1920,1080,178,./dataset/train/Venice-2/img1/000179.jpg
5079,10,Venice-2,1920,1080,179,./dataset/train/Venice-2/img1/000180.jpg
5080,10,Venice-2,1920,1080,180,./dataset/train/Venice-2/img1/000181.jpg
5081,10,Venice-2,1920,1080,181,./dataset/train/Venice-2/img1/000182.jpg
5082,10,Venice-2,1920,1080,182,./dataset/train/Venice-2/img1/000183.jpg
5083,10,Venice-2,1920,1080,183,./dataset/train/Venice-2/img1/000184.jpg
5084,10,Venice-2,1920,1080,184,./dataset/train/Venice-2/img1/000185.jpg
5085,10,Venice-2,1920,1080,185,./dataset/train/Venice-2/img1/000186.jpg
5086,10,Venice-2,1920,1080,186,./dataset/train/Venice-2/img1/000187.jpg
5087,10,Venice-2,1920,1080,187,./dataset/train/Venice-2/img1/000188.jpg
5088,10,Venice-2,1920,1080,188,./dataset/train/Venice-2/img1/000189.jpg
5089,10,Venice-2,1920,1080,189,./dataset/train/Venice-2/img1/000190.jpg
5090,10,Venice-2,1920,1080,190,./dataset/train/Venice-2/img1/000191.jpg
5091,10,Venice-2,1920,1080,191,./dataset/train/Venice-2/img1/000192.jpg
5092,10,Venice-2,1920,1080,192,./dataset/train/Venice-2/img1/000193.jpg
5093,10,Venice-2,1920,1080,193,./dataset/train/Venice-2/img1/000194.jpg
5094,10,Venice-2,1920,1080,194,./dataset/train/Venice-2/img1/000195.jpg
5095,10,Venice-2,1920,1080,195,./dataset/train/Venice-2/img1/000196.jpg
5096,10,Venice-2,1920,1080,196,./dataset/train/Venice-2/img1/000197.jpg
5097,10,Venice-2,1920,1080,197,./dataset/train/Venice-2/img1/000198.jpg
5098,10,Venice-2,1920,1080,198,./dataset/train/Venice-2/img1/000199.jpg
5099,10,Venice-2,1920,1080,199,./dataset/train/Venice-2/img1/000200.jpg
5100,10,Venice-2,1920,1080,200,./dataset/train/Venice-2/img1/000201.jpg
5101,10,Venice-2,1920,1080,201,./dataset/train/Venice-2/img1/000202.jpg
5102,10,Venice-2,1920,1080,202,./dataset/train/Venice-2/img1/000203.jpg
5103,10,Venice-2,1920,1080,203,./dataset/train/Venice-2/img1/000204.jpg
5104,10,Venice-2,1920,1080,204,./dataset/train/Venice-2/img1/000205.jpg
5105,10,Venice-2,1920,1080,205,./dataset/train/Venice-2/img1/000206.jpg
5106,10,Venice-2,1920,1080,206,./dataset/train/Venice-2/img1/000207.jpg
5107,10,Venice-2,1920,1080,207,./dataset/train/Venice-2/img1/000208.jpg
5108,10,Venice-2,1920,1080,208,./dataset/train/Venice-2/img1/000209.jpg
5109,10,Venice-2,1920,1080,209,./dataset/train/Venice-2/img1/000210.jpg
5110,10,Venice-2,1920,1080,210,./dataset/train/Venice-2/img1/000211.jpg
5111,10,Venice-2,1920,1080,211,./dataset/train/Venice-2/img1/000212.jpg
5112,10,Venice-2,1920,1080,212,./dataset/train/Venice-2/img1/000213.jpg
5113,10,Venice-2,1920,1080,213,./dataset/train/Venice-2/img1/000214.jpg
5114,10,Venice-2,1920,1080,214,./dataset/train/Venice-2/img1/000215.jpg
5115,10,Venice-2,1920,1080,215,./dataset/train/Venice-2/img1/000216.jpg
5116,10,Venice-2,1920,1080,216,./dataset/train/Venice-2/img1/000217.jpg
5117,10,Venice-2,1920,1080,217,./dataset/train/Venice-2/img1/000218.jpg
5118,10,Venice-2,1920,1080,218,./dataset/train/Venice-2/img1/000219.jpg
5119,10,Venice-2,1920,1080,219,./dataset/train/Venice-2/img1/000220.jpg
5120,10,Venice-2,1920,1080,220,./dataset/train/Venice-2/img1/000221.jpg
5121,10,Venice-2,1920,1080,221,./dataset/train/Venice-2/img1/000222.jpg
5122,10,Venice-2,1920,1080,222,./dataset/train/Venice-2/img1/000223.jpg
5123,10,Venice-2,1920,1080,223,./dataset/train/Venice-2/img1/000224.jpg
5124,10,Venice-2,1920,1080,224,./dataset/train/Venice-2/img1/000225.jpg
5125,10,Venice-2,1920,1080,225,./dataset/train/Venice-2/img1/000226.jpg
5126,10,Venice-2,1920,1080,226,./dataset/train/Venice-2/img1/000227.jpg
5127,10,Venice-2,1920,1080,227,./dataset/train/Venice-2/img1/000228.jpg
5128,10,Venice-2,1920,1080,228,./dataset/train/Venice-2/img1/000229.jpg
5129,10,Venice-2,1920,1080,229,./dataset/train/Venice-2/img1/000230.jpg
5130,10,Venice-2,1920,1080,230,./dataset/train/Venice-2/img1/000231.jpg
5131,10,Venice-2,1920,1080,231,./dataset/train/Venice-2/img1/000232.jpg
5132,10,Venice-2,1920,1080,232,./dataset/train/Venice-2/img1/000233.jpg
5133,10,Venice-2,1920,1080,233,./dataset/train/Venice-2/img1/000234.jpg
5134,10,Venice-2,1920,1080,234,./dataset/train/Venice-2/img1/000235.jpg
5135,10,Venice-2,1920,1080,235,./dataset/train/Venice-2/img1/000236.jpg
5136,10,Venice-2,1920,1080,236,./dataset/train/Venice-2/img1/000237.jpg
5137,10,Venice-2,1920,1080,237,./dataset/train/Venice-2/img1/000238.jpg
5138,10,Venice-2,1920,1080,238,./dataset/train/Venice-2/img1/000239.jpg
5139,10,Venice-2,1920,1080,239,./dataset/train/Venice-2/img1/000240.jpg
5140,10,Venice-2,1920,1080,240,./dataset/train/Venice-2/img1/000241.jpg
5141,10,Venice-2,1920,1080,241,./dataset/train/Venice-2/img1/000242.jpg
5142,10,Venice-2,1920,1080,242,./dataset/train/Venice-2/img1/000243.jpg
5143,10,Venice-2,1920,1080,243,./dataset/train/Venice-2/img1/000244.jpg
5144,10,Venice-2,1920,1080,244,./dataset/train/Venice-2/img1/000245.jpg
5145,10,Venice-2,1920,1080,245,./dataset/train/Venice-2/img1/000246.jpg
5146,10,Venice-2,1920,1080,246,./dataset/train/Venice-2/img1/000247.jpg
5147,10,Venice-2,1920,1080,247,./dataset/train/Venice-2/img1/000248.jpg
5148,10,Venice-2,1920,1080,248,./dataset/train/Venice-2/img1/000249.jpg
5149,10,Venice-2,1920,1080,249,./dataset/train/Venice-2/img1/000250.jpg
5150,10,Venice-2,1920,1080,250,./dataset/train/Venice-2/img1/000251.jpg
5151,10,Venice-2,1920,1080,251,./dataset/train/Venice-2/img1/000252.jpg
5152,10,Venice-2,1920,1080,252,./dataset/train/Venice-2/img1/000253.jpg
5153,10,Venice-2,1920,1080,253,./dataset/train/Venice-2/img1/000254.jpg
5154,10,Venice-2,1920,1080,254,./dataset/train/Venice-2/img1/000255.jpg
5155,10,Venice-2,1920,1080,255,./dataset/train/Venice-2/img1/000256.jpg
5156,10,Venice-2,1920,1080,256,./dataset/train/Venice-2/img1/000257.jpg
5157,10,Venice-2,1920,1080,257,./dataset/train/Venice-2/img1/000258.jpg
5158,10,Venice-2,1920,1080,258,./dataset/train/Venice-2/img1/000259.jpg
5159,10,Venice-2,1920,1080,259,./dataset/train/Venice-2/img1/000260.jpg
5160,10,Venice-2,1920,1080,260,./dataset/train/Venice-2/img1/000261.jpg
5161,10,Venice-2,1920,1080,261,./dataset/train/Venice-2/img1/000262.jpg
5162,10,Venice-2,1920,1080,262,./dataset/train/Venice-2/img1/000263.jpg
5163,10,Venice-2,1920,1080,263,./dataset/train/Venice-2/img1/000264.jpg
5164,10,Venice-2,1920,1080,264,./dataset/train/Venice-2/img1/000265.jpg
5165,10,Venice-2,1920,1080,265,./dataset/train/Venice-2/img1/000266.jpg
5166,10,Venice-2,1920,1080,266,./dataset/train/Venice-2/img1/000267.jpg
5167,10,Venice-2,1920,1080,267,./dataset/train/Venice-2/img1/000268.jpg
5168,10,Venice-2,1920,1080,268,./dataset/train/Venice-2/img1/000269.jpg
5169,10,Venice-2,1920,1080,269,./dataset/train/Venice-2/img1/000270.jpg
5170,10,Venice-2,1920,1080,270,./dataset/train/Venice-2/img1/000271.jpg
5171,10,Venice-2,1920,1080,271,./dataset/train/Venice-2/img1/000272.jpg
5172,10,Venice-2,1920,1080,272,./dataset/train/Venice-2/img1/000273.jpg
5173,10,Venice-2,1920,1080,273,./dataset/train/Venice-2/img1/000274.jpg
5174,10,Venice-2,1920,1080,274,./dataset/train/Venice-2/img1/000275.jpg
5175,10,Venice-2,1920,1080,275,./dataset/train/Venice-2/img1/000276.jpg
5176,10,Venice-2,1920,1080,276,./dataset/train/Venice-2/img1/000277.jpg
5177,10,Venice-2,1920,1080,277,./dataset/train/Venice-2/img1/000278.jpg
5178,10,Venice-2,1920,1080,278,./dataset/train/Venice-2/img1/000279.jpg
5179,10,Venice-2,1920,1080,279,./dataset/train/Venice-2/img1/000280.jpg
5180,10,Venice-2,1920,1080,280,./dataset/train/Venice-2/img1/000281.jpg
5181,10,Venice-2,1920,1080,281,./dataset/train/Venice-2/img1/000282.jpg
5182,10,Venice-2,1920,1080,282,./dataset/train/Venice-2/img1/000283.jpg
5183,10,Venice-2,1920,1080,283,./dataset/train/Venice-2/img1/000284.jpg
5184,10,Venice-2,1920,1080,284,./dataset/train/Venice-2/img1/000285.jpg
5185,10,Venice-2,1920,1080,285,./dataset/train/Venice-2/img1/000286.jpg
5186,10,Venice-2,1920,1080,286,./dataset/train/Venice-2/img1/000287.jpg
5187,10,Venice-2,1920,1080,287,./dataset/train/Venice-2/img1/000288.jpg
5188,10,Venice-2,1920,1080,288,./dataset/train/Venice-2/img1/000289.jpg
5189,10,Venice-2,1920,1080,289,./dataset/train/Venice-2/img1/000290.jpg
5190,10,Venice-2,1920,1080,290,./dataset/train/Venice-2/img1/000291.jpg
5191,10,Venice-2,1920,1080,291,./dataset/train/Venice-2/img1/000292.jpg
5192,10,Venice-2,1920,1080,292,./dataset/train/Venice-2/img1/000293.jpg
5193,10,Venice-2,1920,1080,293,./dataset/train/Venice-2/img1/000294.jpg
5194,10,Venice-2,1920,1080,294,./dataset/train/Venice-2/img1/000295.jpg
5195,10,Venice-2,1920,1080,295,./dataset/train/Venice-2/img1/000296.jpg
5196,10,Venice-2,1920,1080,296,./dataset/train/Venice-2/img1/000297.jpg
5197,10,Venice-2,1920,1080,297,./dataset/train/Venice-2/img1/000298.jpg
5198,10,Venice-2,1920,1080,298,./dataset/train/Venice-2/img1/000299.jpg
5199,10,Venice-2,1920,1080,299,./dataset/train/Venice-2/img1/000300.jpg
5200,10,Venice-2,1920,1080,300,./dataset/train/Venice-2/img1/000301.jpg
5201,10,Venice-2,1920,1080,301,./dataset/train/Venice-2/img1/000302.jpg
5202,10,Venice-2,1920,1080,302,./dataset/train/Venice-2/img1/000303.jpg
5203,10,Venice-2,1920,1080,303,./dataset/train/Venice-2/img1/000304.jpg
5204,10,Venice-2,1920,1080,304,./dataset/train/Venice-2/img1/000305.jpg
5205,10,Venice-2,1920,1080,305,./dataset/train/Venice-2/img1/000306.jpg
5206,10,Venice-2,1920,1080,306,./dataset/train/Venice-2/img1/000307.jpg
5207,10,Venice-2,1920,1080,307,./dataset/train/Venice-2/img1/000308.jpg
5208,10,Venice-2,1920,1080,308,./dataset/train/Venice-2/img1/000309.jpg
5209,10,Venice-2,1920,1080,309,./dataset/train/Venice-2/img1/000310.jpg
5210,10,Venice-2,1920,1080,310,./dataset/train/Venice-2/img1/000311.jpg
5211,10,Venice-2,1920,1080,311,./dataset/train/Venice-2/img1/000312.jpg
5212,10,Venice-2,1920,1080,312,./dataset/train/Venice-2/img1/000313.jpg
5213,10,Venice-2,1920,1080,313,./dataset/train/Venice-2/img1/000314.jpg
5214,10,Venice-2,1920,1080,314,./dataset/train/Venice-2/img1/000315.jpg
5215,10,Venice-2,1920,1080,315,./dataset/train/Venice-2/img1/000316.jpg
5216,10,Venice-2,1920,1080,316,./dataset/train/Venice-2/img1/000317.jpg
5217,10,Venice-2,1920,1080,317,./dataset/train/Venice-2/img1/000318.jpg
5218,10,Venice-2,1920,1080,318,./dataset/train/Venice-2/img1/000319.jpg
5219,10,Venice-2,1920,1080,319,./dataset/train/Venice-2/img1/000320.jpg
5220,10,Venice-2,1920,1080,320,./dataset/train/Venice-2/img1/000321.jpg
5221,10,Venice-2,1920,1080,321,./dataset/train/Venice-2/img1/000322.jpg
5222,10,Venice-2,1920,1080,322,./dataset/train/Venice-2/img1/000323.jpg
5223,10,Venice-2,1920,1080,323,./dataset/train/Venice-2/img1/000324.jpg
5224,10,Venice-2,1920,1080,324,./dataset/train/Venice-2/img1/000325.jpg
5225,10,Venice-2,1920,1080,325,./dataset/train/Venice-2/img1/000326.jpg
5226,10,Venice-2,1920,1080,326,./dataset/train/Venice-2/img1/000327.jpg
5227,10,Venice-2,1920,1080,327,./dataset/train/Venice-2/img1/000328.jpg
5228,10,Venice-2,1920,1080,328,./dataset/train/Venice-2/img1/000329.jpg
5229,10,Venice-2,1920,1080,329,./dataset/train/Venice-2/img1/000330.jpg
5230,10,Venice-2,1920,1080,330,./dataset/train/Venice-2/img1/000331.jpg
5231,10,Venice-2,1920,1080,331,./dataset/train/Venice-2/img1/000332.jpg
5232,10,Venice-2,1920,1080,332,./dataset/train/Venice-2/img1/000333.jpg
5233,10,Venice-2,1920,1080,333,./dataset/train/Venice-2/img1/000334.jpg
5234,10,Venice-2,1920,1080,334,./dataset/train/Venice-2/img1/000335.jpg
5235,10,Venice-2,1920,1080,335,./dataset/train/Venice-2/img1/000336.jpg
5236,10,Venice-2,1920,1080,336,./dataset/train/Venice-2/img1/000337.jpg
5237,10,Venice-2,1920,1080,337,./dataset/train/Venice-2/img1/000338.jpg
5238,10,Venice-2,1920,1080,338,./dataset/train/Venice-2/img1/000339.jpg
5239,10,Venice-2,1920,1080,339,./dataset/train/Venice-2/img1/000340.jpg
5240,10,Venice-2,1920,1080,340,./dataset/train/Venice-2/img1/000341.jpg
5241,10,Venice-2,1920,1080,341,./dataset/train/Venice-2/img1/000342.jpg
5242,10,Venice-2,1920,1080,342,./dataset/train/Venice-2/img1/000343.jpg
5243,10,Venice-2,1920,1080,343,./dataset/train/Venice-2/img1/000344.jpg
5244,10,Venice-2,1920,1080,344,./dataset/train/Venice-2/img1/000345.jpg
5245,10,Venice-2,1920,1080,345,./dataset/train/Venice-2/img1/000346.jpg
5246,10,Venice-2,1920,1080,346,./dataset/train/Venice-2/img1/000347.jpg
5247,10,Venice-2,1920,1080,347,./dataset/train/Venice-2/img1/000348.jpg
5248,10,Venice-2,1920,1080,348,./dataset/train/Venice-2/img1/000349.jpg
5249,10,Venice-2,1920,1080,349,./dataset/train/Venice-2/img1/000350.jpg
5250,10,Venice-2,1920,1080,350,./dataset/train/Venice-2/img1/000351.jpg
5251,10,Venice-2,1920,1080,351,./dataset/train/Venice-2/img1/000352.jpg
5252,10,Venice-2,1920,1080,352,./dataset/train/Venice-2/img1/000353.jpg
5253,10,Venice-2,1920,1080,353,./dataset/train/Venice-2/img1/000354.jpg
5254,10,Venice-2,1920,1080,354,./dataset/train/Venice-2/img1/000355.jpg
5255,10,Venice-2,1920,1080,355,./dataset/train/Venice-2/img1/000356.jpg
5256,10,Venice-2,1920,1080,356,./dataset/train/Venice-2/img1/000357.jpg
5257,10,Venice-2,1920,1080,357,./dataset/train/Venice-2/img1/000358.jpg
5258,10,Venice-2,1920,1080,358,./dataset/train/Venice-2/img1/000359.jpg
5259,10,Venice-2,1920,1080,359,./dataset/train/Venice-2/img1/000360.jpg
5260,10,Venice-2,1920,1080,360,./dataset/train/Venice-2/img1/000361.jpg
5261,10,Venice-2,1920,1080,361,./dataset/train/Venice-2/img1/000362.jpg
5262,10,Venice-2,1920,1080,362,./dataset/train/Venice-2/img1/000363.jpg
5263,10,Venice-2,1920,1080,363,./dataset/train/Venice-2/img1/000364.jpg
5264,10,Venice-2,1920,1080,364,./dataset/train/Venice-2/img1/000365.jpg
5265,10,Venice-2,1920,1080,365,./dataset/train/Venice-2/img1/000366.jpg
5266,10,Venice-2,1920,1080,366,./dataset/train/Venice-2/img1/000367.jpg
5267,10,Venice-2,1920,1080,367,./dataset/train/Venice-2/img1/000368.jpg
5268,10,Venice-2,1920,1080,368,./dataset/train/Venice-2/img1/000369.jpg
5269,10,Venice-2,1920,1080,369,./dataset/train/Venice-2/img1/000370.jpg
5270,10,Venice-2,1920,1080,370,./dataset/train/Venice-2/img1/000371.jpg
5271,10,Venice-2,1920,1080,371,./dataset/train/Venice-2/img1/000372.jpg
5272,10,Venice-2,1920,1080,372,./dataset/train/Venice-2/img1/000373.jpg
5273,10,Venice-2,1920,1080,373,./dataset/train/Venice-2/img1/000374.jpg
5274,10,Venice-2,1920,1080,374,./dataset/train/Venice-2/img1/000375.jpg
5275,10,Venice-2,1920,1080,375,./dataset/train/Venice-2/img1/000376.jpg
5276,10,Venice-2,1920,1080,376,./dataset/train/Venice-2/img1/000377.jpg
5277,10,Venice-2,1920,1080,377,./dataset/train/Venice-2/img1/000378.jpg
5278,10,Venice-2,1920,1080,378,./dataset/train/Venice-2/img1/000379.jpg
5279,10,Venice-2,1920,1080,379,./dataset/train/Venice-2/img1/000380.jpg
5280,10,Venice-2,1920,1080,380,./dataset/train/Venice-2/img1/000381.jpg
5281,10,Venice-2,1920,1080,381,./dataset/train/Venice-2/img1/000382.jpg
5282,10,Venice-2,1920,1080,382,./dataset/train/Venice-2/img1/000383.jpg
5283,10,Venice-2,1920,1080,383,./dataset/train/Venice-2/img1/000384.jpg
5284,10,Venice-2,1920,1080,384,./dataset/train/Venice-2/img1/000385.jpg
5285,10,Venice-2,1920,1080,385,./dataset/train/Venice-2/img1/000386.jpg
5286,10,Venice-2,1920,1080,386,./dataset/train/Venice-2/img1/000387.jpg
5287,10,Venice-2,1920,1080,387,./dataset/train/Venice-2/img1/000388.jpg
5288,10,Venice-2,1920,1080,388,./dataset/train/Venice-2/img1/000389.jpg
5289,10,Venice-2,1920,1080,389,./dataset/train/Venice-2/img1/000390.jpg
5290,10,Venice-2,1920,1080,390,./dataset/train/Venice-2/img1/000391.jpg
5291,10,Venice-2,1920,1080,391,./dataset/train/Venice-2/img1/000392.jpg
5292,10,Venice-2,1920,1080,392,./dataset/train/Venice-2/img1/000393.jpg
5293,10,Venice-2,1920,1080,393,./dataset/train/Venice-2/img1/000394.jpg
5294,10,Venice-2,1920,1080,394,./dataset/train/Venice-2/img1/000395.jpg
5295,10,Venice-2,1920,1080,395,./dataset/train/Venice-2/img1/000396.jpg
5296,10,Venice-2,1920,1080,396,./dataset/train/Venice-2/img1/000397.jpg
5297,10,Venice-2,1920,1080,397,./dataset/train/Venice-2/img1/000398.jpg
5298,10,Venice-2,1920,1080,398,./dataset/train/Venice-2/img1/000399.jpg
5299,10,Venice-2,1920,1080,399,./dataset/train/Venice-2/img1/000400.jpg
5300,10,Venice-2,1920,1080,400,./dataset/train/Venice-2/img1/000401.jpg
5301,10,Venice-2,1920,1080,401,./dataset/train/Venice-2/img1/000402.jpg
5302,10,Venice-2,1920,1080,402,./dataset/train/Venice-2/img1/000403.jpg
5303,10,Venice-2,1920,1080,403,./dataset/train/Venice-2/img1/000404.jpg
5304,10,Venice-2,1920,1080,404,./dataset/train/Venice-2/img1/000405.jpg
5305,10,Venice-2,1920,1080,405,./dataset/train/Venice-2/img1/000406.jpg
5306,10,Venice-2,1920,1080,406,./dataset/train/Venice-2/img1/000407.jpg
5307,10,Venice-2,1920,1080,407,./dataset/train/Venice-2/img1/000408.jpg
5308,10,Venice-2,1920,1080,408,./dataset/train/Venice-2/img1/000409.jpg
5309,10,Venice-2,1920,1080,409,./dataset/train/Venice-2/img1/000410.jpg
5310,10,Venice-2,1920,1080,410,./dataset/train/Venice-2/img1/000411.jpg
5311,10,Venice-2,1920,1080,411,./dataset/train/Venice-2/img1/000412.jpg
5312,10,Venice-2,1920,1080,412,./dataset/train/Venice-2/img1/000413.jpg
5313,10,Venice-2,1920,1080,413,./dataset/train/Venice-2/img1/000414.jpg
5314,10,Venice-2,1920,1080,414,./dataset/train/Venice-2/img1/000415.jpg
5315,10,Venice-2,1920,1080,415,./dataset/train/Venice-2/img1/000416.jpg
5316,10,Venice-2,1920,1080,416,./dataset/train/Venice-2/img1/000417.jpg
5317,10,Venice-2,1920,1080,417,./dataset/train/Venice-2/img1/000418.jpg
5318,10,Venice-2,1920,1080,418,./dataset/train/Venice-2/img1/000419.jpg
5319,10,Venice-2,1920,1080,419,./dataset/train/Venice-2/img1/000420.jpg
5320,10,Venice-2,1920,1080,420,./dataset/train/Venice-2/img1/000421.jpg
5321,10,Venice-2,1920,1080,421,./dataset/train/Venice-2/img1/000422.jpg
5322,10,Venice-2,1920,1080,422,./dataset/train/Venice-2/img1/000423.jpg
5323,10,Venice-2,1920,1080,423,./dataset/train/Venice-2/img1/000424.jpg
5324,10,Venice-2,1920,1080,424,./dataset/train/Venice-2/img1/000425.jpg
5325,10,Venice-2,1920,1080,425,./dataset/train/Venice-2/img1/000426.jpg
5326,10,Venice-2,1920,1080,426,./dataset/train/Venice-2/img1/000427.jpg
5327,10,Venice-2,1920,1080,427,./dataset/train/Venice-2/img1/000428.jpg
5328,10,Venice-2,1920,1080,428,./dataset/train/Venice-2/img1/000429.jpg
5329,10,Venice-2,1920,1080,429,./dataset/train/Venice-2/img1/000430.jpg
5330,10,Venice-2,1920,1080,430,./dataset/train/Venice-2/img1/000431.jpg
5331,10,Venice-2,1920,1080,431,./dataset/train/Venice-2/img1/000432.jpg
5332,10,Venice-2,1920,1080,432,./dataset/train/Venice-2/img1/000433.jpg
5333,10,Venice-2,1920,1080,433,./dataset/train/Venice-2/img1/000434.jpg
5334,10,Venice-2,1920,1080,434,./dataset/train/Venice-2/img1/000435.jpg
5335,10,Venice-2,1920,1080,435,./dataset/train/Venice-2/img1/000436.jpg
5336,10,Venice-2,1920,1080,436,./dataset/train/Venice-2/img1/000437.jpg
5337,10,Venice-2,1920,1080,437,./dataset/train/Venice-2/img1/000438.jpg
5338,10,Venice-2,1920,1080,438,./dataset/train/Venice-2/img1/000439.jpg
5339,10,Venice-2,1920,1080,439,./dataset/train/Venice-2/img1/000440.jpg
5340,10,Venice-2,1920,1080,440,./dataset/train/Venice-2/img1/000441.jpg
5341,10,Venice-2,1920,1080,441,./dataset/train/Venice-2/img1/000442.jpg
5342,10,Venice-2,1920,1080,442,./dataset/train/Venice-2/img1/000443.jpg
5343,10,Venice-2,1920,1080,443,./dataset/train/Venice-2/img1/000444.jpg
5344,10,Venice-2,1920,1080,444,./dataset/train/Venice-2/img1/000445.jpg
5345,10,Venice-2,1920,1080,445,./dataset/train/Venice-2/img1/000446.jpg
5346,10,Venice-2,1920,1080,446,./dataset/train/Venice-2/img1/000447.jpg
5347,10,Venice-2,1920,1080,447,./dataset/train/Venice-2/img1/000448.jpg
5348,10,Venice-2,1920,1080,448,./dataset/train/Venice-2/img1/000449.jpg
5349,10,Venice-2,1920,1080,449,./dataset/train/Venice-2/img1/000450.jpg
5350,10,Venice-2,1920,1080,450,./dataset/train/Venice-2/img1/000451.jpg
5351,10,Venice-2,1920,1080,451,./dataset/train/Venice-2/img1/000452.jpg
5352,10,Venice-2,1920,1080,452,./dataset/train/Venice-2/img1/000453.jpg
5353,10,Venice-2,1920,1080,453,./dataset/train/Venice-2/img1/000454.jpg
5354,10,Venice-2,1920,1080,454,./dataset/train/Venice-2/img1/000455.jpg
5355,10,Venice-2,1920,1080,455,./dataset/train/Venice-2/img1/000456.jpg
5356,10,Venice-2,1920,1080,456,./dataset/train/Venice-2/img1/000457.jpg
5357,10,Venice-2,1920,1080,457,./dataset/train/Venice-2/img1/000458.jpg
5358,10,Venice-2,1920,1080,458,./dataset/train/Venice-2/img1/000459.jpg
5359,10,Venice-2,1920,1080,459,./dataset/train/Venice-2/img1/000460.jpg
5360,10,Venice-2,1920,1080,460,./dataset/train/Venice-2/img1/000461.jpg
5361,10,Venice-2,1920,1080,461,./dataset/train/Venice-2/img1/000462.jpg
5362,10,Venice-2,1920,1080,462,./dataset/train/Venice-2/img1/000463.jpg
5363,10,Venice-2,1920,1080,463,./dataset/train/Venice-2/img1/000464.jpg
5364,10,Venice-2,1920,1080,464,./dataset/train/Venice-2/img1/000465.jpg
5365,10,Venice-2,1920,1080,465,./dataset/train/Venice-2/img1/000466.jpg
5366,10,Venice-2,1920,1080,466,./dataset/train/Venice-2/img1/000467.jpg
5367,10,Venice-2,1920,1080,467,./dataset/train/Venice-2/img1/000468.jpg
5368,10,Venice-2,1920,1080,468,./dataset/train/Venice-2/img1/000469.jpg
5369,10,Venice-2,1920,1080,469,./dataset/train/Venice-2/img1/000470.jpg
5370,10,Venice-2,1920,1080,470,./dataset/train/Venice-2/img1/000471.jpg
5371,10,Venice-2,1920,1080,471,./dataset/train/Venice-2/img1/000472.jpg
5372,10,Venice-2,1920,1080,472,./dataset/train/Venice-2/img1/000473.jpg
5373,10,Venice-2,1920,1080,473,./dataset/train/Venice-2/img1/000474.jpg
5374,10,Venice-2,1920,1080,474,./dataset/train/Venice-2/img1/000475.jpg
5375,10,Venice-2,1920,1080,475,./dataset/train/Venice-2/img1/000476.jpg
5376,10,Venice-2,1920,1080,476,./dataset/train/Venice-2/img1/000477.jpg
5377,10,Venice-2,1920,1080,477,./dataset/train/Venice-2/img1/000478.jpg
5378,10,Venice-2,1920,1080,478,./dataset/train/Venice-2/img1/000479.jpg
5379,10,Venice-2,1920,1080,479,./dataset/train/Venice-2/img1/000480.jpg
5380,10,Venice-2,1920,1080,480,./dataset/train/Venice-2/img1/000481.jpg
5381,10,Venice-2,1920,1080,481,./dataset/train/Venice-2/img1/000482.jpg
5382,10,Venice-2,1920,1080,482,./dataset/train/Venice-2/img1/000483.jpg
5383,10,Venice-2,1920,1080,483,./dataset/train/Venice-2/img1/000484.jpg
5384,10,Venice-2,1920,1080,484,./dataset/train/Venice-2/img1/000485.jpg
5385,10,Venice-2,1920,1080,485,./dataset/train/Venice-2/img1/000486.jpg
5386,10,Venice-2,1920,1080,486,./dataset/train/Venice-2/img1/000487.jpg
5387,10,Venice-2,1920,1080,487,./dataset/train/Venice-2/img1/000488.jpg
5388,10,Venice-2,1920,1080,488,./dataset/train/Venice-2/img1/000489.jpg
5389,10,Venice-2,1920,1080,489,./dataset/train/Venice-2/img1/000490.jpg
5390,10,Venice-2,1920,1080,490,./dataset/train/Venice-2/img1/000491.jpg
5391,10,Venice-2,1920,1080,491,./dataset/train/Venice-2/img1/000492.jpg
5392,10,Venice-2,1920,1080,492,./dataset/train/Venice-2/img1/000493.jpg
5393,10,Venice-2,1920,1080,493,./dataset/train/Venice-2/img1/000494.jpg
5394,10,Venice-2,1920,1080,494,./dataset/train/Venice-2/img1/000495.jpg
5395,10,Venice-2,1920,1080,495,./dataset/train/Venice-2/img1/000496.jpg
5396,10,Venice-2,1920,1080,496,./dataset/train/Venice-2/img1/000497.jpg
5397,10,Venice-2,1920,1080,497,./dataset/train/Venice-2/img1/000498.jpg
5398,10,Venice-2,1920,1080,498,./dataset/train/Venice-2/img1/000499.jpg
5399,10,Venice-2,1920,1080,499,./dataset/train/Venice-2/img1/000500.jpg
5400,10,Venice-2,1920,1080,500,./dataset/train/Venice-2/img1/000501.jpg
5401,10,Venice-2,1920,1080,501,./dataset/train/Venice-2/img1/000502.jpg
5402,10,Venice-2,1920,1080,502,./dataset/train/Venice-2/img1/000503.jpg
5403,10,Venice-2,1920,1080,503,./dataset/train/Venice-2/img1/000504.jpg
5404,10,Venice-2,1920,1080,504,./dataset/train/Venice-2/img1/000505.jpg
5405,10,Venice-2,1920,1080,505,./dataset/train/Venice-2/img1/000506.jpg
5406,10,Venice-2,1920,1080,506,./dataset/train/Venice-2/img1/000507.jpg
5407,10,Venice-2,1920,1080,507,./dataset/train/Venice-2/img1/000508.jpg
5408,10,Venice-2,1920,1080,508,./dataset/train/Venice-2/img1/000509.jpg
5409,10,Venice-2,1920,1080,509,./dataset/train/Venice-2/img1/000510.jpg
5410,10,Venice-2,1920,1080,510,./dataset/train/Venice-2/img1/000511.jpg
5411,10,Venice-2,1920,1080,511,./dataset/train/Venice-2/img1/000512.jpg
5412,10,Venice-2,1920,1080,512,./dataset/train/Venice-2/img1/000513.jpg
5413,10,Venice-2,1920,1080,513,./dataset/train/Venice-2/img1/000514.jpg
5414,10,Venice-2,1920,1080,514,./dataset/train/Venice-2/img1/000515.jpg
5415,10,Venice-2,1920,1080,515,./dataset/train/Venice-2/img1/000516.jpg
5416,10,Venice-2,1920,1080,516,./dataset/train/Venice-2/img1/000517.jpg
5417,10,Venice-2,1920,1080,517,./dataset/train/Venice-2/img1/000518.jpg
5418,10,Venice-2,1920,1080,518,./dataset/train/Venice-2/img1/000519.jpg
5419,10,Venice-2,1920,1080,519,./dataset/train/Venice-2/img1/000520.jpg
5420,10,Venice-2,1920,1080,520,./dataset/train/Venice-2/img1/000521.jpg
5421,10,Venice-2,1920,1080,521,./dataset/train/Venice-2/img1/000522.jpg
5422,10,Venice-2,1920,1080,522,./dataset/train/Venice-2/img1/000523.jpg
5423,10,Venice-2,1920,1080,523,./dataset/train/Venice-2/img1/000524.jpg
5424,10,Venice-2,1920,1080,524,./dataset/train/Venice-2/img1/000525.jpg
5425,10,Venice-2,1920,1080,525,./dataset/train/Venice-2/img1/000526.jpg
5426,10,Venice-2,1920,1080,526,./dataset/train/Venice-2/img1/000527.jpg
5427,10,Venice-2,1920,1080,527,./dataset/train/Venice-2/img1/000528.jpg
5428,10,Venice-2,1920,1080,528,./dataset/train/Venice-2/img1/000529.jpg
5429,10,Venice-2,1920,1080,529,./dataset/train/Venice-2/img1/000530.jpg
5430,10,Venice-2,1920,1080,530,./dataset/train/Venice-2/img1/000531.jpg
5431,10,Venice-2,1920,1080,531,./dataset/train/Venice-2/img1/000532.jpg
5432,10,Venice-2,1920,1080,532,./dataset/train/Venice-2/img1/000533.jpg
5433,10,Venice-2,1920,1080,533,./dataset/train/Venice-2/img1/000534.jpg
5434,10,Venice-2,1920,1080,534,./dataset/train/Venice-2/img1/000535.jpg
5435,10,Venice-2,1920,1080,535,./dataset/train/Venice-2/img1/000536.jpg
5436,10,Venice-2,1920,1080,536,./dataset/train/Venice-2/img1/000537.jpg
5437,10,Venice-2,1920,1080,537,./dataset/train/Venice-2/img1/000538.jpg
5438,10,Venice-2,1920,1080,538,./dataset/train/Venice-2/img1/000539.jpg
5439,10,Venice-2,1920,1080,539,./dataset/train/Venice-2/img1/000540.jpg
5440,10,Venice-2,1920,1080,540,./dataset/train/Venice-2/img1/000541.jpg
5441,10,Venice-2,1920,1080,541,./dataset/train/Venice-2/img1/000542.jpg
5442,10,Venice-2,1920,1080,542,./dataset/train/Venice-2/img1/000543.jpg
5443,10,Venice-2,1920,1080,543,./dataset/train/Venice-2/img1/000544.jpg
5444,10,Venice-2,1920,1080,544,./dataset/train/Venice-2/img1/000545.jpg
5445,10,Venice-2,1920,1080,545,./dataset/train/Venice-2/img1/000546.jpg
5446,10,Venice-2,1920,1080,546,./dataset/train/Venice-2/img1/000547.jpg
5447,10,Venice-2,1920,1080,547,./dataset/train/Venice-2/img1/000548.jpg
5448,10,Venice-2,1920,1080,548,./dataset/train/Venice-2/img1/000549.jpg
5449,10,Venice-2,1920,1080,549,./dataset/train/Venice-2/img1/000550.jpg
5450,10,Venice-2,1920,1080,550,./dataset/train/Venice-2/img1/000551.jpg
5451,10,Venice-2,1920,1080,551,./dataset/train/Venice-2/img1/000552.jpg
5452,10,Venice-2,1920,1080,552,./dataset/train/Venice-2/img1/000553.jpg
5453,10,Venice-2,1920,1080,553,./dataset/train/Venice-2/img1/000554.jpg
5454,10,Venice-2,1920,1080,554,./dataset/train/Venice-2/img1/000555.jpg
5455,10,Venice-2,1920,1080,555,./dataset/train/Venice-2/img1/000556.jpg
5456,10,Venice-2,1920,1080,556,./dataset/train/Venice-2/img1/000557.jpg
5457,10,Venice-2,1920,1080,557,./dataset/train/Venice-2/img1/000558.jpg
5458,10,Venice-2,1920,1080,558,./dataset/train/Venice-2/img1/000559.jpg
5459,10,Venice-2,1920,1080,559,./dataset/train/Venice-2/img1/000560.jpg
5460,10,Venice-2,1920,1080,560,./dataset/train/Venice-2/img1/000561.jpg
5461,10,Venice-2,1920,1080,561,./dataset/train/Venice-2/img1/000562.jpg
5462,10,Venice-2,1920,1080,562,./dataset/train/Venice-2/img1/000563.jpg
5463,10,Venice-2,1920,1080,563,./dataset/train/Venice-2/img1/000564.jpg
5464,10,Venice-2,1920,1080,564,./dataset/train/Venice-2/img1/000565.jpg
5465,10,Venice-2,1920,1080,565,./dataset/train/Venice-2/img1/000566.jpg
5466,10,Venice-2,1920,1080,566,./dataset/train/Venice-2/img1/000567.jpg
5467,10,Venice-2,1920,1080,567,./dataset/train/Venice-2/img1/000568.jpg
5468,10,Venice-2,1920,1080,568,./dataset/train/Venice-2/img1/000569.jpg
5469,10,Venice-2,1920,1080,569,./dataset/train/Venice-2/img1/000570.jpg
5470,10,Venice-2,1920,1080,570,./dataset/train/Venice-2/img1/000571.jpg
5471,10,Venice-2,1920,1080,571,./dataset/train/Venice-2/img1/000572.jpg
5472,10,Venice-2,1920,1080,572,./dataset/train/Venice-2/img1/000573.jpg
5473,10,Venice-2,1920,1080,573,./dataset/train/Venice-2/img1/000574.jpg
5474,10,Venice-2,1920,1080,574,./dataset/train/Venice-2/img1/000575.jpg
5475,10,Venice-2,1920,1080,575,./dataset/train/Venice-2/img1/000576.jpg
5476,10,Venice-2,1920,1080,576,./dataset/train/Venice-2/img1/000577.jpg
5477,10,Venice-2,1920,1080,577,./dataset/train/Venice-2/img1/000578.jpg
5478,10,Venice-2,1920,1080,578,./dataset/train/Venice-2/img1/000579.jpg
5479,10,Venice-2,1920,1080,579,./dataset/train/Venice-2/img1/000580.jpg
5480,10,Venice-2,1920,1080,580,./dataset/train/Venice-2/img1/000581.jpg
5481,10,Venice-2,1920,1080,581,./dataset/train/Venice-2/img1/000582.jpg
5482,10,Venice-2,1920,1080,582,./dataset/train/Venice-2/img1/000583.jpg
5483,10,Venice-2,1920,1080,583,./dataset/train/Venice-2/img1/000584.jpg
5484,10,Venice-2,1920,1080,584,./dataset/train/Venice-2/img1/000585.jpg
5485,10,Venice-2,1920,1080,585,./dataset/train/Venice-2/img1/000586.jpg
5486,10,Venice-2,1920,1080,586,./dataset/train/Venice-2/img1/000587.jpg
5487,10,Venice-2,1920,1080,587,./dataset/train/Venice-2/img1/000588.jpg
5488,10,Venice-2,1920,1080,588,./dataset/train/Venice-2/img1/000589.jpg
5489,10,Venice-2,1920,1080,589,./dataset/train/Venice-2/img1/000590.jpg
5490,10,Venice-2,1920,1080,590,./dataset/train/Venice-2/img1/000591.jpg
5491,10,Venice-2,1920,1080,591,./dataset/train/Venice-2/img1/000592.jpg
5492,10,Venice-2,1920,1080,592,./dataset/train/Venice-2/img1/000593.jpg
5493,10,Venice-2,1920,1080,593,./dataset/train/Venice-2/img1/000594.jpg
5494,10,Venice-2,1920,1080,594,./dataset/train/Venice-2/img1/000595.jpg
5495,10,Venice-2,1920,1080,595,./dataset/train/Venice-2/img1/000596.jpg
5496,10,Venice-2,1920,1080,596,./dataset/train/Venice-2/img1/000597.jpg
5497,10,Venice-2,1920,1080,597,./dataset/train/Venice-2/img1/000598.jpg
5498,10,Venice-2,1920,1080,598,./dataset/train/Venice-2/img1/000599.jpg
5499,10,Venice-2,1920,1080,599,./dataset/train/Venice-2/img1/000600.jpg
